adjudication_instance_id,adjudication_id,incident_id,document_id,event_id,session_type,incident_family,accused_driver_number,affected_driver_numbers,location_model_reviewed,lap_model_reviewed,incident_lap_candidate,incident_lap_basis,incident_lap_window_min,incident_lap_window_max,possible_accused_laps,clock_lower_utc,clock_upper_utc,clock_mapping_basis,referral_episode_id,referral_link_status,referral_link_score,message_lap_upper_bound,message_lap_last,race_control_process_statuses,race_control_messages_json,first_lap_candidate,wet_track_candidate,safety_car_restart_candidate,attacker_line_candidate,overlap_candidate,corner_phase_candidate,control_error_candidate,context_evidence_json,context_review_status,timing_review_status,context_reviewer_id,context_reviewed_at,context_review_notes,guideline_regime,outcome_family,penalty_seconds,penalty_points,grid_places,fault_language,match_incident_key,sanction_outcome,fault_conditioned_group_size,conditional_analysis_status
adjudication-seed-fia-2018-aze-1bbf84530187-01,adj-e467c6122d516580,incident-src-e467c6122d516580,fia-2018-aze-1bbf84530187,2018-aze,Race,causing_collision,33,3,Turn 20,,40,fia_incident_clock_single_lap_interval,40,40,40,2018-04-29T13:29:00+00:00,2018-04-29T13:30:00+00:00,fia_clock_lap_interval,referral-fa03188bfc3f5b32,candidate_pending_review,8.0,50.0,50.0,post_session_investigation,"[""TURN 1 INCIDENT INVOLVING CARS 3 (RIC) AND 33 (VER) WILL BE INVESTIGATED AFTER THE RACE""]",False,False,False,unknown,unknown,unknown,False,{},machine_extracted_pending_human_review,pending_human_review,,,,pre_driving_guidelines,reprimand,,,,shared_fault,referral-fa03188bfc3f5b32,True,8,descriptive_pending_human_review
adjudication-seed-fia-2018-aze-23f8b0b5b715-01,adj-cbb36a04e5932d9a,incident-src-cbb36a04e5932d9a,fia-2018-aze-23f8b0b5b715,2018-aze,Race,causing_collision,9,20,Turn 2,,1,fia_incident_clock_single_lap_interval,1,1,1,2018-04-29T12:14:00+00:00,2018-04-29T12:15:00+00:00,fia_clock_lap_interval,referral-035f8d6260760de8,candidate_pending_review,10.0,20.0,20.0,investigation,"[""TURN 2 INCIDENT INVOLVING CARS 9 (ERI) AND 20 (MAG) UNDER INVESTIGATION""]",True,False,False,unknown,unknown,unknown,False,{},machine_extracted_pending_human_review,pending_human_review,,,,pre_driving_guidelines,time_penalty,10,2,,wholly_to_blame,referral-035f8d6260760de8,True,17,descriptive_pending_human_review
adjudication-seed-fia-2018-aze-4fbe7e105140-01,adj-915feddd8ae6b043,incident-src-915feddd8ae6b043,fia-2018-aze-4fbe7e105140,2018-aze,Race,causing_collision,35,11,Turn 2,,1,fia_incident_clock_single_lap_interval,1,1,1,2018-04-29T12:14:00+00:00,2018-04-29T12:15:00+00:00,fia_clock_lap_interval,,unmatched,,,,,,True,False,False,unknown,unknown,unknown,False,{},machine_extracted_pending_human_review,pending_human_review,,,,pre_driving_guidelines,grid_penalty,,2,3,wholly_to_blame,incident-src-915feddd8ae6b043,True,17,descriptive_pending_human_review
adjudication-seed-fia-2018-aze-94399ce60452-01,adj-fb216d7f0fbf8ff1,incident-src-fb216d7f0fbf8ff1,fia-2018-aze-94399ce60452,2018-aze,Race,causing_collision,3,33,Turn 20,,40,fia_incident_clock_single_lap_interval,40,40,40,2018-04-29T13:29:00+00:00,2018-04-29T13:30:00+00:00,fia_clock_lap_interval,referral-fa03188bfc3f5b32,candidate_pending_review,8.0,50.0,50.0,post_session_investigation,"[""TURN 1 INCIDENT INVOLVING CARS 3 (RIC) AND 33 (VER) WILL BE INVESTIGATED AFTER THE RACE""]",False,False,False,unknown,unknown,unknown,False,{},machine_extracted_pending_human_review,pending_human_review,,,,pre_driving_guidelines,reprimand,,,,shared_fault,referral-fa03188bfc3f5b32,True,8,descriptive_pending_human_review
adjudication-seed-fia-2018-aze-b6df36c282b7-01,adj-b5b3a795e56fb51d,incident-src-b5b3a795e56fb51d,fia-2018-aze-b6df36c282b7,2018-aze,Race,causing_collision,20,10,Turn 20,,,unresolved,47,48,47|48,2018-04-29T13:50:00+00:00,2018-04-29T13:51:00+00:00,fia_clock_lap_interval,referral-284df2fbe634a719,candidate_pending_review,10.0,51.0,51.0,post_session_investigation,"[""TURN 20 INCIDENT INVOLVING CARS 10 (GAS) AND 20 (MAG) WILL BE INVESTIGATED AFTER THE RACE""]",False,False,False,unknown,unknown,unknown,False,{},machine_extracted_pending_human_review,pending_human_review,,,,pre_driving_guidelines,time_penalty,10,2,,wholly_to_blame,referral-284df2fbe634a719,True,17,descriptive_pending_human_review
adjudication-seed-fia-2018-bel-5f9336c3c23e-01,adj-dad7e6d1095a4d05,incident-src-dad7e6d1095a4d05,fia-2018-bel-5f9336c3c23e,2018-bel,Race,causing_collision,77,35,Turn 1,,1,fia_incident_clock_single_lap_interval,1,1,1,2018-08-26T13:13:00+00:00,2018-08-26T13:14:00+00:00,fia_clock_lap_interval,,unmatched,,,,,,True,False,False,unknown,unknown,unknown,False,{},machine_extracted_pending_human_review,pending_human_review,,,,pre_driving_guidelines,time_penalty,5,2,,wholly_to_blame,incident-src-dad7e6d1095a4d05,True,17,descriptive_pending_human_review
adjudication-seed-fia-2018-bel-6346000a9777-01,adj-f2430a8dcab51295,incident-src-f2430a8dcab51295,fia-2018-bel-6346000a9777,2018-bel,Race,causing_collision,27,14,Turn 1,,1,fia_incident_clock_single_lap_interval,1,1,1,2018-08-26T13:13:00+00:00,2018-08-26T13:14:00+00:00,fia_clock_lap_interval,,unmatched,,,,,,True,False,False,unknown,unknown,unknown,False,{},machine_extracted_pending_human_review,pending_human_review,,,,pre_driving_guidelines,grid_penalty,,3,10,wholly_to_blame,incident-src-f2430a8dcab51295,True,17,descriptive_pending_human_review
adjudication-seed-fia-2018-bhr-37959695abd9-01,adj-f085f5d8e175f3e4,incident-src-f085f5d8e175f3e4,fia-2018-bhr-37959695abd9,2018-bhr,Race,causing_collision,28,11,Turn 4,,1,fia_incident_clock_single_lap_interval,1,1,1,2018-04-08T15:14:00+00:00,2018-04-08T15:15:00+00:00,fia_clock_pre_start_first_lap_tolerance,referral-d039353f8ed48fe0,high_confidence_algorithmic,15.0,7.0,12.0,investigation|sanction_announced|post_session_investigation,"[""TURN 4 INCIDENT INVOLVING CARS 11 (PER) AND 28 (HAR) UNDER INVESTIGATION - CAUSING A COLLISION"", ""10 SECOND TIME PENALTY FOR CAR 28 (HAR) - CAUSING A COLLISION"", ""INCIDENT INVOLVING CARS 11 (PER) AND 28 (HAR) UNDER INVESTIGATION - FAILURE TO MAINTAIN ORDER ON THE FORMATION LAP"", ""INCIDENT INVOLVING CARS 11 (PER) AND 28 (HAR) WILL BE INVESTIGATED AFTER THE RACE""]",True,False,False,unknown,unknown,unknown,False,{},machine_extracted_pending_human_review,pending_human_review,,,,pre_driving_guidelines,time_penalty,10,2,,wholly_to_blame,referral-d039353f8ed48fe0,True,17,descriptive_pending_human_review
adjudication-seed-fia-2018-chn-ad3c0076d583-01,adj-171323b01c7fd2e4,incident-src-171323b01c7fd2e4,fia-2018-chn-ad3c0076d583,2018-chn,Race,causing_collision,10,28,Turn 14,,29,fia_incident_clock_single_lap_interval,29,29,29,2018-04-15T07:02:00+00:00,2018-04-15T07:03:00+00:00,fia_clock_lap_interval,referral-da0e54c0187d0fbe,high_confidence_algorithmic,15.0,32.0,36.0,investigation|sanction_announced,"[""TURN 14 INCIDENT INVOLVING CARS 10 (GAS) AND 28 (HAR) UNDER INVESTIGATION - CAUSING A COLLISION"", ""10 SECOND TIME PENALTY FOR CAR 10 (GAS) - CAUSING A COLLISION""]",False,False,False,unknown,unknown,unknown,False,{},machine_extracted_pending_human_review,pending_human_review,,,,pre_driving_guidelines,time_penalty,10,2,,predominantly_to_blame,referral-da0e54c0187d0fbe,True,15,descriptive_pending_human_review
adjudication-seed-fia-2018-chn-e98fbe4695b8-01,adj-04b290c26ab9e55d,incident-src-04b290c26ab9e55d,fia-2018-chn-e98fbe4695b8,2018-chn,Race,causing_collision,33,5,Turn 14,,,unresolved,43,44,43|44,2018-04-15T07:28:00+00:00,2018-04-15T07:29:00+00:00,fia_clock_lap_interval,referral-07b5cb573e331c13,high_confidence_algorithmic,15.0,44.0,46.0,investigation|sanction_announced,"[""TURN 14 INCIDENT INVOLVING CARS 5 (VET) AND 33 (VER) UNDER INVESTIGATION - CAUSING A COLLISION"", ""10 SECOND TIME PENALTY FOR CAR 33 (VER) - CAUSING A COLLISION""]",False,False,False,unknown,unknown,unknown,False,{},machine_extracted_pending_human_review,pending_human_review,,,,pre_driving_guidelines,time_penalty,10,2,,predominantly_to_blame,referral-07b5cb573e331c13,True,15,descriptive_pending_human_review
adjudication-seed-fia-2018-fra-505561fd0edc-01,adj-7f9ab5cd4940bce4,incident-src-7f9ab5cd4940bce4,fia-2018-fra-505561fd0edc,2018-fra,Race,causing_collision,31,10,Turn 3,,1,fia_incident_clock_single_lap_interval,1,1,1,2018-06-24T14:13:00+00:00,2018-06-24T14:14:00+00:00,fia_clock_lap_interval,referral-b8d75cb18fc7f059,candidate_pending_review,11.0,3.0,5.0,investigation|post_session_investigation,"[""INCIDENT INVOLVING CARS 10 (GAS) AND 31 (OCO) UNDER INVESTIGATION - CAUSING A COLLISION"", ""INCIDENT INVOLVING CARS 10 (GAS) AND 31 (OCO) WILL BE INVESTIGATED AFTER THE RACE""]",True,False,False,unknown,unknown,apex,False,"{""corner_phase"": [""The driver of car 31 was optimistic in his move from the left of the track across to the apex of the corner.""]}",machine_extracted_pending_human_review,pending_human_review,,,,pre_driving_guidelines,reprimand,,,,shared_fault,referral-b8d75cb18fc7f059,True,8,descriptive_pending_human_review
adjudication-seed-fia-2018-fra-db6e1870bc40-01,adj-ff2eb72501ff888f,incident-src-ff2eb72501ff888f,fia-2018-fra-db6e1870bc40,2018-fra,Race,causing_collision,10,31,Turn 3,,1,fia_incident_clock_single_lap_interval,1,1,1,2018-06-24T14:13:00+00:00,2018-06-24T14:14:00+00:00,fia_clock_lap_interval,referral-b8d75cb18fc7f059,candidate_pending_review,11.0,3.0,5.0,investigation|post_session_investigation,"[""INCIDENT INVOLVING CARS 10 (GAS) AND 31 (OCO) UNDER INVESTIGATION - CAUSING A COLLISION"", ""INCIDENT INVOLVING CARS 10 (GAS) AND 31 (OCO) WILL BE INVESTIGATED AFTER THE RACE""]",True,False,False,unknown,unknown,apex,False,"{""corner_phase"": [""The driver of car 31 was optimistic in his move from the left of the track across to the apex of the corner.""]}",machine_extracted_pending_human_review,pending_human_review,,,,pre_driving_guidelines,reprimand,,,,shared_fault,referral-b8d75cb18fc7f059,True,8,descriptive_pending_human_review
adjudication-seed-fia-2018-gbr-33466a876bdd-01,adj-f0f6dfe8d6cd5cc8,incident-src-f0f6dfe8d6cd5cc8,fia-2018-gbr-33466a876bdd,2018-gbr,Race,causing_collision,10,11,"Turns 17, 16",,51,race_control_explicit_lap_candidate_link,50,51,50|51,2018-07-08T14:38:00+00:00,2018-07-08T14:39:00+00:00,fia_clock_lap_interval,referral-bc126f304171b19a,candidate_pending_review,8.0,52.0,52.0,investigation,"[""LAP 51 TURN 17 INCIDENT INVOLVING CARS 10 (GAS) AND 11 (PER) UNDER INVESTIGATION""]",False,False,False,unknown,unknown,apex,False,"{""corner_phase"": [""However, Gasly touched the sausage kerb at the apex of turn 16 which caused him to collide with Perez.""]}",machine_extracted_pending_human_review,pending_human_review,,,,pre_driving_guidelines,time_penalty,5,2,,predominantly_to_blame,referral-bc126f304171b19a,True,15,descriptive_pending_human_review
adjudication-seed-fia-2018-mex-9fdf8480489c-01,adj-ed88cdc8e4ae5c06,incident-src-ed88cdc8e4ae5c06,fia-2018-mex-9fdf8480489c,2018-mex,Race,causing_collision,28,31,Turn 2,,,unresolved,38,39,38|39,2018-10-28T20:08:00+00:00,2018-10-28T20:09:00+00:00,fia_clock_lap_interval,referral-b17d5267b718b8b8,candidate_pending_review,10.0,44.0,44.0,investigation,"[""TURN 2 INCIDENT INVOLVING CARS 31 (OCO) AND 28 (HAR) UNDER INVESTIGATION""]",False,False,False,unknown,unknown,apex,False,"{""corner_phase"": [""The Stewards determined that Car 28 (Hartley) failed to leave sufficient room for Car 31 (Ocon) at the Apex of Turn 2 and was wholly to blame for the collision that followed.""]}",machine_extracted_pending_human_review,pending_human_review,,,,pre_driving_guidelines,time_penalty,5,2,,wholly_to_blame,referral-b17d5267b718b8b8,True,17,descriptive_pending_human_review
adjudication-seed-fia-2018-sgp-21e75b934044-01,adj-793e772ff47ab03e,incident-src-793e772ff47ab03e,fia-2018-sgp-21e75b934044,2018-sgp,Race,causing_collision,20,28,Turn 7,,,unresolved,34,35,34|35,2018-09-16T13:19:00+00:00,2018-09-16T13:20:00+00:00,fia_clock_lap_interval,referral-3d0594eb680a4801,candidate_pending_review,12.0,39.0,42.0,investigation|no_further_action,"[""TURN 7 INCIDENT INVOLVING CARS 20 (MAG) AND 28 (HAR) UNDER INVESTIGATION"", ""TURN 7 INCIDENT INVOLVING CARS 28 (HAR) AND 20 (MAG) - NO FURTHER ACTION""]",False,False,False,unknown,unknown,unknown,False,{},machine_extracted_pending_human_review,pending_human_review,,,,pre_driving_guidelines,no_further_action,,,,predominantly_to_blame,referral-3d0594eb680a4801,False,15,descriptive_pending_human_review
adjudication-seed-fia-2018-usa-856ae8b1622a-01,adj-e7b2995ef053dcc6,incident-src-e7b2995ef053dcc6,fia-2018-usa-856ae8b1622a,2018-usa,Race,causing_collision,18,14,Turn 4,,1,fia_incident_clock_single_lap_interval,1,1,1,2018-10-21T18:14:00+00:00,2018-10-21T18:15:00+00:00,fia_clock_lap_interval,referral-e9894fb0b2d999fc,candidate_pending_review,8.0,6.0,6.0,sanction_announced,"[""DRIVE THROUGH PENALTY FOR CAR 18 (STR) - CAUSING A COLLISION""]",True,False,False,unknown,unknown,unknown,False,"{""first_lap"": [""The Stewards reviewed the video evidence, noting that during the first lap car 18 left the track and while re-joining at turn 4 made contact with car 14.""]}",machine_extracted_pending_human_review,pending_human_review,,,,pre_driving_guidelines,drive_through,,2,,wholly_to_blame,referral-e9894fb0b2d999fc,True,17,descriptive_pending_human_review
adjudication-seed-fia-2019-bra-b956905dbc4f-01,adj-75ad7140f56a82b0,incident-src-75ad7140f56a82b0,fia-2019-bra-b956905dbc4f,2019-bra,Race,causing_collision,3,20,Turn 4,,8,fia_incident_clock_single_lap_interval,8,8,8,2019-11-17T17:22:00+00:00,2019-11-17T17:23:00+00:00,fia_clock_lap_interval,referral-8eaeadc8694923f5,candidate_pending_review,10.0,9.0,11.0,noted|investigation,"[""TURN 4 INCIDENT INVOLVING CARS 20 (MAG) AND 3 (RIC) NOTED"", ""TURN 4 INCIDENT INVOLVING CARS 3 (RIC) AND 20 (MAG) UNDER INVESTIGATION""]",False,False,False,unknown,unknown,apex,False,"{""corner_phase"": [""At the apex of the corner, Car 3 had a slight lock up of the left front which caused him to understeer and a collision ensued at the exit of the corner.""]}",machine_extracted_pending_human_review,pending_human_review,,,,pre_driving_guidelines,time_penalty,5,2,,predominantly_to_blame,referral-8eaeadc8694923f5,True,15,descriptive_pending_human_review
adjudication-seed-fia-2019-chn-50a2b4dfbc09-01,adj-fb33cf1dee9a141c,incident-src-fb33cf1dee9a141c,fia-2019-chn-50a2b4dfbc09,2019-chn,Race,causing_collision,26,,Turn 6,,1,fia_incident_clock_single_lap_interval,1,1,1,2019-04-14T06:14:00+00:00,2019-04-14T06:15:00+00:00,fia_clock_lap_interval,referral-e2a1e81ca9f578ea,high_confidence_algorithmic,14.0,3.0,6.0,noted|investigation|sanction_announced,"[""TURN 6 INCIDENT INVOLVING CARS 4 (NOR), 55 (SAI) AND 26 (KVY) NOTED"", ""TURN 6 INCIDENT INVOLVING CARS 4 (NOR), 26 (KVY) AND 55 (SAI) UNDER INVESTIGATION - CAUSING A COLLISION"", ""DRIVE THROUGH PENALTY FOR CAR 26 (KVY) - CAUSING A COLLISION""]",True,False,False,unknown,unknown,unknown,True,"{""control_error"": [""The Stewards reviewed video evidence and concluded that the driver of car 26, (Daniil Kvyat), lost control of his car at the exit of turn 6 and hit the cars to his left.""]}",machine_extracted_pending_human_review,pending_human_review,,,,pre_driving_guidelines,drive_through,,2,,wholly_to_blame,referral-e2a1e81ca9f578ea,True,17,descriptive_pending_human_review
adjudication-seed-fia-2019-gbr-9cce23a29f05-01,adj-4ae27a945be232f3,incident-src-4ae27a945be232f3,fia-2019-gbr-9cce23a29f05,2019-gbr,Race,causing_collision,5,33,Turn 16,,,unresolved,37,38,37|38,2019-07-14T14:12:00+00:00,2019-07-14T14:13:00+00:00,fia_clock_lap_interval,referral-b688b56fa9892053,high_confidence_algorithmic,15.0,38.0,43.0,investigation|sanction_announced,"[""TURN 16 INCIDENT INVOLVING CARS 5 (VET) AND 33 (VER) UNDER INVESTIGATION - CAUSING A COLLISION"", ""10 SECOND TIME PENALTY FOR CAR 5 (VET) - CAUSING A COLLISION""]",False,False,False,unknown,unknown,unknown,True,"{""control_error"": [""The Stewards reviewed the video evidence which showed car 5 locked wheels under braking and collided with the rear of car 33.""]}",machine_extracted_pending_human_review,pending_human_review,,,,pre_driving_guidelines,time_penalty,10,2,,wholly_to_blame,referral-b688b56fa9892053,True,17,descriptive_pending_human_review
adjudication-seed-fia-2019-jpn-4a022963168d-01,adj-44686757f581c309,incident-group-dee3045f08ed8de7,fia-2019-jpn-4a022963168d,2019-jpn,Race,causing_collision,16,33,Turns 1-2,1,1,model_reviewed_source_or_timing,1,1,1,2019-10-13T05:13:00+00:00,2019-10-13T05:14:00+00:00,fia_clock_lap_interval,referral-f400bd65ec68bae4,high_confidence_algorithmic,14.0,2.0,7.0,no_investigation|investigation,"[""TURN 2 INCIDENT INVOLVING CARS 16 (LEC) AND 33 (VER) NOTED - NO INVESTIGATION NECESSARY"", ""LAP 1, TURN 2 INCIDENT INVOLVING CARS 16 (LEC) AND 33 (VER) NOW UNDER INVESTIGATION - CAUSING A COLLISION""]",True,False,False,inside,alongside,apex,False,"{""attacker_line"": [""Car 16 and car 33 were side by side as they transited turn 1 and approached turn 2 on the first lap, with car 16 on the inside.""], ""corner_phase"": [""As the cars approached the apex of turn 2, car 33, which was marginally in front, stayed wide and allowed sufficient room to the inside but car 16 lost front grip in the wake of the car in front and abruptly understeered towards the outside of the track, contacting car 33 and forcing it off the track.""], ""first_lap"": [""Incident between car 16 and car 33 in turn 1 on Lap 1."", ""Car 16 and car 33 were side by side as they transited turn 1 and approached turn 2 on the first lap, with car 16 on the inside."", ""This is a somewhat unusual first lap incident, as only these cars were directly involved, so few of the normal mitigating circumstances exist.""], ""overlap"": [""Car 16 and car 33 were side by side as they transited turn 1 and approached turn 2 on the first lap, with car 16 on the inside.""]}",machine_extracted_pending_human_review,pending_human_review,,,,pre_driving_guidelines,time_penalty,5,2,,predominantly_to_blame,referral-f400bd65ec68bae4,True,15,descriptive_pending_human_review
adjudication-seed-fia-2019-jpn-8f4df880b95b-01,adj-667d6bb8743116ef,incident-group-9d7ca07e87909a4b,fia-2019-jpn-8f4df880b95b,2019-jpn,Race,causing_collision,10,11,Turn 2,,,unresolved,51,52,51|52,2019-10-13T06:35:00+00:00,2019-10-13T06:36:00+00:00,fia_clock_lap_interval,referral-a5288224a70f7a28,high_confidence_algorithmic,13.0,53.0,53.0,investigation,"[""TURN 2 INCIDENT INVOLVING CARS 10 (GAS) AND 11 (PER) UNDER INVESTIGATION - CAUSING A COLLISION""]",False,False,False,ambiguous_both_lines_mentioned,alongside,apex,False,"{""attacker_line"": [""Both drivers contributed to the contact as car 11, who was slightly in front and on the outside of the track took a narrow line towards the apex of turn 2, while car 10 on the inside of the track, and likely not fully visible to car 11, did not take as tight a line as was possible through the apex prior to the contact."", ""Both drivers contributed to the contact as car 11, who was slightly in front and on the outside of the track took a narrow line towards the apex of turn 2, while car 10 on the inside of the track, and likely not fully visible to car 11, did not take as tight a line as was possible through the apex prior to the contact.""], ""corner_phase"": [""The Stewards reviewed video evidence, and determined that cars 11 and 10 while transiting turns 1 and 2 side by side, with car 11 attempting an outside pass, made contact near the apex of turn 2, causing car 11 to leave the track."", ""Both drivers contributed to the contact as car 11, who was slightly in front and on the outside of the track took a narrow line towards the apex of turn 2, while car 10 on the inside of the track, and likely not fully visible to car 11, did not take as tight a line as was possible through the apex prior to the contact.""], ""overlap"": [""The Stewards reviewed video evidence, and determined that cars 11 and 10 while transiting turns 1 and 2 side by side, with car 11 attempting an outside pass, made contact near the apex of turn 2, causing car 11 to leave the track.""]}",machine_extracted_pending_human_review,pending_human_review,,,,pre_driving_guidelines,no_further_action,,,,shared_fault,referral-a5288224a70f7a28,False,8,descriptive_pending_human_review
adjudication-seed-fia-2019-jpn-9be40f8bba4d-01,adj-634036e33dc05333,incident-group-dee3045f08ed8de7,fia-2019-jpn-9be40f8bba4d,2019-jpn,Race,causing_collision,33,16,Turns 1-2,1,1,model_reviewed_source_or_timing,1,1,1,2019-10-13T05:13:00+00:00,2019-10-13T05:14:00+00:00,fia_clock_lap_interval,referral-f400bd65ec68bae4,high_confidence_algorithmic,16.0,2.0,7.0,no_investigation|investigation,"[""TURN 2 INCIDENT INVOLVING CARS 16 (LEC) AND 33 (VER) NOTED - NO INVESTIGATION NECESSARY"", ""LAP 1, TURN 2 INCIDENT INVOLVING CARS 16 (LEC) AND 33 (VER) NOW UNDER INVESTIGATION - CAUSING A COLLISION""]",True,False,False,inside,alongside,apex,False,"{""attacker_line"": [""Car 16 and car 33 were side by side as they transited turn 1 and approached turn 2 on the first lap, with car 16 on the inside.""], ""corner_phase"": [""As the cars approached the apex of turn 2, car 33, which was marginally in front, stayed wide and allowed sufficient room to the inside but car 16 lost front grip in the wake of the car in front and abruptly understeered towards the outside of the track, contacting car 33 and forcing it off the track.""], ""first_lap"": [""Incident between car 16 and car 33 in turn 1 on Lap 1."", ""Car 16 and car 33 were side by side as they transited turn 1 and approached turn 2 on the first lap, with car 16 on the inside."", ""This is a somewhat unusual first lap incident, as only these cars were directly involved, so few of the normal mitigating circumstances exist.""], ""overlap"": [""Car 16 and car 33 were side by side as they transited turn 1 and approached turn 2 on the first lap, with car 16 on the inside.""]}",machine_extracted_pending_human_review,pending_human_review,,,,pre_driving_guidelines,no_further_action,,,,predominantly_to_blame,referral-f400bd65ec68bae4,False,15,descriptive_pending_human_review
adjudication-seed-fia-2019-jpn-ddc6b3eef5b1-01,adj-acc76c36ad0d55b6,incident-group-9d7ca07e87909a4b,fia-2019-jpn-ddc6b3eef5b1,2019-jpn,Race,causing_collision,11,10,Turn 2,,,unresolved,51,52,51|52,2019-10-13T06:35:00+00:00,2019-10-13T06:36:00+00:00,fia_clock_lap_interval,referral-a5288224a70f7a28,high_confidence_algorithmic,13.0,53.0,53.0,investigation,"[""TURN 2 INCIDENT INVOLVING CARS 10 (GAS) AND 11 (PER) UNDER INVESTIGATION - CAUSING A COLLISION""]",False,False,False,ambiguous_both_lines_mentioned,alongside,apex,False,"{""attacker_line"": [""Both drivers contributed to the contact as car 11, who was slightly in front and on the outside of the track took a narrow line towards the apex of turn 2, while car 10 on the inside of the track, and likely not fully visible to car 11, did not take as tight a line as was possible through the apex prior to the contact."", ""Both drivers contributed to the contact as car 11, who was slightly in front and on the outside of the track took a narrow line towards the apex of turn 2, while car 10 on the inside of the track, and likely not fully visible to car 11, did not take as tight a line as was possible through the apex prior to the contact.""], ""corner_phase"": [""The Stewards reviewed video evidence, and determined that cars 11 and 10 while transiting turns 1 and 2 side by side, with car 11 attempting an outside pass, made contact near the apex of turn 2, causing car 11 to leave the track."", ""Both drivers contributed to the contact as car 11, who was slightly in front and on the outside of the track took a narrow line towards the apex of turn 2, while car 10 on the inside of the track, and likely not fully visible to car 11, did not take as tight a line as was possible through the apex prior to the contact.""], ""overlap"": [""The Stewards reviewed video evidence, and determined that cars 11 and 10 while transiting turns 1 and 2 side by side, with car 11 attempting an outside pass, made contact near the apex of turn 2, causing car 11 to leave the track.""]}",machine_extracted_pending_human_review,pending_human_review,,,,pre_driving_guidelines,no_further_action,,,,shared_fault,referral-a5288224a70f7a28,False,8,descriptive_pending_human_review
adjudication-seed-fia-2019-mco-8441c7d5dbef-01,adj-d5ff9f7e1e5e3e46,incident-src-d5ff9f7e1e5e3e46,fia-2019-mco-8441c7d5dbef,2019-mco,Race,causing_collision,99,88,Turn 18,,15,fia_incident_clock_single_lap_interval,15,15,15,2019-05-26T13:34:00+00:00,2019-05-26T13:35:00+00:00,fia_clock_lap_interval,referral-3c7899a89e98a80f,high_confidence_algorithmic,15.0,19.0,26.0,investigation|sanction_announced,"[""TURN 18 INCIDENT INVOLVING CARS 88 (KUB) AND 99 (GIO) UNDER INVESTIGATION - CAUSING A COLLISION"", ""10 SECOND TIME PENALTY FOR CAR 99 (GIO) - CAUSING A COLLISION""]",False,False,False,unknown,unknown,unknown,False,{},machine_extracted_pending_human_review,pending_human_review,,,,pre_driving_guidelines,time_penalty,10,2,,wholly_to_blame,referral-3c7899a89e98a80f,True,17,descriptive_pending_human_review
adjudication-seed-fia-2019-sgp-6c9e26d4cab3-01,adj-cde123f133b0c826,incident-group-3e6d04cc117846eb,fia-2019-sgp-6c9e26d4cab3,2019-sgp,Race,causing_collision,63,8,Turn 8,,35,fia_incident_clock_single_lap_interval,35,35,35,2019-09-22T13:17:00+00:00,2019-09-22T13:18:00+00:00,fia_clock_lap_interval,referral-5fdbc018f02e34db,candidate_pending_review,10.0,41.0,43.0,noted|investigation|post_session_investigation,"[""TURN 8 INCIDENT INVOLVING CARS 8 (GRO) AND 63 (RUS) NOTED"", ""TURN 8 INCIDENT INVOLVING CARS 8 (GRO) AND 63 (RUS) UNDER INVESTIGATION"", ""TURN 8 INCIDENT INVOLVING CARS 8 (GRO) AND 63 (RUS) WILL BE INVESTIGATED AFTER THE RACE""]",False,False,False,ambiguous_both_lines_mentioned,alongside,apex,False,"{""attacker_line"": [""Through the apex of Turn 8, Grosjean remained alongside, but as Russell had the inside line he was able to start pulling ahead."", ""As the drivers exited Turn 7 Grosjean got a run on Russell on the outside of Turn 8.""], ""corner_phase"": [""Through the apex of Turn 8, Grosjean remained alongside, but as Russell had the inside line he was able to start pulling ahead.""], ""overlap"": [""Grosjean was fully alongside Russell at the entry to Turn 8 with the cars wheel to wheel."", ""Through the apex of Turn 8, Grosjean remained alongside, but as Russell had the inside line he was able to start pulling ahead.""]}",machine_extracted_pending_human_review,pending_human_review,,,,pre_driving_guidelines,no_further_action,,,,shared_fault,referral-5fdbc018f02e34db,False,8,descriptive_pending_human_review
adjudication-seed-fia-2019-sgp-6db2310a0bec-01,adj-46676d59c4b4733c,incident-group-3e6d04cc117846eb,fia-2019-sgp-6db2310a0bec,2019-sgp,Race,causing_collision,8,63,Turn 8,,35,fia_incident_clock_single_lap_interval,35,35,35,2019-09-22T13:17:00+00:00,2019-09-22T13:18:00+00:00,fia_clock_lap_interval,referral-5fdbc018f02e34db,candidate_pending_review,10.0,41.0,43.0,noted|investigation|post_session_investigation,"[""TURN 8 INCIDENT INVOLVING CARS 8 (GRO) AND 63 (RUS) NOTED"", ""TURN 8 INCIDENT INVOLVING CARS 8 (GRO) AND 63 (RUS) UNDER INVESTIGATION"", ""TURN 8 INCIDENT INVOLVING CARS 8 (GRO) AND 63 (RUS) WILL BE INVESTIGATED AFTER THE RACE""]",False,False,False,ambiguous_both_lines_mentioned,alongside,apex,False,"{""attacker_line"": [""Through the apex of Turn 8, Grosjean remained alongside, but as Russell had the inside line he was able to start pulling ahead."", ""As the drivers exited Turn 7 Grosjean got a run on Russell on the outside of Turn 8.""], ""corner_phase"": [""Through the apex of Turn 8, Grosjean remained alongside, but as Russell had the inside line he was able to start pulling ahead.""], ""overlap"": [""Grosjean was fully alongside Russell at the entry to Turn 8 with the cars wheel to wheel."", ""Through the apex of Turn 8, Grosjean remained alongside, but as Russell had the inside line he was able to start pulling ahead.""]}",machine_extracted_pending_human_review,pending_human_review,,,,pre_driving_guidelines,no_further_action,,,,shared_fault,referral-5fdbc018f02e34db,False,8,descriptive_pending_human_review
adjudication-seed-fia-2020-aut-61b974e38056-01,adj-f6450ff6c230f5e0,incident-src-f6450ff6c230f5e0,fia-2020-aut-61b974e38056,2020-aut,Race,causing_collision,44,23,Turn 4,,,unresolved,60,61,60|61,2020-07-05T14:31:00+00:00,2020-07-05T14:32:00+00:00,fia_clock_lap_interval,referral-4f2acd9877c92ee0,high_confidence_algorithmic,15.0,62.0,66.0,noted|investigation|sanction_announced,"[""TURN 4 INCIDENT INVOLVING CARS 44 (HAM) AND 23 (ALB) NOTED"", ""TURN 4 INCIDENT INVOLVING CARS 23 (ALB) AND 44 (HAM) UNDER INVESTIGATION - CAUSING A COLLISION"", ""5 SECOND TIME PENALTY FOR CAR 44 (HAM) - CAUSING A COLLISION""]",False,False,False,unknown,alongside,apex,False,"{""corner_phase"": [""The Stewards reviewed video evidence showing that cars 23 and 44 were side by side approaching the apex of turn 4.""], ""overlap"": [""The Stewards reviewed video evidence showing that cars 23 and 44 were side by side approaching the apex of turn 4."", ""They negotiated the turn side by side, but car 23 had a better exit and was in the process of passing car 44.""]}",machine_extracted_pending_human_review,pending_human_review,,,,pre_driving_guidelines,time_penalty,5,2,,predominantly_to_blame,referral-4f2acd9877c92ee0,True,15,descriptive_pending_human_review
adjudication-seed-fia-2020-bhr-5b520e69cfdd-01,adj-f43e6ce41cf9c965,incident-src-f43e6ce41cf9c965,fia-2020-bhr-5b520e69cfdd,2020-bhr,Race,causing_collision,26,18,Turn 8,,3,fia_incident_clock_single_lap_interval,3,3,3,2020-11-29T15:40:00+00:00,2020-11-29T15:41:00+00:00,fia_clock_lap_interval,referral-c369b6c3f1ce4353,high_confidence_algorithmic,14.0,10.0,13.0,investigation|sanction_announced,"[""TURN 8 INCIDENT INVOLVING CARS 26 (KVY) AND 16 (LEC) UNDER INVESTIGATION - CAUSING A COLLISION"", ""CORRECTION: TURN 8 INCIDENT INVOLVING CARS 26 (KVY) AND 18 (STR) UNDER INVESTIGATION - CAUSING A COLLISION"", ""10 SECOND TIME PENALTY FOR CAR 26 (KVY) - CAUSING A COLLISION""]",False,False,False,unknown,unknown,unknown,False,{},machine_extracted_pending_human_review,pending_human_review,,,,pre_driving_guidelines,time_penalty,10,2,,wholly_to_blame,referral-c369b6c3f1ce4353,True,17,descriptive_pending_human_review
adjudication-seed-fia-2020-gbr-319c8c2d52b9-01,adj-fcd4a7df5c2a7599,incident-src-fcd4a7df5c2a7599,fia-2020-gbr-319c8c2d52b9,2020-gbr,Race,causing_collision,23,20,Turn 18,,,unresolved,1,2,1|2,2020-08-02T13:15:00+00:00,2020-08-02T13:16:00+00:00,fia_clock_lap_interval,referral-24694eab8506551b,high_confidence_algorithmic,13.0,7.0,7.0,investigation,"[""TURN 18 INCIDENT INVOLVING CARS 23 (ALB) AND 20 (MAG) UNDER INVESTIGATION - CAUSING A COLLISION""]",False,False,False,inside,unknown,unknown,False,"{""attacker_line"": [""While Albon appeared to be the faster car the Stewards determined that he attempted the pass too late and the gap on the inside of Car 20 was always going to diminish.""]}",machine_extracted_pending_human_review,pending_human_review,,,,pre_driving_guidelines,time_penalty,5,2,,predominantly_to_blame,referral-24694eab8506551b,True,15,descriptive_pending_human_review
adjudication-seed-fia-2020-por-69db98466a96-01,adj-51812139587add7e,incident-src-51812139587add7e,fia-2020-por-69db98466a96,2020-por,Race,causing_collision,18,4,Turn 1,,,unresolved,17,18,17|18,2020-10-25T13:37:00+00:00,2020-10-25T13:38:00+00:00,fia_clock_lap_interval,referral-a82360ea8c04197a,high_confidence_algorithmic,15.0,19.0,24.0,noted|investigation|sanction_announced,"[""TURN 1 INCIDENT INVOLVING CARS 4 (NOR) AND 18 (STR) NOTED"", ""TURN 1 INCIDENT INVOLVING CARS 4 (NOR) AND 18 (STR) UNDER INVESTIGATION - CAUSING A COLLISION"", ""5 SECOND TIME PENALTY FOR CAR 18 (STR) - CAUSING A COLLISION""]",False,False,False,inside,alongside,apex,False,"{""attacker_line"": [""Norris moved as far to the apex as he could just avoiding the aggressive sausage curb on the inside, and thus did everything he could to avoid the collision.""], ""corner_phase"": [""He then drove straight towards the apex of turn 1 while Norris was still partially alongside."", ""Norris moved as far to the apex as he could just avoiding the aggressive sausage curb on the inside, and thus did everything he could to avoid the collision.""], ""overlap"": [""He then drove straight towards the apex of turn 1 while Norris was still partially alongside.""]}",machine_extracted_pending_human_review,pending_human_review,,,,pre_driving_guidelines,time_penalty,5,2,,predominantly_to_blame,referral-a82360ea8c04197a,True,15,descriptive_pending_human_review
adjudication-seed-fia-2021-bhr-4c375a5d45e3-01,adj-fee2caa67a10b6f2,incident-src-fee2caa67a10b6f2,fia-2021-bhr-4c375a5d45e3,2021-bhr,Race,causing_collision,5,31,Turn 1,,,unresolved,43,44,43|44,2021-03-28T16:20:00+00:00,2021-03-28T16:21:00+00:00,fia_clock_lap_interval,referral-d4f11c9cc5b2c052,high_confidence_algorithmic,15.0,45.0,51.0,noted|investigation|sanction_announced,"[""TURN 1 INCIDENT INVOLVING CARS 5 (VET) AND 31 (OCO) NOTED"", ""TURN 1 INCIDENT INVOLVING CARS 5 (VET) AND 31 (OCO) UNDER INVESTIGATION - CAUSING A COLLISION"", ""10 SECOND TIME PENALTY FOR CAR 5 (VET) - CAUSING A COLLISION""]",False,False,False,unknown,unknown,unknown,False,{},machine_extracted_pending_human_review,pending_human_review,,,,pre_driving_guidelines,time_penalty,10,2,,wholly_to_blame,referral-d4f11c9cc5b2c052,True,17,descriptive_pending_human_review
adjudication-seed-fia-2021-gbr-2edd347d5de5-01,adj-a02457481a461185,incident-src-a02457481a461185,fia-2021-gbr-2edd347d5de5,2021-gbr,Race,causing_collision,44,33,Turn 9,,1,fia_incident_clock_single_lap_interval,1,1,1,2021-07-18T14:04:00+00:00,2021-07-18T14:05:00+00:00,fia_clock_lap_interval,referral-a520c9f861b21016,high_confidence_algorithmic,13.0,3.0,3.0,investigation,"[""TURN 9 INCIDENT INVOLVING CARS 33 (VER) AND 44 (HAM) UNDER INVESTIGATION - CAUSING A COLLISION""]",True,False,False,inside,unknown,apex,False,"{""attacker_line"": [""Cars 33 and 44 entered turn 9 with Car 33 in the lead and Car 44 slightly behind and on the inside.""], ""corner_phase"": [""Car 44 was on a line that did not reach the apex of the corner, with room available to the inside.""]}",machine_extracted_pending_human_review,pending_human_review,,,,pre_driving_guidelines,time_penalty,10,2,,predominantly_to_blame,referral-a520c9f861b21016,True,15,descriptive_pending_human_review
adjudication-seed-fia-2021-gbr-74d32cf58767-01,adj-ef78b859db624c3b,incident-src-ef78b859db624c3b,fia-2021-gbr-74d32cf58767,2021-gbr,Race,forcing_off_track,11,7,Turn 17,,,unresolved,46,47,46|47,2021-07-18T15:53:00+00:00,2021-07-18T15:54:00+00:00,fia_clock_lap_interval,referral-2073a53f009396fd,candidate_pending_review,10.0,49.0,49.0,noted|post_session_investigation,"[""TURN 17 INCIDENT INVOLVING CARS 7 (RAI) AND 11 (PER) NOTED"", ""TURN 17 INCIDENT INVOLVING CARS 7 (RAI) AND 11 (PER) WILL BE INVESTIGATED AFTER THE RACE""]",False,False,False,inside,alongside,unknown,False,"{""attacker_line"": [""Cars 7 and 11 went through turn 16 almost side by side, with Car 11 slightly in front on the inside of the left hand turn.""], ""overlap"": [""Cars 7 and 11 went through turn 16 almost side by side, with Car 11 slightly in front on the inside of the left hand turn.""]}",machine_extracted_pending_human_review,pending_human_review,,,,pre_driving_guidelines,no_further_action,,,,predominantly_to_blame,referral-2073a53f009396fd,False,1,descriptive_pending_human_review
adjudication-seed-fia-2021-hun-06f5959922b8-01,adj-9cf492ef26deae16,incident-src-9cf492ef26deae16,fia-2021-hun-06f5959922b8,2021-hun,Race,causing_collision,77,4,Turn 1,,1,fia_incident_clock_single_lap_interval,1,1,1,2021-08-01T13:03:00+00:00,2021-08-01T13:04:00+00:00,fia_clock_lap_interval,,unmatched,,,,,,True,False,False,unknown,unknown,unknown,False,{},machine_extracted_pending_human_review,pending_human_review,,,,pre_driving_guidelines,grid_penalty,,2,5,wholly_to_blame,incident-src-9cf492ef26deae16,True,17,descriptive_pending_human_review
adjudication-seed-fia-2021-hun-62b291657006-01,adj-3bb833a815e06668,incident-src-3bb833a815e06668,fia-2021-hun-62b291657006,2021-hun,Race,causing_collision,18,16,Turn 1,,1,fia_incident_clock_single_lap_interval,1,1,1,2021-08-01T13:03:00+00:00,2021-08-01T13:04:00+00:00,fia_clock_lap_interval,,unmatched,,,,,,True,False,False,unknown,unknown,unknown,False,{},machine_extracted_pending_human_review,pending_human_review,,,,pre_driving_guidelines,grid_penalty,,2,5,wholly_to_blame,incident-src-3bb833a815e06668,True,17,descriptive_pending_human_review
adjudication-seed-fia-2021-ita-92b2944f6398-01,adj-23f9ed84ba3379b7,incident-src-23f9ed84ba3379b7,fia-2021-ita-92b2944f6398,2021-ita,Race,causing_collision,9,47,Turn 4,,,unresolved,,,,2021-09-12T15:01:00+00:00,2021-09-12T15:02:00+00:00,fia_clock_unmatched_to_lap_interval,referral-e9405598e687c390,high_confidence_algorithmic,15.0,33.0,39.0,noted|sanction_announced,"[""TURN 4 INCIDENT INVOLVING CARS 47 (MSC) AND 9 (MAZ) NOTED"", ""5 SECOND TIME PENALTY FOR CAR 9 (MAZ) - CAUSING A COLLISION AT TURN 4""]",False,False,False,unknown,unknown,unknown,False,{},machine_extracted_pending_human_review,pending_human_review,,,,pre_driving_guidelines,time_penalty,5,1,,predominantly_to_blame,referral-e9405598e687c390,True,15,descriptive_pending_human_review
adjudication-seed-fia-2021-ita-d726c5d4355d-01,adj-1b5a174b1f09dff2,incident-src-1b5a174b1f09dff2,fia-2021-ita-d726c5d4355d,2021-ita,Race,causing_collision,33,44,"Turns 2, 1",,,unresolved,,,,2021-09-12T14:10:00+00:00,2021-09-12T14:11:00+00:00,fia_clock_unmatched_to_lap_interval,referral-904ab9a268567059,ambiguous_pending_review,8.0,5.0,5.0,no_investigation,"[""TURN 4 INCIDENT INVOLVING CARS 44 (HAM) AND 33 (VER) - NO INVESTIGATION NECESSARY""]",False,False,False,unknown,alongside,apex,False,"{""corner_phase"": [""During the hearing the driver of Car 33 asserted that the cause of the incident was the driver of Car 44 opening the steering after Turn 1 and “squeezing” him to the apex of turn 2.""], ""overlap"": [""Car 33 braked late and started to move alongside Car 44, although at no point in the sequence does Car 33 get any further forward than just behind the front wheel of Car 44."", ""But further, the Stewards observed that Car 33 was not at all alongside Car 44 until significantly into the entry into Turn 1.""]}",machine_extracted_pending_human_review,pending_human_review,,,,pre_driving_guidelines,grid_penalty,,2,3,predominantly_to_blame,incident-src-1b5a174b1f09dff2,True,15,descriptive_pending_human_review
adjudication-seed-fia-2021-rus-cc74bb905576-01,adj-a2fb74b22534188a,incident-src-a2fb74b22534188a,fia-2021-rus-cc74bb905576,2021-rus,Race,causing_collision,18,10,Turn 8,,48,fia_incident_clock_single_lap_interval,48,48,48,2021-09-26T13:25:00+00:00,2021-09-26T13:26:00+00:00,fia_clock_lap_interval,referral-fda2f5daee08c946,candidate_pending_review,8.0,51.0,53.0,noted|post_session_investigation,"[""TURN 9 INCIDENT INVOLVING CARS 18 (STR) AND 10 (GAS) NOTED"", ""TURN 9 INCIDENT INVOLVING CARS 18 (STR) AND 10 (GAS) - WILL BE INVESTIGATED AFTER THE RACE""]",False,False,False,unknown,unknown,unknown,False,{},machine_extracted_pending_human_review,pending_human_review,,,,pre_driving_guidelines,time_penalty,10,2,,wholly_to_blame,referral-fda2f5daee08c946,True,17,descriptive_pending_human_review
adjudication-seed-fia-2021-sau-0959688f5106-01,adj-02b95aa6fb08b86f,incident-src-02b95aa6fb08b86f,fia-2021-sau-0959688f5106,2021-sau,Race,causing_collision,33,44,"Turns 26, 21",,37,fia_incident_clock_single_lap_interval,37,37,37,2021-12-05T19:19:00+00:00,2021-12-05T19:20:00+00:00,fia_clock_lap_interval,referral-13b3580c6c66bbf1,ambiguous_pending_review,8.0,38.0,38.0,noted|investigation,"[""TURN 25 INCIDENT INVOLVING CARS 44 (HAM) AND 33 (VER) NOTED"", ""TURN 25 INCIDENT INVOLVING CARS 44 (HAM) AND 33 (VER) UNDER INVESTIGATION""]",False,False,False,unknown,unknown,unknown,False,{},machine_extracted_pending_human_review,pending_human_review,,,,pre_driving_guidelines,time_penalty,10,2,,predominantly_to_blame,incident-src-02b95aa6fb08b86f,True,15,descriptive_pending_human_review
adjudication-seed-fia-2021-tur-8316f5ba45fb-01,adj-2c5dc6cc5a2cbef7,incident-src-2c5dc6cc5a2cbef7,fia-2021-tur-8316f5ba45fb,2021-tur,Race,causing_collision,14,47,Turn 4,2,2,model_reviewed_source_or_timing,1,2,1|2,2021-10-10T12:05:00+00:00,2021-10-10T12:06:00+00:00,fia_clock_lap_interval,referral-96e6a1e44b22f837,high_confidence_algorithmic,13.0,3.0,6.0,noted|investigation,"[""TURN 4 INCIDENT INVOLVING CAR 47 (MSC) NOTED "", ""TURN 4 INCIDENT INVOLVING CARS 14 (ALO) AND 47 (MSC) NOTED"", ""TURN 4 INCIDENT INVOLVING CARS 14 (ALO) AND 47 (MSC) UNDER INVESTIGATION - CAUSING A COLLISION""]",False,False,False,unknown,unknown,unknown,False,{},machine_extracted_pending_human_review,pending_human_review,,,,pre_driving_guidelines,time_penalty,5,2,,predominantly_to_blame,referral-96e6a1e44b22f837,True,15,descriptive_pending_human_review
adjudication-seed-fia-2021-tur-93d16b7d94df-01,adj-b778b990971d2a47,incident-src-b778b990971d2a47,fia-2021-tur-93d16b7d94df,2021-tur,Race,causing_collision,10,14,Turn 1,1,1,model_reviewed_source_or_timing,1,1,1,2021-10-10T12:03:00+00:00,2021-10-10T12:04:00+00:00,fia_clock_lap_interval,referral-a7d53580889c5904,high_confidence_algorithmic,15.0,4.0,9.0,investigation|sanction_announced,"[""TURN 1 INCIDENT INVOLVING CARS 14 (ALO) AND 10 (GAS) UNDER INVESTIGATION - CAUSING A COLLISION"", ""5 SECOND TIME PENALTY FOR CAR 10 (GAS) - CAUSING A COLLISION"", ""5 SECOND TIME PENALTY FOR CAR 14 (ALO) - CAUSING A COLLISION""]",True,False,False,ambiguous_both_lines_mentioned,unknown,unknown,False,"{""attacker_line"": [""GAS tried to negotiate T1 with PER on the inside and car 14 (ALO) on the outside."", ""GAS tried to negotiate T1 with PER on the inside and car 14 (ALO) on the outside."", ""The Stewards determine that GAS was wholly at fault for the collision, as he did not leave enough space for ALO on the outside.""], ""first_lap"": [""The Stewards reviewed the video evidence and determined that GAS caused a collision with Car 14 (ALO) during Lap 1."", ""It should also be pointed out that the Stewards do not consider this incident as an unavoidable Lap 1 Turn 1 contact between two cars, as GAS was not sandwiched between two cars when he touched ALO’s car.""]}",machine_extracted_pending_human_review,pending_human_review,,,,pre_driving_guidelines,time_penalty,5,2,,wholly_to_blame,referral-a7d53580889c5904,True,17,descriptive_pending_human_review
adjudication-seed-fia-2022-abu-6afd5d82f378-01,adj-5c847c13b64952f6,incident-src-5c847c13b64952f6,fia-2022-abu-6afd5d82f378,2022-abu,Race,causing_collision,47,6,Turn 5,,38,fia_incident_clock_single_lap_interval,38,38,38,2022-11-20T14:01:00+00:00,2022-11-20T14:02:00+00:00,fia_clock_lap_interval,referral-92a69d6732b75346,high_confidence_algorithmic,15.0,39.0,41.0,noted|investigation|sanction_announced,"[""TURN 5 INCIDENT INVOLVING CARS 47 (MSC) AND 6 (LAT) NOTED - CAUSING A COLLISION"", ""FIA STEWARDS: TURN 5 INCIDENT INVOLVING CARS 47 (MSC) AND 6 (LAT) UNDER INVESTIGATION - CAUSING A COLLISION"", ""FIA STEWARDS: 5 SECOND TIME PENALTY FOR CAR 47 (MSC) - CAUSING A COLLISION""]",False,False,False,unknown,unknown,unknown,False,{},machine_extracted_pending_human_review,pending_human_review,,,,internal_driving_guidelines,time_penalty,5,2,,wholly_to_blame,referral-92a69d6732b75346,True,14,descriptive_pending_human_review
adjudication-seed-fia-2022-aut-0b612be0b626-01,adj-ea983bef6c710033,incident-src-ea983bef6c710033,fia-2022-aut-0b612be0b626,2022-aut,Race,causing_collision,10,5,Turn 4,,,unresolved,38,39,38|39,2022-07-10T13:49:00+00:00,2022-07-10T13:50:00+00:00,fia_clock_lap_interval,referral-9d27e9541cb8b209,high_confidence_algorithmic,15.0,42.0,42.0,noted|investigation|sanction_announced,"[""TURN 4 INCIDENT INVOLVING CARS 5 (VET) AND 10 (GAS) NOTED - CAUSING A COLLISION"", ""FIA STEWARDS: TURN 4 INCIDENT INVOLVING CARS 5 (VET) AND 10 (GAS) UNDER INVESTIGATION - CAUSING A COLLISION"", ""FIA STEWARDS: 5 SECOND TIME PENALTY FOR CAR 10 (GAS) - CAUSING A COLLISION""]",False,False,False,outside,alongside,apex,False,"{""attacker_line"": [""The Stewards reviewed the video evidence and determined that Car 5 was at least fully alongside throughout his attempt to pass on the outside of car 10 at turn 4 and gave car 10 sufficient room at the apex.""], ""corner_phase"": [""The Stewards reviewed the video evidence and determined that Car 5 was at least fully alongside throughout his attempt to pass on the outside of car 10 at turn 4 and gave car 10 sufficient room at the apex.""], ""overlap"": [""The Stewards reviewed the video evidence and determined that Car 5 was at least fully alongside throughout his attempt to pass on the outside of car 10 at turn 4 and gave car 10 sufficient room at the apex.""]}",machine_extracted_pending_human_review,pending_human_review,,,,internal_driving_guidelines,time_penalty,5,2,,wholly_to_blame,referral-9d27e9541cb8b209,True,14,descriptive_pending_human_review
adjudication-seed-fia-2022-aut-116bb7866055-01,adj-4336ab73c4471912,incident-src-4336ab73c4471912,fia-2022-aut-116bb7866055,2022-aut,Race,causing_collision,63,11,Turn 4,,1,fia_incident_clock_single_lap_interval,1,1,1,2022-07-10T13:03:00+00:00,2022-07-10T13:04:00+00:00,fia_clock_lap_interval,referral-e53b9398877a9d1c,high_confidence_algorithmic,15.0,3.0,10.0,noted|sanction_announced,"[""TURN 4 INCIDENT INVOLVING CARS 63 (RUS) AND 11 (PER) NOTED - CAUSING A COLLISION"", ""FIA STEWARDS: 5 SECOND TIME PENALTY FOR CAR 63 (RUS) - CAUSING A COLLISION""]",True,False,False,outside,alongside,apex,False,"{""attacker_line"": [""Car 11 was passing on the outside at turn 4, was at least fully alongside at the entry of the turn and all the way through the manoeuvre, including at the apex of the corner and left sufficient room for car 63, which ultimately struck car 11.""], ""corner_phase"": [""Car 11 was passing on the outside at turn 4, was at least fully alongside at the entry of the turn and all the way through the manoeuvre, including at the apex of the corner and left sufficient room for car 63, which ultimately struck car 11.""], ""first_lap"": [""This was not considered as a “first lap incident” as this was a battle between the two cars and was not affected by the pack of cars as can happen during the first lap.""], ""overlap"": [""Car 11 was passing on the outside at turn 4, was at least fully alongside at the entry of the turn and all the way through the manoeuvre, including at the apex of the corner and left sufficient room for car 63, which ultimately struck car 11.""]}",machine_extracted_pending_human_review,pending_human_review,,,,internal_driving_guidelines,time_penalty,5,2,,wholly_to_blame,referral-e53b9398877a9d1c,True,14,descriptive_pending_human_review
adjudication-seed-fia-2022-fra-21ed142c13a0-01,adj-7d3d410e6a4ba360,incident-src-7d3d410e6a4ba360,fia-2022-fra-21ed142c13a0,2022-fra,Race,causing_collision,24,47,Turn 11,,,unresolved,,,,,,clock_or_timing_unavailable,referral-be7b03c7781d735e,high_confidence_algorithmic,15.0,24.0,26.0,noted|investigation|sanction_announced,"[""TURN 11 INCIDENT INVOLVING CARS 47 (MSC) AND 24 (ZHO) NOTED - CAUSING A COLLISION"", ""FIA STEWARDS: TURN 11 INCIDENT INVOLVING CARS 47 (MSC) AND 24 (ZHO) UNDER INVESTIGATION - CAUSING A COLLISION"", ""FIA STEWARDS: 5 SECOND TIME PENALTY FOR CAR 24 (ZHO) - CAUSING A COLLISION""]",False,False,False,outside,unknown,apex,True,"{""attacker_line"": [""At the apex of T11 ZHO lost control of the rear of the car when MSC was on the outside and made contact with MSC, causing MSC to spin.""], ""control_error"": [""At the apex of T11 ZHO lost control of the rear of the car when MSC was on the outside and made contact with MSC, causing MSC to spin.""], ""corner_phase"": [""At the apex of T11 ZHO lost control of the rear of the car when MSC was on the outside and made contact with MSC, causing MSC to spin.""]}",machine_extracted_pending_human_review,pending_human_review,,,,internal_driving_guidelines,time_penalty,5,2,,predominantly_to_blame,referral-be7b03c7781d735e,True,14,descriptive_pending_human_review
adjudication-seed-fia-2022-fra-5b00af9baee5-01,adj-895a772a98e8bd31,incident-src-895a772a98e8bd31,fia-2022-fra-5b00af9baee5,2022-fra,Race,causing_collision,31,22,Turn 8,,,unresolved,,,,,,clock_or_timing_unavailable,referral-835ba4919b26bf62,high_confidence_algorithmic,15.0,2.0,4.0,noted|investigation|sanction_announced,"[""TURN 8 INCIDENT INVOLVING CARS 22 (TSU) AND 31 (OCO) NOTED - CAUSING A COLLISION"", ""FIA STEWARDS: TURN 8 INCIDENT INVOLVING CARS 22 (TSU) AND 31 (OCO) UNDER INVESTIGATION - CAUSING A COLLISION"", ""FIA STEWARDS: 5 SECOND TIME PENALTY FOR CAR 31 (OCO) - CAUSING A COLLISION""]",False,False,False,unknown,unknown,unknown,True,"{""control_error"": [""He lost control of the rear of the car and collided with TSU, who had left enough space for an overtaking manoeuvre by OCO.""]}",machine_extracted_pending_human_review,pending_human_review,,,,internal_driving_guidelines,time_penalty,5,2,,predominantly_to_blame,referral-835ba4919b26bf62,True,14,descriptive_pending_human_review
adjudication-seed-fia-2022-fra-832a818ac903-01,adj-91bd2176be4c7ceb,incident-group-57d76c19243d2b20,fia-2022-fra-832a818ac903,2022-fra,Race,causing_collision,6,20,Turn 2,,,unresolved,,,,,,clock_or_timing_unavailable,referral-77de8f515baa8b7e,candidate_pending_review,12.0,39.0,42.0,noted|investigation|post_session_investigation,"[""TURN 2 INCIDENT INVOLVING CARS 6 (LAT) AND 47 (MSC) NOTED - CAUSING A COLLISION"", ""CORRECTION: TURN 2 INCIDENT INVOLVING CARS 6 (LAT) AND 20 (MAG) NOTED - CAUSING A COLLISION"", ""FIA STEWARDS: TURN 2 INCIDENT INVOLVING CARS 6 (LAT) AND 20 (MAG) UNDER INVESTIGATION - CAUSING A COLLISION"", ""FIA STEWARDS: TURN 2 INCIDENT INVOLVING CARS 6 (LAT) AND 20 (MAG) WILL BE INVESTIGATED AFTER THE RACE - CAUSING A COLLISION""]",False,False,False,ambiguous_both_lines_mentioned,unknown,apex,False,"{""attacker_line"": [""LAT overtook MAG on the inside of turn 1 and was slightly ahead of MAG at the apex of turn 2 on the outside."", ""LAT could have left more room for MAG on the inside of turn 2 but MAG must have known that LAT was on the outside and could have taken a tighter line through turn 2 or yielded to LAT."", ""LAT overtook MAG on the inside of turn 1 and was slightly ahead of MAG at the apex of turn 2 on the outside."", ""LAT could have left more room for MAG on the inside of turn 2 but MAG must have known that LAT was on the outside and could have taken a tighter line through turn 2 or yielded to LAT.""], ""corner_phase"": [""LAT overtook MAG on the inside of turn 1 and was slightly ahead of MAG at the apex of turn 2 on the outside."", ""Contact occurred between MAG and LAT just after the apex of turn 2.""]}",machine_extracted_pending_human_review,pending_human_review,,,,internal_driving_guidelines,no_further_action,,,,shared_fault,referral-77de8f515baa8b7e,False,4,descriptive_pending_human_review
adjudication-seed-fia-2022-fra-f29d68ccd9b0-01,adj-285944dc1f5d725d,incident-group-57d76c19243d2b20,fia-2022-fra-f29d68ccd9b0,2022-fra,Race,causing_collision,20,6,Turn 2,,,unresolved,,,,,,clock_or_timing_unavailable,referral-77de8f515baa8b7e,candidate_pending_review,12.0,39.0,42.0,noted|investigation|post_session_investigation,"[""TURN 2 INCIDENT INVOLVING CARS 6 (LAT) AND 47 (MSC) NOTED - CAUSING A COLLISION"", ""CORRECTION: TURN 2 INCIDENT INVOLVING CARS 6 (LAT) AND 20 (MAG) NOTED - CAUSING A COLLISION"", ""FIA STEWARDS: TURN 2 INCIDENT INVOLVING CARS 6 (LAT) AND 20 (MAG) UNDER INVESTIGATION - CAUSING A COLLISION"", ""FIA STEWARDS: TURN 2 INCIDENT INVOLVING CARS 6 (LAT) AND 20 (MAG) WILL BE INVESTIGATED AFTER THE RACE - CAUSING A COLLISION""]",False,False,False,ambiguous_both_lines_mentioned,unknown,apex,False,"{""attacker_line"": [""LAT overtook MAG on the inside of turn 1 and was slightly ahead of MAG at the apex of turn 2 on the outside."", ""LAT could have left more room for MAG on the inside of turn 2 but MAG must have known that LAT was on the outside and could have taken a tighter line through turn 2 or yielded to LAT."", ""LAT overtook MAG on the inside of turn 1 and was slightly ahead of MAG at the apex of turn 2 on the outside."", ""LAT could have left more room for MAG on the inside of turn 2 but MAG must have known that LAT was on the outside and could have taken a tighter line through turn 2 or yielded to LAT.""], ""corner_phase"": [""LAT overtook MAG on the inside of turn 1 and was slightly ahead of MAG at the apex of turn 2 on the outside."", ""Contact occurred between MAG and LAT just after the apex of turn 2.""]}",machine_extracted_pending_human_review,pending_human_review,,,,internal_driving_guidelines,no_further_action,,,,shared_fault,referral-77de8f515baa8b7e,False,4,descriptive_pending_human_review
adjudication-seed-fia-2022-hun-3dec8ba58233-01,adj-4a51b4c5ae3b893d,incident-src-4a51b4c5ae3b893d,fia-2022-hun-3dec8ba58233,2022-hun,Race,causing_collision,3,18,Turn 2,,47,fia_incident_clock_single_lap_interval,47,47,47,2022-07-31T14:10:00+00:00,2022-07-31T14:11:00+00:00,fia_clock_lap_interval,referral-b56ea8038f408086,high_confidence_algorithmic,15.0,48.0,50.0,noted|investigation|sanction_announced,"[""TURN 2 INCIDENT INVOLVING CARS 18 (STR) AND 3 (RIC) NOTED - CAUSING A COLLISION"", ""FIA STEWARDS: TURN 2 INCIDENT INVOLVING CARS 18 (STR) AND 3 (RIC) UNDER INVESTIGATION - CAUSING A COLLISION"", ""FIA STEWARDS: 5 SECOND TIME PENALTY FOR CAR 3 (RIC) - CAUSING A COLLISION""]",False,False,False,outside,unknown,unknown,False,"{""attacker_line"": [""STR was overtaking RIC on the outside of turn 2.""]}",machine_extracted_pending_human_review,pending_human_review,,,,internal_driving_guidelines,time_penalty,5,2,,wholly_to_blame,referral-b56ea8038f408086,True,14,descriptive_pending_human_review
adjudication-seed-fia-2022-mia-36df1eeb5c9c-01,adj-ec1cbeb429741336,incident-src-ec1cbeb429741336,fia-2022-mia-36df1eeb5c9c,2022-mia,Race,causing_collision,20,18,Turn 11,,,unresolved,55,56,55|56,2022-05-08T21:05:00+00:00,2022-05-08T21:06:00+00:00,fia_clock_lap_interval,referral-ab5ecffd4b1f535b,high_confidence_algorithmic,13.0,47.0,57.0,noted|investigation|no_further_action|sanction_announced,"[""TURN 2 INCIDENT INVOLVING CARS 20 (MAG) AND 18 (STR) NOTED - CAUSING A COLLISION"", ""FIA STEWARDS: TURN 2 INCIDENT INVOLVING CARS 20 (MAG) AND 18 (STR) UNDER INVESTIGATION - CAUSING A COLLISION"", ""FIA STEWARDS: TURN 2 INCIDENT INVOLVING CARS 20 (MAG) AND 18 (STR) NO FURTHER ACTION - CAUSING A COLLISION"", ""TURN 11 INCIDENT INVOLVING CARS 20 (MAG) AND 18 (STR) NOTED - CAUSING A COLLISION"", ""FIA STEWARDS: TURN 11 INCIDENT INVOLVING CARS 20 (MAG) AND 18 (STR) UNDER INVESTIGATION - CAUSING A COLLISION"", ""FIA STEWARDS: 5 SECOND TIME PENALTY FOR CAR 20 (MAG) - CAUSING A COLLISION""]",False,False,False,unknown,unknown,unknown,False,{},machine_extracted_pending_human_review,pending_human_review,,,,internal_driving_guidelines,time_penalty,5,2,,wholly_to_blame,referral-ab5ecffd4b1f535b,True,14,descriptive_pending_human_review
adjudication-seed-fia-2022-mia-604f9861a2a2-01,adj-73fce9170579e36d,incident-src-73fce9170579e36d,fia-2022-mia-604f9861a2a2,2022-mia,Race,causing_collision,47,5,Turn 1,,48,fia_incident_clock_single_lap_interval,48,48,48,2022-05-08T20:53:00+00:00,2022-05-08T20:54:00+00:00,fia_clock_lap_interval,referral-1634cab5349707ea,high_confidence_algorithmic,14.0,55.0,57.0,noted|investigation|no_further_action,"[""TURN 1 INCIDENT INVOLVING CARS 20 (MAG) AND 5 (VET) NOTED - CAUSING A COLLISION"", ""FIA STEWARDS: TURN 1 INCIDENT INVOLVING CARS 20 (MAG) AND 5 (VET) UNDER INVESTIGATION - CAUSING A COLLISION"", ""CORRECTION FIA STEWARDS: TURN 1 INCIDENT INVOLVING CARS 47 (MSC) AND 5 (VET) UNDER INVESTIGATION - CAUSING A COLLISION"", ""FIA STEWARDS: TURN 1 INCIDENT INVOLVING CARS 47 (MSC) AND 5 (VET) NO FURTHER ACTION - CAUSING A COLLISION""]",False,False,False,unknown,unknown,unknown,False,{},machine_extracted_pending_human_review,pending_human_review,,,,internal_driving_guidelines,no_further_action,,,,shared_fault,referral-1634cab5349707ea,False,4,descriptive_pending_human_review
adjudication-seed-fia-2022-mia-f80da2ca1128-01,adj-accee74fb15b4fa6,incident-src-accee74fb15b4fa6,fia-2022-mia-f80da2ca1128,2022-mia,Race,causing_collision,5,47,Turn 1,,48,fia_incident_clock_single_lap_interval,48,48,48,2022-05-08T20:53:00+00:00,2022-05-08T20:54:00+00:00,fia_clock_lap_interval,referral-1634cab5349707ea,high_confidence_algorithmic,14.0,55.0,57.0,noted|investigation|no_further_action,"[""TURN 1 INCIDENT INVOLVING CARS 20 (MAG) AND 5 (VET) NOTED - CAUSING A COLLISION"", ""FIA STEWARDS: TURN 1 INCIDENT INVOLVING CARS 20 (MAG) AND 5 (VET) UNDER INVESTIGATION - CAUSING A COLLISION"", ""CORRECTION FIA STEWARDS: TURN 1 INCIDENT INVOLVING CARS 47 (MSC) AND 5 (VET) UNDER INVESTIGATION - CAUSING A COLLISION"", ""FIA STEWARDS: TURN 1 INCIDENT INVOLVING CARS 47 (MSC) AND 5 (VET) NO FURTHER ACTION - CAUSING A COLLISION""]",False,False,False,unknown,unknown,unknown,False,{},machine_extracted_pending_human_review,pending_human_review,,,,internal_driving_guidelines,no_further_action,,,,shared_fault,referral-1634cab5349707ea,False,4,descriptive_pending_human_review
adjudication-seed-fia-2022-sao-695fd61e1d50-01,adj-96f32b26fd720b87,incident-src-96f32b26fd720b87,fia-2022-sao-695fd61e1d50,2022-sao,Race,causing_collision,4,16,Turn 6,,,unresolved,6,7,6|7,2022-11-13T18:14:00+00:00,2022-11-13T18:15:00+00:00,fia_clock_lap_interval,referral-aa461e885941c585,high_confidence_algorithmic,13.0,8.0,13.0,noted|investigation|sanction_announced,"[""INCIDENT INVOLVING CARS 4 (NOR) AND 16 (LEC) NOTED - CAUSING A COLLISION"", ""FIA STEWARDS: INCIDENT INVOLVING CARS 4 (NOR) AND 16 (LEC) UNDER INVESTIGATION - CAUSING A COLLISION"", ""FIA STEWARDS: 5 SECOND TIME PENALTY FOR CAR 4 (NOR) - CAUSING A COLLISION""]",False,False,False,inside,unknown,apex,False,"{""attacker_line"": [""The Stewards determined that Norris was on the inside at turn 6 when he touched the kerb at the apex and understeered into the car of Leclerc.""], ""corner_phase"": [""The Stewards determined that Norris was on the inside at turn 6 when he touched the kerb at the apex and understeered into the car of Leclerc.""]}",machine_extracted_pending_human_review,pending_human_review,,,,internal_driving_guidelines,time_penalty,5,2,,wholly_to_blame,referral-aa461e885941c585,True,14,descriptive_pending_human_review
adjudication-seed-fia-2022-sao-912114518455-01,adj-40c4f3d12c15506c,incident-src-40c4f3d12c15506c,fia-2022-sao-912114518455,2022-sao,Race,causing_collision,1,44,Turns 1-2,,,unresolved,6,7,6|7,2022-11-13T18:14:00+00:00,2022-11-13T18:15:00+00:00,fia_clock_lap_interval,referral-0dd70d10c29e7dad,high_confidence_algorithmic,13.0,7.0,13.0,noted|investigation|sanction_announced,"[""TURN 2 INCIDENT INVOLVING CARS 1 (VER) AND 44 (HAM) NOTED - CAUSING A COLLISION"", ""FIA STEWARDS: TURN 2 INCIDENT INVOLVING CARS 1 (VER) AND 44 (HAM) UNDER INVESTIGATION - CAUSING A COLLISION"", ""FIA STEWARDS: 5 SECOND TIME PENALTY FOR CAR 1 (VER) - CAUSING A COLLISION""]",False,False,False,outside,unknown,apex,False,"{""attacker_line"": [""The Stewards determined that Verstappen attempted to pass Hamilton on the outside of turn 1 by braking very late.""], ""corner_phase"": [""While the Stewards recognize that Hamilton could possibly have given a little more room at the apex of turn 2, the Stewards determined that Verstappen was predominantly at fault.""]}",machine_extracted_pending_human_review,pending_human_review,,,,internal_driving_guidelines,time_penalty,5,2,,predominantly_to_blame,referral-0dd70d10c29e7dad,True,14,descriptive_pending_human_review
adjudication-seed-fia-2022-sao-b61d2a302ed0-01,adj-3700ca1e1401e213,incident-src-3700ca1e1401e213,fia-2022-sao-b61d2a302ed0,2022-sao,Race,causing_collision,3,20,Turn 8,,1,fia_incident_clock_single_lap_interval,1,1,1,2022-11-13T18:03:00+00:00,2022-11-13T18:04:00+00:00,fia_clock_lap_interval,referral-67780866808a5f6f,candidate_pending_review,11.0,2.0,4.0,noted|post_session_investigation,"[""TURN 9 INCIDENT INVOLVING CARS 20 (MAG) AND 3 (RIC) NOTED - CAUSING A COLLISION"", ""FIA STEWARDS: TURN 9 INCIDENT INVOLVING CARS 20 (MAG) AND 3 (RIC) WILL BE INVESTIGATED AFTER THE RACE - CAUSING A COLLISION""]",True,False,False,unknown,unknown,unknown,False,"{""first_lap"": [""However, they determined that the incident was between two cars and was not influenced by multiple other cars and is therefore not a “first lap incident.” The Stewards determined that Magnussen drove in a normal manner for that corner, and that he did not make any erratic moves.""]}",machine_extracted_pending_human_review,pending_human_review,,,,internal_driving_guidelines,grid_penalty,,2,3,wholly_to_blame,referral-67780866808a5f6f,True,14,descriptive_pending_human_review
adjudication-seed-fia-2022-sao-1389f4a1ad53-01,adj-e01a3f0d7bc0ac4d,incident-src-e01a3f0d7bc0ac4d,fia-2022-sao-1389f4a1ad53,2022-sao,Sprint,causing_collision,14,31,"Turns 15, 4",,,unresolved,1,2,1|2,2022-11-12T19:34:00+00:00,2022-11-12T19:35:00+00:00,fia_clock_lap_interval,referral-1ac16516e7acdc09,ambiguous_pending_review,11.0,21.0,21.0,noted,"[""LAP 1 INCIDENTS INVOLVING CARS 14 (ALO) AND 31 (OCO) NOTED - CAUSING A COLLISION""]",False,False,False,unknown,unknown,unknown,False,{},machine_extracted_pending_human_review,pending_human_review,,,,internal_driving_guidelines,time_penalty,5,2,,wholly_to_blame,incident-src-e01a3f0d7bc0ac4d,True,1,descriptive_pending_human_review
adjudication-seed-fia-2022-sgp-f8928d0688eb-01,adj-ef4a6332c1a930b5,incident-src-ef4a6332c1a930b5,fia-2022-sgp-f8928d0688eb,2022-sgp,Race,causing_collision,6,24,Turn 5,,7,fia_incident_clock_single_lap_interval,7,7,7,2022-10-02T13:22:00+00:00,2022-10-02T13:23:00+00:00,fia_clock_lap_interval,referral-c7f06201ab374d1f,high_confidence_algorithmic,13.0,11.0,11.0,noted|investigation,"[""TURN 5 INCIDENT INVOLVING CARS 6 (LAT) AND 24 (ZHO) NOTED - CAUSING A COLLISION"", ""FIA STEWARDS: TURN 5 INCIDENT INVOLVING CARS 6 (LAT) AND 24 (ZHO) UNDER INVESTIGATION - CAUSING A COLLISION""]",False,False,False,unknown,unknown,unknown,False,{},machine_extracted_pending_human_review,pending_human_review,,,,internal_driving_guidelines,grid_penalty,,2,5,predominantly_to_blame,referral-c7f06201ab374d1f,True,14,descriptive_pending_human_review
adjudication-seed-fia-2022-usa-be8d3f7fc123-01,adj-cbab2a2368386dd0,incident-src-cbab2a2368386dd0,fia-2022-usa-be8d3f7fc123,2022-usa,Race,causing_collision,18,14,,,22,fia_incident_clock_single_lap_interval,22,22,22,2022-10-23T19:44:00+00:00,2022-10-23T19:45:00+00:00,fia_clock_lap_interval,referral-52ca5ebc758ae25e,candidate_pending_review,11.0,24.0,24.0,noted|post_session_investigation,"[""TURN 11 INCIDENT INVOLVING CARS 14 (ALO) AND 18 (STR) NOTED - CAUSING A COLLISION"", ""FIA STEWARDS: TURN 11 INCIDENT INVOLVING CARS 14 (ALO) AND 18 (STR) WILL BE INVESTIGATED AFTER THE RACE - CAUSING A COLLISION""]",False,False,False,unknown,unknown,unknown,False,{},machine_extracted_pending_human_review,pending_human_review,,,,internal_driving_guidelines,grid_penalty,,2,3,predominantly_to_blame,referral-52ca5ebc758ae25e,True,14,descriptive_pending_human_review
adjudication-seed-fia-2023-aus-039df3ca41c2-01,adj-844c3eb0fcd476be,incident-src-844c3eb0fcd476be,fia-2023-aus-039df3ca41c2,2023-aus,Race,causing_collision,55,14,,,,unresolved,56,57,56|57,2023-04-02T07:00:00+00:00,2023-04-02T07:01:00+00:00,fia_clock_lap_interval,referral-819d022d7636c1c8,high_confidence_algorithmic,13.0,58.0,58.0,noted|investigation|sanction_announced,"[""TURN 1 INCIDENT INVOLVING CARS 14 (ALO) AND 55 (SAI) NOTED - CAUSING A COLLISION"", ""FIA STEWARDS: TURN 1 INCIDENT INVOLVING CARS 14 (ALO) AND 55 (SAI) UNDER INVESTIGATION - CAUSING A COLLISION"", ""FIA STEWARDS: 5 SECOND TIME PENALTY FOR CAR 55 (SAI) - CAUSING A COLLISION""]",True,False,False,unknown,unknown,unknown,False,"{""first_lap"": [""For avoidance of doubt, we took into account the fact that this collision took place at the first lap of the restart, when, by convention, the Stewards would typically take a more lenient view of incidents."", ""However, in this particular case, notwithstanding the fact that it was the equivalent of a first lap incident, we considered that there was sufficient gap for Car 55 to take steps to avoid the collision and failed to do so.""]}",machine_extracted_pending_human_review,pending_human_review,,,,internal_driving_guidelines,time_penalty,5,2,,wholly_to_blame,referral-819d022d7636c1c8,True,14,descriptive_pending_human_review
adjudication-seed-fia-2023-bel-114852357eb8-01,adj-776c2086c0a9c6de,incident-src-776c2086c0a9c6de,fia-2023-bel-114852357eb8,2023-bel,Sprint,causing_collision,44,,Turn 15,,,unresolved,6,7,6|7,2023-07-29T16:05:00+00:00,2023-07-29T16:06:00+00:00,fia_clock_lap_interval,referral-c8d807c438aeb7eb,high_confidence_algorithmic,14.0,7.0,9.0,noted|investigation|sanction_announced,"[""TURN 15 INCIDENT INVOLVING CARS 11 (PER) AND 44 (HAM) NOTED - CAUSING A COLLISION"", ""FIA STEWARDS: TURN 15 INCIDENT INVOLVING CARS 11 (PER) AND 44 (HAM) UNDER INVESTIGATION - CAUSING A COLLISION"", ""FIA STEWARDS: 5 SECOND TIME PENALTY FOR CAR 44 (HAM) - CAUSING A COLLISION""]",False,True,False,inside,unknown,unknown,False,"{""attacker_line"": [""Hamilton was attempting to pass Perez on the inside at Turn 15."", ""While Perez was giving little room on the inside for Hamilton, Hamilton drove onto the kerb and subsequently understeered into Perez in the wet conditions.""], ""wet_track"": [""While Perez was giving little room on the inside for Hamilton, Hamilton drove onto the kerb and subsequently understeered into Perez in the wet conditions.""]}",machine_extracted_pending_human_review,pending_human_review,,,,internal_driving_guidelines,time_penalty,5,2,,predominantly_to_blame,referral-c8d807c438aeb7eb,True,1,descriptive_pending_human_review
adjudication-seed-fia-2023-jpn-45592291a09c-01,adj-478d73ac843b6a2b,incident-src-478d73ac843b6a2b,fia-2023-jpn-45592291a09c,2023-jpn,Race,causing_collision,11,20,Turn 11,,12,fia_incident_clock_single_lap_interval,12,12,12,2023-09-24T05:27:00+00:00,2023-09-24T05:28:00+00:00,fia_clock_lap_interval,referral-570dacabeafaef1c,high_confidence_algorithmic,15.0,13.0,15.0,noted|investigation|sanction_announced,"[""TURN 11 INCIDENT INVOLVING CARS 11 (PER) AND 20 (MAG) NOTED - CAUSING A COLLISION"", ""FIA STEWARDS: TURN 11 INCIDENT INVOLVING CARS 11 (PER) AND 20 (MAG) UNDER INVESTIGATION - CAUSING A COLLISION"", ""FIA STEWARDS: 5 SECOND TIME PENALTY FOR CAR 11 (PER) - CAUSING A COLLISION""]",False,False,False,inside,alongside,unknown,False,"{""attacker_line"": [""PER was trying to overtake MAG on the inside of turn 11.""], ""overlap"": [""Applying the 2023 Driving Standards Guidelines for overtaking at the inside of a corner, the Stewards noted that there was no significant portion of car 11 alongside car 20 and therefore determined that car 11 was not entitled to racing room in turn 11.""]}",machine_extracted_pending_human_review,pending_human_review,,,,internal_driving_guidelines,time_penalty,5,2,,predominantly_to_blame,referral-570dacabeafaef1c,True,14,descriptive_pending_human_review
adjudication-seed-fia-2023-jpn-ce0c4d6ce752-01,adj-ac7b841c1ea1648e,incident-src-ac7b841c1ea1648e,fia-2023-jpn-ce0c4d6ce752,2023-jpn,Race,causing_collision,2,,Turn 11,,5,fia_incident_clock_single_lap_interval,5,5,5,2023-09-24T05:15:00+00:00,2023-09-24T05:16:00+00:00,fia_clock_lap_interval,referral-2d9c0cda09c84248,high_confidence_algorithmic,14.0,7.0,9.0,noted|investigation|sanction_announced,"[""TURN 11 INCIDENT INVOLVING CARS 77 (BOT) AND 2 (SAR) NOTED - CAUSING A COLLISION"", ""FIA STEWARDS: TURN 11 INCIDENT INVOLVING CARS 77 (BOT) AND 2 (SAR) UNDER INVESTIGATION - CAUSING A COLLISION"", ""FIA STEWARDS: 5 SECOND TIME PENALTY FOR CAR 2 (SAR) - CAUSING A COLLISION""]",False,False,False,outside,alongside,unknown,False,"{""attacker_line"": [""BOT was about to overtake SAR at turn 11 on the outside."", ""Applying the 2023 Driving Standard Guidelines for overtaking on the outside of a corner, the Stewards noted that BOT left plenty of room for SAR, while he came alongside.""], ""overlap"": [""Applying the 2023 Driving Standard Guidelines for overtaking on the outside of a corner, the Stewards noted that BOT left plenty of room for SAR, while he came alongside.""]}",machine_extracted_pending_human_review,pending_human_review,,,,internal_driving_guidelines,time_penalty,5,2,,predominantly_to_blame,referral-2d9c0cda09c84248,True,14,descriptive_pending_human_review
adjudication-seed-fia-2023-mex-8f576b6655ce-01,adj-2e96bcd611e65b6d,incident-src-2e96bcd611e65b6d,fia-2023-mex-8f576b6655ce,2023-mex,Race,causing_collision,77,18,Turn 13,,66,fia_incident_clock_single_lap_interval,66,66,66,2023-10-29T21:59:00+00:00,2023-10-29T22:00:00+00:00,fia_clock_lap_interval,referral-2aba8b3f9466325c,candidate_pending_review,11.0,68.0,68.0,noted|post_session_investigation,"[""TURN 14 INCIDENT INVOLVING CARS 18 (STR) AND 77 (BOT) NOTED - CAUSING A COLLISION"", ""FIA STEWARDS: TURN 14 INCIDENT INVOLVING CARS 18 (STR) AND 77 (BOT) WILL BE INVESTIGATED AFTER THE RACE - CAUSING A COLLISION""]",False,False,False,unknown,unknown,exit,False,"{""corner_phase"": [""On the exit of the turn, Car 77 ran wide and as it attempted to return to the racing line, collided with Car 18 which was ahead of Car 77.""]}",machine_extracted_pending_human_review,pending_human_review,,,,internal_driving_guidelines,time_penalty,5,2,,predominantly_to_blame,referral-2aba8b3f9466325c,True,14,descriptive_pending_human_review
adjudication-seed-fia-2023-ned-26a60af9f412-01,adj-43692d4605090feb,incident-src-43692d4605090feb,fia-2023-ned-26a60af9f412,2023-ned,Race,causing_collision,22,,,,,unresolved,51,52,51|52,2023-08-27T14:15:00+00:00,2023-08-27T14:16:00+00:00,fia_clock_lap_interval,referral-e53215989816aca5,candidate_pending_review,12.0,54.0,63.0,noted|investigation|sanction_announced,"[""TURN 1 INCIDENT INVOLVING CARS 22 (TSU) AND 63 (RUS) NOTED - CAUSING A COLLISION"", ""FIA STEWARDS: TURN 1 INCIDENT INVOLVING CARS 22 (TSU) AND 63 (RUS) UNDER INVESTIGATION - CAUSING A COLLISION"", ""FIA STEWARDS: 5 SECOND TIME PENALTY FOR CAR 22 (TSU) - CAUSING A COLLISION""]",False,False,False,ambiguous_both_lines_mentioned,unknown,unknown,False,"{""attacker_line"": [""Tsunoda was on the dirty inside line and having braked later he then understeered into Russell."", ""Russell was overtaking on the outside of Tsunoda on the front straight and into turn one.""]}",machine_extracted_pending_human_review,pending_human_review,,,,internal_driving_guidelines,time_penalty,5,2,,predominantly_to_blame,referral-e53215989816aca5,True,14,descriptive_pending_human_review
adjudication-seed-fia-2023-sgp-f4e066ac44c1-01,adj-1eae245c11ac871f,incident-src-1eae245c11ac871f,fia-2023-sgp-f4e066ac44c1,2023-sgp,Race,causing_collision,11,23|40,Turn 13,,,unresolved,58,59,58|59,2023-09-17T13:44:00+00:00,2023-09-17T13:45:00+00:00,fia_clock_lap_interval,referral-fa5877ac295331e9,candidate_pending_review,11.0,59.0,60.0,noted|post_session_investigation,"[""TURN 13 INCIDENT INVOLVING CARS 11 (PER) AND 23 (ALB) NOTED - CAUSING A COLLISION"", ""FIA STEWARDS: TURN 13 INCIDENT INVOLVING CARS 11 (PER) AND 23 (ALB) WILL BE INVESTIGATED AFTER THE RACE - CAUSING A COLLISION""]",False,False,False,unknown,unknown,unknown,False,{},machine_extracted_pending_human_review,pending_human_review,,,,internal_driving_guidelines,time_penalty,5,1,,predominantly_to_blame,referral-fa5877ac295331e9,True,14,descriptive_pending_human_review
adjudication-seed-fia-2024-abu-4ec5bc83f9fa-01,adj-8ca9eb32832537c5,incident-src-8ca9eb32832537c5,fia-2024-abu-4ec5bc83f9fa,2024-abu,Race,causing_collision,1,81,Turn 1,,1,fia_incident_clock_single_lap_interval,1,1,1,2024-12-08T13:03:00+00:00,2024-12-08T13:04:00+00:00,fia_clock_lap_interval,referral-77f98b44ca9910e1,high_confidence_algorithmic,15.0,1.0,5.0,noted|investigation|sanction_announced,"[""TURN 1 INCIDENT INVOLVING CARS 1 (VER) AND 81 (PIA) NOTED - CAUSING A COLLISION"", ""FIA STEWARDS: TURN 1 INCIDENT INVOLVING CARS 1 (VER) AND 81 (PIA) UNDER INVESTIGATION - CAUSING A COLLISION"", ""FIA STEWARDS: 10 SECOND TIME PENALTY FOR CAR 1 (VER) - CAUSING A COLLISION""]",True,False,False,inside,alongside,apex,False,"{""attacker_line"": [""Car 1 attempted to overtake Car 81 on the inside into Turn 1, but never got far enough alongside.""], ""corner_phase"": [""Both cars collided shortly after the apex.""], ""overlap"": [""Car 1 attempted to overtake Car 81 on the inside into Turn 1, but never got far enough alongside.""]}",machine_extracted_pending_human_review,pending_human_review,,,,internal_driving_guidelines,time_penalty,10,2,,wholly_to_blame,referral-77f98b44ca9910e1,True,14,descriptive_pending_human_review
adjudication-seed-fia-2024-abu-62aed0693198-01,adj-5b76f9299c3d25a5,incident-src-5b76f9299c3d25a5,fia-2024-abu-62aed0693198,2024-abu,Race,causing_collision,77,11,Turn 6,1,1,model_reviewed_source_or_timing,1,1,1,2024-12-08T13:04:00+00:00,2024-12-08T13:05:00+00:00,fia_clock_lap_interval,referral-09e39de88467ad49,high_confidence_algorithmic,13.0,4.0,6.0,noted|investigation|sanction_announced,"[""TURN 7 INCIDENT INVOLVING CARS 77 (BOT) AND 11 (PER) NOTED - CAUSING A COLLISION"", ""FIA STEWARDS: TURN 7 INCIDENT INVOLVING CARS 77 (BOT) AND 11 (PER) UNDER INVESTIGATION - CAUSING A COLLISION"", ""FIA STEWARDS: 10 SECOND TIME PENALTY FOR CAR 77 (BOT) - CAUSING A COLLISION""]",True,False,False,inside,unknown,unknown,False,"{""attacker_line"": [""Car 77 attempted to overtake Car 11 on the inside into Turn 6, but ran over the inside kerb and hit the rear left wheel of Car 11.""]}",machine_extracted_pending_human_review,pending_human_review,,,,internal_driving_guidelines,time_penalty,10,2,,wholly_to_blame,referral-09e39de88467ad49,True,14,descriptive_pending_human_review
adjudication-seed-fia-2024-abu-b8e37d9fdbe9-01,adj-b6f8f8dea3be57fe,incident-src-b6f8f8dea3be57fe,fia-2024-abu-b8e37d9fdbe9,2024-abu,Race,causing_collision,81,43,Turn 6,,,unresolved,3,4,3|4,2024-12-08T13:08:00+00:00,2024-12-08T13:09:00+00:00,fia_clock_lap_interval,referral-426530d3c0394fff,high_confidence_algorithmic,15.0,6.0,9.0,noted|investigation|sanction_announced,"[""TURN 6 INCIDENT INVOLVING CARS 81 (PIA) AND 43 (COL) NOTED - CAUSING A COLLISION"", ""FIA STEWARDS: TURN 6 INCIDENT INVOLVING CARS 81 (PIA) AND 43 (COL) UNDER INVESTIGATION - CAUSING A COLLISION"", ""FIA STEWARDS: 10 SECOND TIME PENALTY FOR CAR 81 (PIA) - CAUSING A COLLISION""]",False,False,False,unknown,unknown,unknown,False,{},machine_extracted_pending_human_review,pending_human_review,,,,internal_driving_guidelines,time_penalty,10,2,,wholly_to_blame,referral-426530d3c0394fff,True,14,descriptive_pending_human_review
adjudication-seed-fia-2024-aut-0da607b84c40-01,adj-5005242a503c9174,incident-src-5005242a503c9174,fia-2024-aut-0da607b84c40,2024-aut,Race,causing_collision,1,4,Turn 3,,,unresolved,63,64,63|64,2024-06-30T14:17:00+00:00,2024-06-30T14:18:00+00:00,fia_clock_lap_interval,referral-2b2077507b58e645,high_confidence_algorithmic,15.0,64.0,68.0,noted|investigation|sanction_announced,"[""TURN 3 INCIDENT INVOLVING CARS 4 (NOR) AND 1 (VER) NOTED - CAUSING A COLLISION"", ""FIA STEWARDS: TURN 3 INCIDENT INVOLVING CARS 4 (NOR) AND 1 (VER) UNDER INVESTIGATION - CAUSING A COLLISION"", ""FIA STEWARDS: 10 SECOND TIME PENALTY FOR CAR 1 (VER) - CAUSING A COLLISION""]",False,False,False,unknown,alongside,unknown,False,"{""overlap"": [""Car 1 was approaching turn 3 with Car 4 alongside on his left.""]}",machine_extracted_pending_human_review,pending_human_review,,,,internal_driving_guidelines,time_penalty,10,2,,predominantly_to_blame,referral-2b2077507b58e645,True,14,descriptive_pending_human_review
adjudication-seed-fia-2024-aut-4d4962053c25-01,adj-b361bfe26bd9fde2,incident-src-b361bfe26bd9fde2,fia-2024-aut-4d4962053c25,2024-aut,Race,causing_collision,14,24,Turn 3,,,unresolved,19,20,19|20,2024-06-30T13:26:00+00:00,2024-06-30T13:27:00+00:00,fia_clock_lap_interval,referral-ec71cc44d3a01f25,high_confidence_algorithmic,15.0,21.0,23.0,noted|investigation|sanction_announced,"[""TURN 3 INCIDENT INVOLVING CARS 14 (ALO) AND 24 (ZHO) NOTED - CAUSING A COLLISION"", ""FIA STEWARDS: TURN 3 INCIDENT INVOLVING CARS 14 (ALO) AND 24 (ZHO) UNDER INVESTIGATION - CAUSING A COLLISION"", ""FIA STEWARDS: 10 SECOND TIME PENALTY FOR CAR 14 (ALO) - CAUSING A COLLISION""]",False,False,False,inside,unknown,apex,False,"{""attacker_line"": [""The driver of Car 14 attempted a very late overtake on Car 24 on the inside into turn 3.""], ""corner_phase"": [""He never got in a position to have the right to the line and made contact with Car 24 at the apex.""]}",machine_extracted_pending_human_review,pending_human_review,,,,internal_driving_guidelines,time_penalty,10,2,,wholly_to_blame,referral-ec71cc44d3a01f25,True,14,descriptive_pending_human_review
adjudication-seed-fia-2024-chn-6d2ca4d46d70-01,adj-e6937a3f0184649f,incident-src-e6937a3f0184649f,fia-2024-chn-6d2ca4d46d70,2024-chn,Race,causing_collision,20,22,Turn 6,,27,fia_incident_clock_single_lap_interval,27,27,27,2024-04-21T07:52:00+00:00,2024-04-21T07:53:00+00:00,fia_clock_lap_interval,referral-bc57992bc49b2fc1,high_confidence_algorithmic,15.0,30.0,34.0,noted|investigation|sanction_announced,"[""TURN 6 INCIDENT INVOLVING CARS 20 (MAG) AND 22 (TSU) NOTED - CAUSING A COLLISION"", ""FIA STEWARDS: TURN 6 INCIDENT INVOLVING CARS 20 (MAG) AND 22 (TSU) UNDER INVESTIGATION - CAUSING A COLLISION"", ""FIA STEWARDS: 10 SECOND TIME PENALTY FOR CAR 20 (MAG) - CAUSING A COLLISION""]",False,False,False,unknown,unknown,unknown,False,{},machine_extracted_pending_human_review,pending_human_review,,,,internal_driving_guidelines,time_penalty,10,2,,predominantly_to_blame,referral-bc57992bc49b2fc1,True,14,descriptive_pending_human_review
adjudication-seed-fia-2024-chn-e03c15c85429-01,adj-a3a2dc88b46fb907,incident-src-a3a2dc88b46fb907,fia-2024-chn-e03c15c85429,2024-chn,Race,causing_collision,18,3,Turn 14,,,unresolved,26,27,26|27,2024-04-21T07:51:00+00:00,2024-04-21T07:52:00+00:00,fia_clock_lap_interval,referral-9c8afbecf39abe74,high_confidence_algorithmic,15.0,28.0,34.0,noted|investigation|sanction_announced,"[""TURN 14 INCIDENT INVOLVING CARS 18 (STR) AND 3 (RIC) NOTED - CAUSING A COLLISION"", ""FIA STEWARDS: TURN 14 INCIDENT INVOLVING CARS 18 (STR) AND 3 (RIC) UNDER INVESTIGATION - CAUSING A COLLISION"", ""FIA STEWARDS: 10 SECOND TIME PENALTY FOR CAR 18 (STR) - CAUSING A COLLISION""]",False,False,False,unknown,unknown,unknown,False,{},machine_extracted_pending_human_review,pending_human_review,,,,internal_driving_guidelines,time_penalty,10,2,,predominantly_to_blame,referral-9c8afbecf39abe74,True,14,descriptive_pending_human_review
adjudication-seed-fia-2024-ita-9747ddf1dc7b-01,adj-def027f293e93425,incident-src-def027f293e93425,fia-2024-ita-9747ddf1dc7b,2024-ita,Race,causing_collision,20,10,Turn 4,,,unresolved,18,19,18|19,2024-09-01T13:29:00+00:00,2024-09-01T13:30:00+00:00,fia_clock_lap_interval,referral-4a82c37c938fc223,high_confidence_algorithmic,15.0,19.0,25.0,noted|investigation|sanction_announced,"[""TURN 4 INCIDENT INVOLVING CARS 20 (MAG) AND 10 (GAS) NOTED - CAUSING A COLLISION"", ""FIA STEWARDS: TURN 4 INCIDENT INVOLVING CARS 20 (MAG) AND 10 (GAS) UNDER INVESTIGATION - CAUSING A COLLISION"", ""FIA STEWARDS: 10 SECOND TIME PENALTY FOR CAR 20 (MAG) - CAUSING A COLLISION""]",False,False,False,inside,unknown,unknown,False,"{""attacker_line"": [""On the approach to Turn 4, Car 20 attempted to overtake Car 10 on the inside.""]}",machine_extracted_pending_human_review,pending_human_review,,,,internal_driving_guidelines,time_penalty,10,2,,wholly_to_blame,referral-4a82c37c938fc223,True,14,descriptive_pending_human_review
adjudication-seed-fia-2024-mex-c52d53ba8a48-01,adj-c66b11904508fc88,incident-src-c66b11904508fc88,fia-2024-mex-c52d53ba8a48,2024-mex,Race,causing_collision,43,30,"Turns 2, 1",,65,fia_incident_clock_single_lap_interval,65,65,65,2024-10-27T21:37:00+00:00,2024-10-27T21:38:00+00:00,fia_clock_lap_interval,referral-353f20b08f4eabf0,ambiguous_pending_review,8.0,71.0,71.0,sanction_announced,"[""FIA STEWARDS: 10 SECOND TIME PENALTY FOR CAR 43 (COL) - CAUSING A COLLISION""]",False,False,False,outside,alongside,apex,False,"{""attacker_line"": [""Colapinto was attempting to overtake on the outside of Lawson at Turn 1.""], ""corner_phase"": [""He was not quite fully alongside at the apex and through the exit and was thus not “entitled” to racing room at the exit."", ""Lawson gave Colapinto room at the apex of Turn 2.""], ""overlap"": [""He was not quite fully alongside at the apex and through the exit and was thus not “entitled” to racing room at the exit.""]}",machine_extracted_pending_human_review,pending_human_review,,,,internal_driving_guidelines,time_penalty,10,2,,predominantly_to_blame,incident-src-c66b11904508fc88,True,14,descriptive_pending_human_review
adjudication-seed-fia-2024-sao-77a08cd10ed4-01,adj-c415a16a0b4f8470,incident-src-c415a16a0b4f8470,fia-2024-sao-77a08cd10ed4,2024-sao,Race,causing_collision,81,30,Turn 1,,,unresolved,25,26,25|26,2024-11-03T16:25:00+00:00,2024-11-03T16:26:00+00:00,fia_clock_lap_interval,referral-56f9042ef5b6a732,high_confidence_algorithmic,14.0,27.0,33.0,noted|investigation|sanction_announced,"[""TURN 1 INCIDENT INVOLVING CARS 81 (PIA) AND 30 (LAW) NOTED - CAUSING A COLLISION"", ""FIA STEWARDS: TURN 1 INCIDENT INVOLVING CARS 81 (PIA) AND 30 (LAW) UNDER INVESTIGATION - CAUSING A COLLISION"", ""FIA STEWARDS: 10 SECOND TIME PENALTY FOR CAR 81 (PIA) - CAUSING A COLLISION"", ""TURN 1 INCIDENT INVOLVING CARS 44 (HAM) AND 30 (LAW) NOTED - CAUSING A COLLISION""]",False,False,False,inside,unknown,unknown,False,"{""attacker_line"": [""The driver of car 81 did not reach the point as required by the Driving Standard Guidelines to be entitled to room on the inside.""]}",machine_extracted_pending_human_review,pending_human_review,,,,internal_driving_guidelines,time_penalty,10,2,,wholly_to_blame,referral-56f9042ef5b6a732,True,14,descriptive_pending_human_review
adjudication-seed-fia-2025-aut-1b2cf15490ab-01,adj-dc3cbf1b2175e95d,incident-src-dc3cbf1b2175e95d,fia-2025-aut-1b2cf15490ab,2025-aut,Race,causing_collision,12,1|30,Turn 3,1,1,model_reviewed_source_or_timing,1,1,1,2025-06-29T13:18:00+00:00,2025-06-29T13:19:00+00:00,fia_clock_lap_interval,referral-5dcd77f0eab66ae4,candidate_pending_review,11.0,3.0,4.0,noted|post_session_investigation,"[""TURN 3 INCIDENT INVOLVING CARS 12 (ANT) AND 1 (VER) NOTED - CAUSING A COLLISION"", ""FIA STEWARDS: TURN 3 INCIDENT INVOLVING CARS 12 (ANT) AND 1 (VER) WILL BE INVESTIGATED AFTER THE RACE - CAUSING A COLLISION""]",True,False,False,inside,unknown,unknown,False,"{""attacker_line"": [""Taking evasive action led to the car having less grip on the dirty inside line and therefore he was not able to decelerate the car in a way to avoid the collision with Car 1.""], ""first_lap"": [""The Stewards determine that, although the incident happened in Lap 1, no other cars influenced the incident and the driver of Car 12 is fully at fault."", ""Therefore the more lenient approach to judging Lap 1 incidents has not been applied in this case.""]}",machine_extracted_pending_human_review,pending_human_review,,,,public_driving_and_penalty_guidelines,grid_penalty,,2,3,wholly_to_blame,referral-5dcd77f0eab66ae4,True,7,descriptive_pending_human_review
adjudication-seed-fia-2025-aut-41aebded7db6-01,adj-1651c96225ee4d5c,incident-src-1651c96225ee4d5c,fia-2025-aut-41aebded7db6,2025-aut,Race,causing_collision,22,43,Turn 4,,30,fia_incident_clock_single_lap_interval,30,30,30,2025-06-29T13:55:00+00:00,2025-06-29T13:56:00+00:00,fia_clock_lap_interval,referral-f8ec31dc5b84851c,high_confidence_algorithmic,15.0,32.0,33.0,noted|investigation|sanction_announced,"[""TURN 4 INCIDENT INVOLVING CARS 22 (TSU) AND 43 (COL) NOTED - CAUSING A COLLISION"", ""FIA STEWARDS: TURN 4 INCIDENT INVOLVING CARS 22 (TSU) AND 43 (COL) UNDER INVESTIGATION - CAUSING A COLLISION"", ""FIA STEWARDS: 10 SECOND TIME PENALTY FOR CAR 22 (TSU) - CAUSING A COLLISION""]",False,False,False,inside,front_axle_ahead,apex,False,"{""attacker_line"": [""Car 22 attempted an overtake on the inside on Car 43 into Turn 4 and both cars collided after the apex.""], ""corner_phase"": [""Car 22 attempted an overtake on the inside on Car 43 into Turn 4 and both cars collided after the apex.""], ""overlap"": [""The Stewards determine that the driver of Car 22 was fully at fault as the front axle of Car 22 never got ahead of the mirrors of Car 43 before the collision.""]}",machine_extracted_pending_human_review,pending_human_review,,,,public_driving_and_penalty_guidelines,time_penalty,10,2,,wholly_to_blame,referral-f8ec31dc5b84851c,True,7,descriptive_pending_human_review
adjudication-seed-fia-2025-aze-0d1070d6a1c6-01,adj-94d8c357c79994c4,incident-src-94d8c357c79994c4,fia-2025-aze-0d1070d6a1c6,2025-aze,Race,causing_collision,23,43,Turn 5,,17,fia_incident_clock_single_lap_interval,17,17,17,2025-09-21T11:37:00+00:00,2025-09-21T11:38:00+00:00,fia_clock_lap_interval,referral-8fb16f079cf7e00b,high_confidence_algorithmic,15.0,19.0,19.0,noted|investigation|sanction_announced,"[""TURN 5 INCIDENT INVOLVING CARS 23 (ALB) AND 43 (COL) NOTED - CAUSING A COLLISION"", ""FIA STEWARDS: TURN 5 INCIDENT INVOLVING CARS 23 (ALB) AND 43 (COL) UNDER INVESTIGATION - CAUSING A COLLISION"", ""FIA STEWARDS: 10 SECOND TIME PENALTY FOR CAR 23 (ALB) - CAUSING A COLLISION""]",False,False,False,inside,unknown,unknown,False,"{""attacker_line"": [""Entering Turn 5 Car 23 attempted to overtake Car 43 on the inside however did not have his front axle level with the mirror of Car 43, Car 43 was in control and taking the normal racing line, therefore Car 23 did not have the right to the corner and accordingly was wholly responsible for the collision.""]}",machine_extracted_pending_human_review,pending_human_review,,,,public_driving_and_penalty_guidelines,time_penalty,10,2,,wholly_to_blame,referral-8fb16f079cf7e00b,True,7,descriptive_pending_human_review
adjudication-seed-fia-2025-can-acdc79e65cc6-01,adj-bfdfb2effacad54c,incident-src-bfdfb2effacad54c,fia-2025-can-acdc79e65cc6,2025-can,Race,causing_collision,4,81,,,,unresolved,66,67,66|67,2025-06-15T19:27:00+00:00,2025-06-15T19:28:00+00:00,fia_clock_lap_interval,referral-f49e8069307abb3e,candidate_pending_review,11.0,70.0,70.0,noted|post_session_investigation,"[""START/FINISH STRAIGHT INCIDENT INVOLVING CARS 4 (NOR) AND 81 (PIA) NOTED - CAUSING A COLLISION"", ""FIA STEWARDS: START/FINISH STRAIGHT INCIDENT INVOLVING CARS 4 (NOR) AND 81 (PIA) WILL BE INVESTIGATED AFTER THE RACE - CAUSING A COLLISION""]",False,False,False,unknown,unknown,unknown,False,{},machine_extracted_pending_human_review,pending_human_review,,,,public_driving_and_penalty_guidelines,time_penalty,5,,,wholly_to_blame,referral-f49e8069307abb3e,True,7,descriptive_pending_human_review
adjudication-seed-fia-2025-chn-5f2ef54b24c3-01,adj-f73048c90c90fbee,incident-src-f73048c90c90fbee,fia-2025-chn-5f2ef54b24c3,2025-chn,Sprint,causing_collision,7,5,Turn 14,,19,fia_incident_clock_single_lap_interval,19,19,19,2025-03-22T03:34:00+00:00,2025-03-22T03:35:00+00:00,fia_clock_lap_interval,referral-80b7ad494889ee19,high_confidence_algorithmic,13.0,19.0,19.0,noted|investigation,"[""TURN 14 INCIDENT INVOLVING CARS 7 (DOO) AND 5 (BOR) NOTED - CAUSING A COLLISION"", ""FIA STEWARDS: TURN 14 INCIDENT INVOLVING CARS 7 (DOO) AND 5 (BOR) UNDER INVESTIGATION - CAUSING A COLLISION""]",False,False,False,inside,unknown,apex,False,"{""attacker_line"": [""DOO attempted to overtake BOR on the inside of turn 14 but locked up at the apex of the corner and collided with BOR.""], ""corner_phase"": [""DOO attempted to overtake BOR on the inside of turn 14 but locked up at the apex of the corner and collided with BOR."", ""Secondly, applying the Driving Standards Guidelines, DOO did not have the right to the corner at the apex and should have backed off – here, because of the speed at which he approached the corner for the overtake and the resulting lockup and understeer, a collision was caused, for which DOO was predominantly to blame.""]}",machine_extracted_pending_human_review,pending_human_review,,,,public_driving_and_penalty_guidelines,time_penalty,10,2,,predominantly_to_blame,referral-80b7ad494889ee19,True,2,descriptive_pending_human_review
adjudication-seed-fia-2025-hun-3fbd14c36cd7-01,adj-4fb7700e0eacd773,incident-src-4fb7700e0eacd773,fia-2025-hun-3fbd14c36cd7,2025-hun,Race,causing_collision,10,55,Turn 4,,61,fia_incident_clock_single_lap_interval,61,61,61,2025-08-03T14:27:00+00:00,2025-08-03T14:28:00+00:00,fia_clock_lap_interval,referral-da5b6ae5cfb3c8a1,high_confidence_algorithmic,13.0,64.0,67.0,noted|investigation|sanction_announced,"[""TURN 2 INCIDENT INVOLVING CARS 10 (GAS) AND 55 (SAI) NOTED - CAUSING A COLLISION"", ""FIA STEWARDS: TURN 2 INCIDENT INVOLVING CARS 10 (GAS) AND 55 (SAI) UNDER INVESTIGATION - CAUSING A COLLISION"", ""FIA STEWARDS: 10 SECOND TIME PENALTY FOR CAR 10 (GAS) - CAUSING A COLLISION""]",False,False,False,outside,front_axle_ahead,apex,False,"{""attacker_line"": [""Car 55 attempted an overtake on the outside on Car 10 into Turn 4.""], ""corner_phase"": [""Car 55 had its front axle ahead of the front axle of Car 10 at the apex and therefore had the right to the racing line according to the Driving Standard Guidelines.""], ""overlap"": [""Car 55 had its front axle ahead of the front axle of Car 10 at the apex and therefore had the right to the racing line according to the Driving Standard Guidelines.""]}",machine_extracted_pending_human_review,pending_human_review,,,,public_driving_and_penalty_guidelines,time_penalty,10,2,,wholly_to_blame,referral-da5b6ae5cfb3c8a1,True,7,descriptive_pending_human_review
adjudication-seed-fia-2025-ita-9d19bb5350fc-01,adj-c3132170cde7b7cf,incident-src-c3132170cde7b7cf,fia-2025-ita-9d19bb5350fc,2025-ita,Race,causing_collision,87,55,Turn 4,,40,fia_incident_clock_single_lap_interval,40,40,40,2025-09-07T13:59:00+00:00,2025-09-07T14:00:00+00:00,fia_clock_lap_interval,referral-05462a009b963b4e,high_confidence_algorithmic,13.0,42.0,46.0,noted|investigation|sanction_announced,"[""TURN 5 INCIDENT INVOLVING CARS 55 (SAI) AND 87 (BEA) NOTED"", ""FIA STEWARDS: TURN 5 INCIDENT INVOLVING CARS 87 (BEA) AND 55 (SAI) UNDER INVESTIGATION - CAUSING A COLLISION"", ""FIA STEWARDS: 10 SECOND TIME PENALTY FOR CAR 87 (BEA) - CAUSING A COLLISION""]",False,False,False,ambiguous_both_lines_mentioned,front_axle_ahead,apex,False,"{""attacker_line"": [""The driver of Car 87 defended his position on the inside instead of giving up the position and caused the collision."", ""Car 55 attempted to overtake Car 87 on the outside into Turn 4 and had its front axle ahead of the front axle of Car 87 at the apex, thereby earning the right to the racing line.""], ""corner_phase"": [""Car 55 attempted to overtake Car 87 on the outside into Turn 4 and had its front axle ahead of the front axle of Car 87 at the apex, thereby earning the right to the racing line.""], ""overlap"": [""Car 55 attempted to overtake Car 87 on the outside into Turn 4 and had its front axle ahead of the front axle of Car 87 at the apex, thereby earning the right to the racing line.""]}",machine_extracted_pending_human_review,pending_human_review,,,,public_driving_and_penalty_guidelines,time_penalty,10,2,,predominantly_to_blame,referral-05462a009b963b4e,True,2,descriptive_pending_human_review
adjudication-seed-fia-2025-mia-2fbe65f9cac5-01,adj-cc7aa990ebfcb644,incident-src-cc7aa990ebfcb644,fia-2025-mia-2fbe65f9cac5,2025-mia,Race,causing_collision,44,55,Turn 17,,57,fia_incident_clock_single_lap_interval,57,57,57,2025-05-04T21:33:00+00:00,2025-05-04T21:34:00+00:00,fia_clock_lap_interval,referral-6fc136acc0b9e3a0,high_confidence_algorithmic,13.0,57.0,57.0,noted|post_session_investigation,"[""TURN 17 INCIDENT INVOLVING CARS 44 (HAM) AND 55 (SAI) NOTED - CAUSING A COLLISION"", ""FIA STEWARDS: TURN 17 INCIDENT INVOLVING CARS 44 (HAM) AND 55 (SAI) WILL BE INVESTIGATED AFTER THE RACE - CAUSING A COLLISION""]",False,False,False,inside,unknown,apex,False,"{""attacker_line"": [""Car 55 attempted an overtake on the inside of Car 44 into Turn 17 and both cars made contact at the apex.""], ""corner_phase"": [""Car 55 attempted an overtake on the inside of Car 44 into Turn 17 and both cars made contact at the apex.""]}",machine_extracted_pending_human_review,pending_human_review,,,,public_driving_and_penalty_guidelines,no_further_action,,,,shared_fault,referral-6fc136acc0b9e3a0,False,2,descriptive_pending_human_review
adjudication-seed-fia-2025-mia-45845998ca54-01,adj-324b4967a8663b58,incident-src-324b4967a8663b58,fia-2025-mia-45845998ca54,2025-mia,Race,causing_collision,55,44,Turn 17,,57,fia_incident_clock_single_lap_interval,57,57,57,2025-05-04T21:33:00+00:00,2025-05-04T21:34:00+00:00,fia_clock_lap_interval,referral-6fc136acc0b9e3a0,high_confidence_algorithmic,13.0,57.0,57.0,noted|post_session_investigation,"[""TURN 17 INCIDENT INVOLVING CARS 44 (HAM) AND 55 (SAI) NOTED - CAUSING A COLLISION"", ""FIA STEWARDS: TURN 17 INCIDENT INVOLVING CARS 44 (HAM) AND 55 (SAI) WILL BE INVESTIGATED AFTER THE RACE - CAUSING A COLLISION""]",False,False,False,inside,unknown,apex,False,"{""attacker_line"": [""Car 55 attempted an overtake on the inside of Car 44 into Turn 17 and both cars made contact at the apex.""], ""corner_phase"": [""Car 55 attempted an overtake on the inside of Car 44 into Turn 17 and both cars made contact at the apex.""]}",machine_extracted_pending_human_review,pending_human_review,,,,public_driving_and_penalty_guidelines,no_further_action,,,,shared_fault,referral-6fc136acc0b9e3a0,False,2,descriptive_pending_human_review
adjudication-seed-fia-2025-mia-257f8720a641-01,adj-5fb4a92076f8efba,incident-src-5fb4a92076f8efba,fia-2025-mia-257f8720a641,2025-mia,Sprint,causing_collision,30,14,"Turns 12, 11",,14,fia_incident_clock_single_lap_interval,14,14,14,2025-05-03T16:54:00+00:00,2025-05-03T16:55:00+00:00,fia_clock_lap_interval,referral-b7a7e983f39b483b,candidate_pending_review,11.0,16.0,16.0,noted,"[""TURN 12 INCIDENT INVOLVING CARS 30 (LAW) AND 14 (ALO) NOTED - CAUSING A COLLISION""]",False,False,False,outside,ambiguous,apex,False,"{""attacker_line"": [""Car 30 was attempting an overtake on the outside of Car 14 into Turn 11.""], ""corner_phase"": [""Although being able to pull fully alongside, the front axle of Car 30 was not ahead of the front axle of Car 14 at the apex as required per the Driving Standards Guidelines.""], ""overlap"": [""Although being able to pull fully alongside, the front axle of Car 30 was not ahead of the front axle of Car 14 at the apex as required per the Driving Standards Guidelines."", ""Although being able to pull fully alongside, the front axle of Car 30 was not ahead of the front axle of Car 14 at the apex as required per the Driving Standards Guidelines.""]}",machine_extracted_pending_human_review,pending_human_review,,,,public_driving_and_penalty_guidelines,time_penalty,5,1,,predominantly_to_blame,referral-b7a7e983f39b483b,True,2,descriptive_pending_human_review
adjudication-seed-fia-2025-sao-06b73ba655ed-01,adj-7f13cd0ba94d7090,incident-src-7f13cd0ba94d7090,fia-2025-sao-06b73ba655ed,2025-sao,Race,causing_collision,22,18,Turn 8,6,6,model_reviewed_source_or_timing,5,6,5|6,2025-11-09T17:12:00+00:00,2025-11-09T17:13:00+00:00,fia_clock_lap_interval,referral-9cd85ab0e35ccaec,high_confidence_algorithmic,15.0,10.0,12.0,noted|investigation|sanction_announced,"[""TURN 8 INCIDENT INVOLVING CARS 22 (TSU) AND 18 (STR) NOTED - CAUSING A COLLISION"", ""FIA STEWARDS: TURN 8 INCIDENT INVOLVING CARS 22 (TSU) AND 18 (STR) UNDER INVESTIGATION - CAUSING A COLLISION"", ""FIA STEWARDS: 10 SECOND TIME PENALTY FOR CAR 22 (TSU) - CAUSING A COLLISION""]",False,False,False,inside,unknown,unknown,False,"{""attacker_line"": [""On lap 6, Car 22 (TSU) approached Turn 8 carrying much more speed than the cars ahead, closed up on the inside behind Car 18 (STR), and made contact with the rear of that car, causing a collision and forcing Car 18 into a spin.""]}",machine_extracted_pending_human_review,pending_human_review,,,,public_driving_and_penalty_guidelines,time_penalty,10,2,,wholly_to_blame,referral-9cd85ab0e35ccaec,True,7,descriptive_pending_human_review
adjudication-seed-fia-2025-sao-8b59704b34d7-01,adj-ae58e3cecb00d019,incident-src-ae58e3cecb00d019,fia-2025-sao-8b59704b34d7,2025-sao,Race,causing_collision,44,43,Turn 15,2,2,model_reviewed_source_or_timing,1,2,1|2,2025-11-09T17:04:00+00:00,2025-11-09T17:05:00+00:00,fia_clock_lap_interval,referral-6ad7e4165a21d44e,high_confidence_algorithmic,15.0,16.0,36.0,noted|investigation|sanction_announced,"[""TURN 15 INCIDENT INVOLVING CARS 44 (HAM) AND 43 (COL) NOTED - CAUSING A COLLISION"", ""FIA STEWARDS: TURN 15 INCIDENT INVOLVING CARS 44 (HAM) AND 43 (COL) UNDER INVESTIGATION - CAUSING A COLLISION"", ""FIA STEWARDS: 5 SECOND TIME PENALTY FOR CAR 44 (HAM) - CAUSING A COLLISION"", ""FIA STEWARDS: PENALTY SERVED - 5 SECOND TIME PENALTY FOR CAR 44 (HAM) - CAUSING A COLLISION""]",False,False,False,unknown,unknown,unknown,False,{},machine_extracted_pending_human_review,pending_human_review,,,,public_driving_and_penalty_guidelines,time_penalty,5,1,,wholly_to_blame,referral-6ad7e4165a21d44e,True,7,descriptive_pending_human_review
adjudication-seed-fia-2025-usa-1f9064819192-01,adj-d1735787a6532540,incident-src-d1735787a6532540,fia-2025-usa-1f9064819192,2025-usa,Race,causing_collision,55,12,Turn 15,,6,fia_incident_clock_single_lap_interval,6,6,6,2025-10-19T19:13:00+00:00,2025-10-19T19:14:00+00:00,fia_clock_lap_interval,referral-9ee5a096989b8230,high_confidence_algorithmic,13.0,8.0,9.0,noted|post_session_investigation,"[""TURN 15 INCIDENT INVOLVING CARS 12 (ANT) AND 55 (SAI) NOTED - CAUSING A COLLISION"", ""FIA STEWARDS: TURN 15 INCIDENT INVOLVING CARS 12 (ANT) AND 55 (SAI) WILL BE INVESTIGATED AFTER THE RACE - CAUSING A COLLISION""]",False,False,False,unknown,ambiguous,apex,False,"{""corner_phase"": [""Car 55 attempted an inside overtake on Car 12 at Turn 15 and a collision between the two cars occurred at the apex."", ""The driver of Car 55 maintained that he had expected the driver of Car 12 to leave him space at the apex but Car 12 turned in early and Car 55 locked brakes when it became clear that a collision was unavoidable."", ""However, at no point prior to the apex was the front axle of Car 55 alongside or ahead of the mirror of Car 12."", ""Therefore, according to the Driving Standards Guidelines, Car 55 had not earned a right to be left space at the apex.""], ""overlap"": [""However, at no point prior to the apex was the front axle of Car 55 alongside or ahead of the mirror of Car 12."", ""However, at no point prior to the apex was the front axle of Car 55 alongside or ahead of the mirror of Car 12.""]}",machine_extracted_pending_human_review,pending_human_review,,,,public_driving_and_penalty_guidelines,grid_penalty,,2,5,predominantly_to_blame,referral-9ee5a096989b8230,True,2,descriptive_pending_human_review
adjudication-seed-fia-2025-usa-e36053ba7969-01,adj-671ecdc75433b5c4,incident-src-671ecdc75433b5c4,fia-2025-usa-e36053ba7969,2025-usa,Sprint,causing_collision,18,31,Turn 1,,,unresolved,15,16,15|16,2025-10-18T17:32:00+00:00,2025-10-18T17:33:00+00:00,fia_clock_lap_interval,referral-1e360c2dff8943be,high_confidence_algorithmic,13.0,18.0,18.0,noted,"[""TURN 1 INCIDENT INVOLVING CARS 31 (OCO) AND 18 (STR) NOTED - CAUSING A COLLISION""]",False,False,False,unknown,unknown,unknown,False,{},machine_extracted_pending_human_review,pending_human_review,,,,public_driving_and_penalty_guidelines,grid_penalty,,2,5,wholly_to_blame,referral-1e360c2dff8943be,True,1,descriptive_pending_human_review
