evidence_id,steward_id,observed_date,date_precision,source_country_code,analysis_country_code,evidence_dimension,source_type,source_url,source_title,source_note
f1_1983_derek_warwick,derek_warwick,1983-12-31,season,GBR,GBR,formula1_competition_nationality,official_formula1_standings,https://www.formula1.com/en/results/1983/drivers,1983 Drivers Standings,Official Formula 1 standings publish Warwick as GBR.
f1_1983_danny_sullivan,danny_sullivan,1983-12-31,season,USA,USA,formula1_competition_nationality,official_formula1_standings,https://www.formula1.com/en/results/1983/drivers,1983 Drivers Standings,Official Formula 1 standings publish Sullivan as USA.
f1_1990_roberto_moreno,roberto_pupo_moreno,1990-12-31,season,BRA,BRA,formula1_competition_nationality,official_formula1_standings,https://www.formula1.com/en/results/1990/drivers,1990 Drivers Standings,Official Formula 1 standings publish Roberto Moreno as BRA.
f1_1996_mika_salo,mika_salo,1996-12-31,season,FIN,FIN,formula1_competition_nationality,official_formula1_standings,https://www.formula1.com/en/results/1996/drivers,1996 Drivers Standings,Official Formula 1 standings publish Salo as FIN.
f1_1996_johnny_herbert,johnny_herbert,1996-12-31,season,GBR,GBR,formula1_competition_nationality,official_formula1_standings,https://www.formula1.com/en/results/1996/drivers,1996 Drivers Standings,Official Formula 1 standings publish Herbert as GBR.
f1_2007_vitantonio_liuzzi,vitantonio_liuzzi,2007-12-31,season,ITA,ITA,formula1_competition_nationality,official_formula1_standings,https://www.formula1.com/en/results/2007/drivers,2007 Drivers Standings,Official Formula 1 standings publish Liuzzi as ITA.
f1_2010_vitaly_petrov,vitaly_petrov,2010-12-31,season,RUS,RUS,formula1_competition_nationality,official_formula1_standings,https://www.formula1.com/en/results/2010/drivers,2010 Drivers Standings,Official Formula 1 standings publish Petrov as RUS.
fia_2015_hungary_tim_mayer,tim_mayer,2015-05-03,exact,USA,USA,fia_published_country_code,official_fia_event_preview,https://api.fia.com/news/wtcc-2015-race-hungary-preview,WTCC 2015 Race of Hungary Preview,FIA officials list publishes Tim Mayer as USA.
fia_2015_hungary_silvia_bellot,silvia_bellot,2015-05-03,exact,ESP,ESP,fia_published_country_code,official_fia_event_preview,https://api.fia.com/news/wtcc-2015-race-hungary-preview,WTCC 2015 Race of Hungary Preview,FIA officials list publishes Silvia Bellot as ESP.
fia_2016_spa_mathieu_remmerie,mathieu_remmerie,2016-07-28,exact,BEL,BEL,fia_published_country_code,official_fia_event_preview,https://www.fia.com/news/f3-round-7-spa-francorchamps-key-facts,F3 Round 7 Spa-Francorchamps Key Facts,FIA officials list publishes Mathieu Remmerie as BEL.
fia_2016_spa_loic_bacquelaine,loic_bacquelaine,2016-07-28,exact,BEL,BEL,fia_published_country_code,official_fia_event_preview,https://www.fia.com/news/f3-round-7-spa-francorchamps-key-facts,F3 Round 7 Spa-Francorchamps Key Facts,FIA officials list publishes Loic Bacquelaine as BEL.
fia_2020_wmsc_dennis_dean,dennis_dean,2020-01-01,year,USA,USA,fia_published_country_code,official_fia_governance_list,https://www.fia.com/sites/default/files/cmsa_2020.pdf,2020 World Motor Sport Council,FIA council list publishes Dennis Dean as USA.
fia_2020_wmsc_enzo_spano,enzo_spano,2020-01-01,year,VEN,VEN,fia_published_country_code,official_fia_governance_list,https://www.fia.com/sites/default/files/cmsa_2020.pdf,2020 World Motor Sport Council,FIA council list publishes Vincenzo Spano as VEN.
fia_2021_spielberg_felix_holter,felix_holter,2021-07-02,exact,DEU,GER,fia_published_country_code,official_fia_event_visa,https://www.fia.com/sites/default/files/decision-document/2021%20Spielberg%20Event%20-%20VISA%20F3%20Spielberg.pdf,2021 Spielberg Event F3 Visa,FIA event visa publishes Felix Holter as DEU; normalized to GER.
fia_2021_spielberg_mazen_al_hilli,mazen_al_hilli,2021-07-02,exact,BHR,BHR,fia_published_country_code,official_fia_event_visa,https://www.fia.com/sites/default/files/decision-document/2021%20Spielberg%20Event%20-%20VISA%20F3%20Spielberg.pdf,2021 Spielberg Event F3 Visa,FIA event visa publishes Mazen Al Hilli as BHR.
fia_2022_sakhir_achim_loth,achim_loth,2022-03-18,exact,DEU,GER,fia_published_country_code,official_fia_event_visa,https://www.fia.com/sites/default/files/doc_6_-_2022_sakhir_event_-_f2_-_visa_for_the_bahrain_event.pdf,2022 Sakhir Event Visa,FIA event visa publishes Achim Loth as DEU; normalized to GER.
fia_2022_sakhir_loic_bacquelaine,loic_bacquelaine,2022-03-18,exact,BEL,BEL,fia_published_country_code,official_fia_event_visa,https://www.fia.com/sites/default/files/doc_6_-_2022_sakhir_event_-_f2_-_visa_for_the_bahrain_event.pdf,2022 Sakhir Event Visa,FIA event visa publishes Loic Bacquelaine as BEL.
fia_2022_budapest_dennis_dean,dennis_dean,2022-07-29,exact,USA,USA,fia_published_country_code,official_fia_event_visa,https://www.fia.com/sites/default/files/decision-document/2022%20Budapest%20Event%20-%20VISA.pdf,2022 Budapest Event Visa,FIA event visa publishes Dennis Dean as USA.
fia_2022_budapest_silvia_bellot,silvia_bellot,2022-07-29,exact,ESP,ESP,fia_published_country_code,official_fia_event_visa,https://www.fia.com/sites/default/files/decision-document/2022%20Budapest%20Event%20-%20VISA.pdf,2022 Budapest Event Visa,FIA event visa publishes Silvia Bellot as ESP.
fia_2022_budapest_loic_bacquelaine,loic_bacquelaine,2022-07-29,exact,LUX,LUX,fia_published_country_code,official_fia_event_visa,https://www.fia.com/sites/default/files/decision-document/2022%20Budapest%20Event%20-%20VISA.pdf,2022 Budapest Event Visa,FIA event visa publishes Loic Bacquelaine as LUX.
fia_2022_budapest_natalie_corsmit,natalie_corsmit,2022-07-29,exact,NLD,NED,fia_published_country_code,official_fia_event_visa,https://www.fia.com/sites/default/files/decision-document/2022%20Budapest%20Event%20-%20VISA.pdf,2022 Budapest Event Visa,FIA event visa publishes Natalie Corsmit as NLD; normalized to NED.
fia_2023_baku_steve_pence,steve_pence,2023-04-28,exact,USA,USA,fia_published_country_code,official_fia_event_visa,https://www.fia.com/sites/default/files/decision-document/2023%20Baku%20Event%20-%20VISA%20-%20F2%20Baku%202023.pdf,2023 Baku Event F2 Visa,FIA event visa publishes Steve Pence as USA.
fia_2023_baku_istvan_moni,istvan_moni,2023-04-28,exact,HUN,HUN,fia_published_country_code,official_fia_event_visa,https://www.fia.com/sites/default/files/decision-document/2023%20Baku%20Event%20-%20VISA%20-%20F2%20Baku%202023.pdf,2023 Baku Event F2 Visa,FIA event visa publishes Istvan Moni as HUN.
fia_2023_baku_emanuele_pirro,emanuele_pirro,2023-04-28,exact,ITA,ITA,fia_published_country_code,official_fia_event_visa,https://www.fia.com/sites/default/files/decision-document/2023%20Baku%20Event%20-%20VISA%20-%20F2%20Baku%202023.pdf,2023 Baku Event F2 Visa,FIA event visa publishes Emanuele Pirro as ITA.
fia_2023_spielberg_dennis_dean,dennis_dean,2023-06-30,exact,USA,USA,fia_published_country_code,official_fia_event_visa,https://www.fia.com/sites/default/files/decision-document/2023%20Spielberg%20Event%20-%20VISA%20F2%20Spielberg%202023.pdf,2023 Spielberg Event F2 Visa,FIA event visa publishes Dennis Dean as USA.
fia_2023_spielberg_istvan_moni,istvan_moni,2023-06-30,exact,HUN,HUN,fia_published_country_code,official_fia_event_visa,https://www.fia.com/sites/default/files/decision-document/2023%20Spielberg%20Event%20-%20VISA%20F2%20Spielberg%202023.pdf,2023 Spielberg Event F2 Visa,FIA event visa publishes Istvan Moni as HUN.
fia_2023_spielberg_pedro_lamy,pedro_lamy,2023-06-30,exact,PRT,POR,fia_published_country_code,official_fia_event_visa,https://www.fia.com/sites/default/files/decision-document/2023%20Spielberg%20Event%20-%20VISA%20F2%20Spielberg%202023.pdf,2023 Spielberg Event F2 Visa,FIA event visa publishes Pedro Lamy as PRT; normalized to POR.
fia_2024_perini_biography,matteo_perini,2024-10-01,month,ITA,ITA,fia_biographical_country,official_fia_article,https://www.fia.com/news/fia-introduces-new-officials-department-provide-centralised-approach-be-place-2025-season,FIA Introduces New Officials Department,FIA describes Matteo Perini as Italian.
fia_2025_wmsc_garry_connelly,garry_connelly,2025-06-08,exact,AUS,AUS,fia_published_country_code,official_fia_governance_list,https://www.fia.com/sites/default/files/wmsc_members_and_deputies_08.06.2025.pdf,2025 World Motor Sport Council,FIA council list publishes Garry Connelly as AUS.
fia_2025_wmsc_tom_kristensen,tom_kristensen,2025-06-08,exact,DNK,DEN,fia_published_country_code,official_fia_governance_list,https://www.fia.com/sites/default/files/wmsc_members_and_deputies_08.06.2025.pdf,2025 World Motor Sport Council,FIA council list publishes Tom Kristensen as DNK; normalized to DEN.
fia_2025_wmsc_andrew_mallalieu,andrew_mallalieu,2025-06-08,exact,BRB,BAR,fia_published_country_code,official_fia_governance_list,https://www.fia.com/sites/default/files/wmsc_members_and_deputies_08.06.2025.pdf,2025 World Motor Sport Council,FIA council list publishes Andrew Mallalieu as BRB; normalized to BAR.
fia_2025_wmsc_eric_barrabino,eric_barrabino,2025-06-08,exact,MCO,MON,fia_published_country_code,official_fia_governance_list,https://www.fia.com/sites/default/files/wmsc_members_and_deputies_08.06.2025.pdf,2025 World Motor Sport Council,FIA council list publishes Eric Barrabino as MCO; normalized to MON.
fia_2025_committee_amro_al_hamad,amro_al_hamad,2025-06-10,exact,QAT,QAT,fia_published_country_code,official_fia_governance_list,https://www.fia.com/sites/default/files/wmsc_committees_-_members_10.06.2025.pdf,2025 WMSC Committees,FIA committee list publishes Amro Al Hamad as QAT.
fia_2025_saudi_nish_shetty,nish_shetty,2025-04-18,exact,SGP,SGP,fia_published_country_code,official_fia_event_media_kit,https://www.fia.com/sites/default/files/pdf_saudi_media_kit-2025-english.pdf,2025 Saudi Arabian Grand Prix Media Kit,FIA event media kit publishes Nish Shetty as SGP.
fia_2025_saudi_loic_bacquelaine,loic_bacquelaine,2025-04-18,exact,LUX,LUX,fia_published_country_code,official_fia_event_media_kit,https://www.fia.com/sites/default/files/pdf_saudi_media_kit-2025-english.pdf,2025 Saudi Arabian Grand Prix Media Kit,FIA event media kit publishes Loic Bacquelaine as LUX.
fia_2025_saudi_enrique_bernoldi,enrique_bernoldi,2025-04-18,exact,BRA,BRA,fia_published_country_code,official_fia_event_media_kit,https://www.fia.com/sites/default/files/pdf_saudi_media_kit-2025-english.pdf,2025 Saudi Arabian Grand Prix Media Kit,FIA event media kit publishes Enrique Bernoldi as BRA.
fia_2025_saudi_matthew_selley,matthew_selley,2025-04-18,exact,AUS,AUS,fia_published_country_code,official_fia_event_media_kit,https://www.fia.com/sites/default/files/pdf_saudi_media_kit-2025-english.pdf,2025 Saudi Arabian Grand Prix Media Kit,FIA event media kit publishes Matt Selley as AUS.
fia_2013_britain_gerd_ennser,gerd_ennser,2013-06-28,exact,DEU,GER,fia_asn_affiliation,official_fia_event_preview,https://www.fia.com/news/british-grand-prix-preview,British Grand Prix Preview,FIA biography links Gerd Ennser to German ASN DMSB; normalized to GER.
fia_2018_bio_steve_stringwell,steve_stringwell,2018-01-01,year,GBR,GBR,fia_biographical_country,official_fia_steward_biography,https://www.fia.com/sites/default/files/race_stewards_biographies.pdf,Race Stewards Biographies,FIA biography describes Steve Stringwell as English.
fia_2015_spielberg_walter_jobst,walter_jobst,2015-07-31,exact,AUT,AUT,fia_published_country_code,official_fia_event_preview,https://www.fia.com/news/f3-2015-race-spielberg-preview,F3 2015 Race of Spielberg Preview,FIA officials list publishes Walter Jobst as AUT.
fia_2014_wtcc_paolo_longoni,paolo_longoni,2014-01-01,year,ITA,ITA,fia_published_country_code,official_fia_event_preview,https://www.fia.com/news/wtcc-race-austria-preview,WTCC Race of Austria Preview,FIA officials list publishes Paolo Longoni as ITA.
fia_2022_bio_david_domingo,david_domingo,2022-05-20,exact,ESP,ESP,fia_asn_affiliation,official_fia_event_preview,https://www.fia.com/sites/default/files/2022_spanish_gp_preview.pdf,2022 Spanish Grand Prix Preview,FIA biography identifies Domingo as a Spanish ASN steward.
fia_2017_governance_jose_abed,jose_abed,2017-12-08,exact,MEX,MEX,fia_asn_affiliation,official_fia_governance_list,https://www.fia.com/news/fia-annual-general-assembly,FIA Annual General Assembly,FIA governance list associates Jose Abed with OMDAI Mexico.
f1_2000_luciano_burti,luciano_burti,2000-12-31,season,BRA,BRA,formula1_competition_nationality,official_formula1_standings,https://www.formula1.com/en/results/2000/drivers,2000 Drivers Standings,Official Formula 1 standings publish Burti as BRA.
fia_2024_committee_yves_bacquelaine,yves_bacquelaine,2024-05-15,exact,BEL,BEL,fia_published_country_code,official_fia_governance_list,https://www.fia.com/sites/default/files/wmsc_committees_15052024.pdf,2024 WMSC Committees,FIA committee list publishes Yves Bacquelaine as BEL.
fia_2023_hpp_mohammed_al_hashmi,mohammed_al_hashmi,2023-02-20,exact,UAE,UAE,fia_biographical_country,official_fia_article,https://api.fia.com/news/mohammed-ben-sulayem-high-performance-programme-integral-future-proofing-fia-motor-sport-all,FIA High Performance Programme,FIA identifies Mohammed Al Hashmi as a steward trainee from UAE.
fia_2021_bio_richard_norbury,richard_norbury,2021-10-22,exact,GBR,GBR,fia_asn_affiliation,official_fia_event_preview,https://www.fia.com/sites/default/files/f121_17_usa_v1_copy.pdf,2021 United States Grand Prix Preview,FIA biography identifies Norbury as a British Grand Prix national steward and Motorsport UK director.
fia_2022_bio_danil_solomin,danil_solomin,2022-06-10,exact,AZE,AZE,fia_asn_affiliation,official_fia_event_preview,https://www.fia.com/sites/default/files/2022_azerbaijan_preview.pdf,2022 Azerbaijan Grand Prix Preview,FIA biography identifies Solomin as Azerbaijan Grand Prix national steward.
fia_2019_bio_lajos_herczeg,lajos_herczeg,2019-08-02,exact,HUN,HUN,fia_asn_affiliation,official_fia_event_preview,https://www.fia.com/sites/default/files/2019_hungarian_gp_preview_0.pdf,2019 Hungarian Grand Prix Preview,FIA biography identifies Herczeg as Hungarian national steward and MNASZ official.
fia_2018_bio_steve_chopping,steve_chopping,2018-09-14,exact,AUS,AUS,fia_asn_affiliation,official_fia_event_preview,https://www.fia.com/sites/default/files/2018_singapore_gp.pdf,2018 Singapore Grand Prix Preview,FIA biography identifies Chopping with CAMS and as Australian Grand Prix national steward.
fia_2017_media_zheng_honghai,zheng_honghai,2017-04-07,exact,CHN,CHN,fia_asn_affiliation,official_fia_event_media_kit,https://www.fia.com/sites/default/files/2017_f1_chinese_grand_prix_media_kit_full_version.pdf,2017 Chinese Grand Prix Media Kit,FIA event media kit identifies Zheng Honghai as the national steward in China.
fia_2023_dakar_hassan_alabdali,hassan_alabdali,2023-01-05,exact,KSA,KSA,fia_asn_affiliation,official_fia_event_result,https://app-cdn.sportity.com/46cdb719-debc-433d-9f53-51a0deebde61/c245fb5c-ea88-4daf-8a29-1056d2c37d17_5.21%20Final%20Classification%20of%20Stage%203.pdf,2023 Dakar Stage 3 Final Classification,Official FIA event result identifies Hassan Al Abdali as the ASN steward for the Saudi Arabian event.
fia_2019_canada_marcel_demers,marcel_demers,2019-06-07,exact,CAN,CAN,fia_asn_affiliation,official_fia_event_media_kit,https://www.fia.com/sites/default/files/guidemedia-gp_version_courte_2019_27mai.pdf,2019 Canadian Grand Prix Media Guide,FIA event media guide lists Marcel Demers among ASN Canada officials as a deputy clerk of the course.
