pilot_id,season,round_number,race_date,event_timezone,event_name,country,location,event_slug,season_slug,archive_url,archive_system,event_format,has_sprint,regime,is_pilot,catalog_source_url,selection_reason
2018-aus,2018,1,2018-03-25,+11:00,Australian Grand Prix,Australia,Melbourne,australian-grand-prix,,https://www.fia.com/championship/events/fia-formula-one-world-championship/season-2018/australian-grand-prix,legacy_event_timing,conventional,False,pre_driving_guidelines,False,https://github.com/theOehrly/Fast-F1,Completed Race/Sprint event in the predefined 2018-2025 population.
2018-bhr,2018,2,2018-04-08,+03:00,Bahrain Grand Prix,Bahrain,Sakhir,bahrain-grand-prix,,https://www.fia.com/events/fia-formula-one-world-championship/season-2018/eventtiming-information-0,legacy_event_timing,conventional,False,pre_driving_guidelines,False,https://github.com/theOehrly/Fast-F1,Completed Race/Sprint event in the predefined 2018-2025 population.
2018-chn,2018,3,2018-04-15,+08:00,Chinese Grand Prix,China,Shanghai,chinese-grand-prix,,https://www.fia.com/events/fia-formula-one-world-championship/season-2018/eventtiming-information-1,legacy_event_timing,conventional,False,pre_driving_guidelines,False,https://github.com/theOehrly/Fast-F1,Completed Race/Sprint event in the predefined 2018-2025 population.
2018-aze,2018,4,2018-04-29,+04:00,Azerbaijan Grand Prix,Azerbaijan,Baku,azerbaijan-grand-prix,,https://www.fia.com/events/fia-formula-one-world-championship/season-2018/eventtiming-information-23,legacy_event_timing,conventional,False,pre_driving_guidelines,False,https://github.com/theOehrly/Fast-F1,Completed Race/Sprint event in the predefined 2018-2025 population.
2018-esp,2018,5,2018-05-13,+02:00,Spanish Grand Prix,Spain,Barcelona,spanish-grand-prix,,https://www.fia.com/events/fia-formula-one-world-championship/season-2018/eventtiming-information-3,legacy_event_timing,conventional,False,pre_driving_guidelines,False,https://github.com/theOehrly/Fast-F1,Completed Race/Sprint event in the predefined 2018-2025 population.
2018-mco,2018,6,2018-05-27,+02:00,Monaco Grand Prix,Monaco,Monte Carlo,monaco-grand-prix,,https://www.fia.com/events/fia-formula-one-world-championship/season-2018/eventtiming-information-4,legacy_event_timing,conventional,False,pre_driving_guidelines,False,https://github.com/theOehrly/Fast-F1,Completed Race/Sprint event in the predefined 2018-2025 population.
2018-can,2018,7,2018-06-10,-04:00,Canadian Grand Prix,Canada,Montréal,canadian-grand-prix,,https://www.fia.com/events/fia-formula-one-world-championship/season-2018/eventtiming-information-5,legacy_event_timing,conventional,False,pre_driving_guidelines,False,https://github.com/theOehrly/Fast-F1,Completed Race/Sprint event in the predefined 2018-2025 population.
2018-fra,2018,8,2018-06-24,+02:00,French Grand Prix,France,Le Castellet,french-grand-prix,,https://www.fia.com/championship/events/fia-formula-one-world-championship/season-2018/french-grand-prix,legacy_event_timing,conventional,False,pre_driving_guidelines,False,https://github.com/theOehrly/Fast-F1,Completed Race/Sprint event in the predefined 2018-2025 population.
2018-aut,2018,9,2018-07-01,+02:00,Austrian Grand Prix,Austria,Spielberg,austrian-grand-prix,,https://www.fia.com/championship/events/fia-formula-one-world-championship/season-2018/austrian-grand-prix,legacy_event_timing,conventional,False,pre_driving_guidelines,False,https://github.com/theOehrly/Fast-F1,Completed Race/Sprint event in the predefined 2018-2025 population.
2018-gbr,2018,10,2018-07-08,+01:00,British Grand Prix,Great Britain,Silverstone,british-grand-prix,,https://www.fia.com/championship/events/fia-formula-one-world-championship/season-2018/british-grand-prix,legacy_event_timing,conventional,False,pre_driving_guidelines,False,https://github.com/theOehrly/Fast-F1,Completed Race/Sprint event in the predefined 2018-2025 population.
2018-deu,2018,11,2018-07-22,+02:00,German Grand Prix,Germany,Hockenheim,german-grand-prix,,https://www.fia.com/championship/events/fia-formula-one-world-championship/season-2018/german-grand-prix,legacy_event_timing,conventional,False,pre_driving_guidelines,False,https://github.com/theOehrly/Fast-F1,Completed Race/Sprint event in the predefined 2018-2025 population.
2018-hun,2018,12,2018-07-29,+02:00,Hungarian Grand Prix,Hungary,Budapest,hungarian-grand-prix,,https://www.fia.com/championship/events/fia-formula-one-world-championship/season-2018/hungarian-grand-prix,legacy_event_timing,conventional,False,pre_driving_guidelines,False,https://github.com/theOehrly/Fast-F1,Completed Race/Sprint event in the predefined 2018-2025 population.
2018-bel,2018,13,2018-08-26,+02:00,Belgian Grand Prix,Belgium,Spa-Francorchamps,belgian-grand-prix,,https://www.fia.com/championship/events/fia-formula-one-world-championship/season-2018/belgian-grand-prix,legacy_event_timing,conventional,False,pre_driving_guidelines,False,https://github.com/theOehrly/Fast-F1,Completed Race/Sprint event in the predefined 2018-2025 population.
2018-ita,2018,14,2018-09-02,+02:00,Italian Grand Prix,Italy,Monza,italian-grand-prix,,https://www.fia.com/championship/events/fia-formula-one-world-championship/season-2018/italian-grand-prix,legacy_event_timing,conventional,False,pre_driving_guidelines,False,https://github.com/theOehrly/Fast-F1,Completed Race/Sprint event in the predefined 2018-2025 population.
2018-sgp,2018,15,2018-09-16,+08:00,Singapore Grand Prix,Singapore,Singapore,singapore-grand-prix,,https://www.fia.com/championship/events/fia-formula-one-world-championship/season-2018/singapore-grand-prix,legacy_event_timing,conventional,False,pre_driving_guidelines,False,https://github.com/theOehrly/Fast-F1,Completed Race/Sprint event in the predefined 2018-2025 population.
2018-rus,2018,16,2018-09-30,+03:00,Russian Grand Prix,Russia,Sochi,russian-grand-prix,,https://www.fia.com/championship/events/fia-formula-one-world-championship/season-2018/russian-grand-prix,legacy_event_timing,conventional,False,pre_driving_guidelines,False,https://github.com/theOehrly/Fast-F1,Completed Race/Sprint event in the predefined 2018-2025 population.
2018-jpn,2018,17,2018-10-07,+09:00,Japanese Grand Prix,Japan,Suzuka,japanese-grand-prix,,https://www.fia.com/championship/events/fia-formula-one-world-championship/season-2018/japanese-grand-prix,legacy_event_timing,conventional,False,pre_driving_guidelines,False,https://github.com/theOehrly/Fast-F1,Completed Race/Sprint event in the predefined 2018-2025 population.
2018-usa,2018,18,2018-10-21,-05:00,United States Grand Prix,United States,Austin,united-states-grand-prix,,https://www.fia.com/championship/events/fia-formula-one-world-championship/season-2018/united-states-grand-prix,legacy_event_timing,conventional,False,pre_driving_guidelines,False,https://github.com/theOehrly/Fast-F1,Completed Race/Sprint event in the predefined 2018-2025 population.
2018-mex,2018,19,2018-10-28,-06:00,Mexican Grand Prix,Mexico,Mexico City,mexican-grand-prix,,https://www.fia.com/championship/events/fia-formula-one-world-championship/season-2018/mexican-grand-prix,legacy_event_timing,conventional,False,pre_driving_guidelines,False,https://github.com/theOehrly/Fast-F1,Completed Race/Sprint event in the predefined 2018-2025 population.
2018-bra,2018,20,2018-11-11,-02:00,Brazilian Grand Prix,Brazil,São Paulo,brazilian-grand-prix,,https://www.fia.com/championship/events/fia-formula-one-world-championship/season-2018/brazilian-grand-prix,legacy_event_timing,conventional,False,pre_driving_guidelines,False,https://github.com/theOehrly/Fast-F1,Completed Race/Sprint event in the predefined 2018-2025 population.
2018-abu,2018,21,2018-11-25,+04:00,Abu Dhabi Grand Prix,United Arab Emirates,Yas Marina,abu-dhabi-grand-prix,,https://www.fia.com/championship/events/fia-formula-one-world-championship/season-2018/abu-dhabi-grand-prix,legacy_event_timing,conventional,False,pre_driving_guidelines,False,https://github.com/theOehrly/Fast-F1,Completed Race/Sprint event in the predefined 2018-2025 population.
2019-aus,2019,1,2019-03-17,+11:00,Australian Grand Prix,Australia,Melbourne,Australian%20Grand%20Prix,season-2019-971,https://www.fia.com/documents/championships/fia-formula-one-world-championship-14/event/Australian%20Grand%20Prix/season/season-2019-971,document_archive,conventional,False,pre_driving_guidelines,False,https://github.com/theOehrly/Fast-F1,Completed Race/Sprint event in the predefined 2018-2025 population.
2019-bhr,2019,2,2019-03-31,+03:00,Bahrain Grand Prix,Bahrain,Sakhir,Bahrain%20Grand%20Prix,season-2019-971,https://www.fia.com/documents/championships/fia-formula-one-world-championship-14/event/Bahrain%20Grand%20Prix/season/season-2019-971,document_archive,conventional,False,pre_driving_guidelines,False,https://github.com/theOehrly/Fast-F1,Completed Race/Sprint event in the predefined 2018-2025 population.
2019-chn,2019,3,2019-04-14,+08:00,Chinese Grand Prix,China,Shanghai,Chinese%20Grand%20Prix,season-2019-971,https://www.fia.com/documents/championships/fia-formula-one-world-championship-14/event/Chinese%20Grand%20Prix/season/season-2019-971,document_archive,conventional,False,pre_driving_guidelines,False,https://github.com/theOehrly/Fast-F1,Completed Race/Sprint event in the predefined 2018-2025 population.
2019-aze,2019,4,2019-04-28,+04:00,Azerbaijan Grand Prix,Azerbaijan,Baku,Azerbaijan%20Grand%20Prix,season-2019-971,https://www.fia.com/documents/championships/fia-formula-one-world-championship-14/event/Azerbaijan%20Grand%20Prix/season/season-2019-971,document_archive,conventional,False,pre_driving_guidelines,False,https://github.com/theOehrly/Fast-F1,Completed Race/Sprint event in the predefined 2018-2025 population.
2019-esp,2019,5,2019-05-12,+02:00,Spanish Grand Prix,Spain,Barcelona,Spanish%20Grand%20Prix,season-2019-971,https://www.fia.com/documents/championships/fia-formula-one-world-championship-14/event/Spanish%20Grand%20Prix/season/season-2019-971,document_archive,conventional,False,pre_driving_guidelines,False,https://github.com/theOehrly/Fast-F1,Completed Race/Sprint event in the predefined 2018-2025 population.
2019-mco,2019,6,2019-05-26,+02:00,Monaco Grand Prix,Monaco,Monte Carlo,Monaco%20Grand%20Prix,season-2019-971,https://www.fia.com/documents/championships/fia-formula-one-world-championship-14/event/Monaco%20Grand%20Prix/season/season-2019-971,document_archive,conventional,False,pre_driving_guidelines,False,https://github.com/theOehrly/Fast-F1,Completed Race/Sprint event in the predefined 2018-2025 population.
2019-can,2019,7,2019-06-09,-04:00,Canadian Grand Prix,Canada,Montréal,Canadian%20Grand%20Prix,season-2019-971,https://www.fia.com/documents/championships/fia-formula-one-world-championship-14/event/Canadian%20Grand%20Prix/season/season-2019-971,document_archive,conventional,False,pre_driving_guidelines,False,https://github.com/theOehrly/Fast-F1,Completed Race/Sprint event in the predefined 2018-2025 population.
2019-fra,2019,8,2019-06-23,+02:00,French Grand Prix,France,Le Castellet,French%20Grand%20Prix,season-2019-971,https://www.fia.com/documents/championships/fia-formula-one-world-championship-14/event/French%20Grand%20Prix/season/season-2019-971,document_archive,conventional,False,pre_driving_guidelines,False,https://github.com/theOehrly/Fast-F1,Completed Race/Sprint event in the predefined 2018-2025 population.
2019-aut,2019,9,2019-06-30,+02:00,Austrian Grand Prix,Austria,Spielberg,Austrian%20Grand%20Prix,season-2019-971,https://www.fia.com/documents/championships/fia-formula-one-world-championship-14/event/Austrian%20Grand%20Prix/season/season-2019-971,document_archive,conventional,False,pre_driving_guidelines,True,https://github.com/theOehrly/Fast-F1,Feasibility pilot event retained in the full study catalog.
2019-gbr,2019,10,2019-07-14,+01:00,British Grand Prix,Great Britain,Silverstone,British%20Grand%20Prix,season-2019-971,https://www.fia.com/documents/championships/fia-formula-one-world-championship-14/event/British%20Grand%20Prix/season/season-2019-971,document_archive,conventional,False,pre_driving_guidelines,False,https://github.com/theOehrly/Fast-F1,Completed Race/Sprint event in the predefined 2018-2025 population.
2019-deu,2019,11,2019-07-28,+02:00,German Grand Prix,Germany,Hockenheim,German%20Grand%20Prix,season-2019-971,https://www.fia.com/documents/championships/fia-formula-one-world-championship-14/event/German%20Grand%20Prix/season/season-2019-971,document_archive,conventional,False,pre_driving_guidelines,False,https://github.com/theOehrly/Fast-F1,Completed Race/Sprint event in the predefined 2018-2025 population.
2019-hun,2019,12,2019-08-04,+02:00,Hungarian Grand Prix,Hungary,Budapest,Hungarian%20Grand%20Prix,season-2019-971,https://www.fia.com/documents/championships/fia-formula-one-world-championship-14/event/Hungarian%20Grand%20Prix/season/season-2019-971,document_archive,conventional,False,pre_driving_guidelines,False,https://github.com/theOehrly/Fast-F1,Completed Race/Sprint event in the predefined 2018-2025 population.
2019-bel,2019,13,2019-09-01,+02:00,Belgian Grand Prix,Belgium,Spa-Francorchamps,Belgian%20Grand%20Prix,season-2019-971,https://www.fia.com/documents/championships/fia-formula-one-world-championship-14/event/Belgian%20Grand%20Prix/season/season-2019-971,document_archive,conventional,False,pre_driving_guidelines,False,https://github.com/theOehrly/Fast-F1,Completed Race/Sprint event in the predefined 2018-2025 population.
2019-ita,2019,14,2019-09-08,+02:00,Italian Grand Prix,Italy,Monza,Italian%20Grand%20Prix,season-2019-971,https://www.fia.com/documents/championships/fia-formula-one-world-championship-14/event/Italian%20Grand%20Prix/season/season-2019-971,document_archive,conventional,False,pre_driving_guidelines,False,https://github.com/theOehrly/Fast-F1,Completed Race/Sprint event in the predefined 2018-2025 population.
2019-sgp,2019,15,2019-09-22,+08:00,Singapore Grand Prix,Singapore,Singapore,Singapore%20Grand%20Prix,season-2019-971,https://www.fia.com/documents/championships/fia-formula-one-world-championship-14/event/Singapore%20Grand%20Prix/season/season-2019-971,document_archive,conventional,False,pre_driving_guidelines,False,https://github.com/theOehrly/Fast-F1,Completed Race/Sprint event in the predefined 2018-2025 population.
2019-rus,2019,16,2019-09-29,+03:00,Russian Grand Prix,Russia,Sochi,Russian%20Grand%20Prix,season-2019-971,https://www.fia.com/documents/championships/fia-formula-one-world-championship-14/event/Russian%20Grand%20Prix/season/season-2019-971,document_archive,conventional,False,pre_driving_guidelines,False,https://github.com/theOehrly/Fast-F1,Completed Race/Sprint event in the predefined 2018-2025 population.
2019-jpn,2019,17,2019-10-13,+09:00,Japanese Grand Prix,Japan,Suzuka,Japanese%20Grand%20Prix,season-2019-971,https://www.fia.com/documents/championships/fia-formula-one-world-championship-14/event/Japanese%20Grand%20Prix/season/season-2019-971,document_archive,conventional,False,pre_driving_guidelines,False,https://github.com/theOehrly/Fast-F1,Completed Race/Sprint event in the predefined 2018-2025 population.
2019-mex,2019,18,2019-10-27,-06:00,Mexican Grand Prix,Mexico,Mexico City,Mexican%20Grand%20Prix,season-2019-971,https://www.fia.com/documents/championships/fia-formula-one-world-championship-14/event/Mexican%20Grand%20Prix/season/season-2019-971,document_archive,conventional,False,pre_driving_guidelines,False,https://github.com/theOehrly/Fast-F1,Completed Race/Sprint event in the predefined 2018-2025 population.
2019-usa,2019,19,2019-11-03,-06:00,United States Grand Prix,United States,Austin,United%20States%20Grand%20Prix,season-2019-971,https://www.fia.com/documents/championships/fia-formula-one-world-championship-14/event/United%20States%20Grand%20Prix/season/season-2019-971,document_archive,conventional,False,pre_driving_guidelines,False,https://github.com/theOehrly/Fast-F1,Completed Race/Sprint event in the predefined 2018-2025 population.
2019-bra,2019,20,2019-11-17,-03:00,Brazilian Grand Prix,Brazil,São Paulo,Brazilian%20Grand%20Prix,season-2019-971,https://www.fia.com/documents/championships/fia-formula-one-world-championship-14/event/Brazilian%20Grand%20Prix/season/season-2019-971,document_archive,conventional,False,pre_driving_guidelines,False,https://github.com/theOehrly/Fast-F1,Completed Race/Sprint event in the predefined 2018-2025 population.
2019-abu,2019,21,2019-12-01,+04:00,Abu Dhabi Grand Prix,Abu Dhabi,Yas Island,Abu%20Dhabi%20Grand%20Prix,season-2019-971,https://www.fia.com/documents/championships/fia-formula-one-world-championship-14/event/Abu%20Dhabi%20Grand%20Prix/season/season-2019-971,document_archive,conventional,False,pre_driving_guidelines,False,https://github.com/theOehrly/Fast-F1,Completed Race/Sprint event in the predefined 2018-2025 population.
2020-aut,2020,1,2020-07-05,+02:00,Austrian Grand Prix,Austria,Spielberg,Austrian%20Grand%20Prix,season-2020-1059,https://www.fia.com/documents/championships/fia-formula-one-world-championship-14/event/Austrian%20Grand%20Prix/season/season-2020-1059,document_archive,conventional,False,pre_driving_guidelines,False,https://github.com/theOehrly/Fast-F1,Completed Race/Sprint event in the predefined 2018-2025 population.
2020-sty,2020,2,2020-07-12,+02:00,Styrian Grand Prix,Austria,Spielberg,Styrian%20Grand%20Prix,season-2020-1059,https://www.fia.com/documents/championships/fia-formula-one-world-championship-14/event/Styrian%20Grand%20Prix/season/season-2020-1059,document_archive,conventional,False,pre_driving_guidelines,False,https://github.com/theOehrly/Fast-F1,Completed Race/Sprint event in the predefined 2018-2025 population.
2020-hun,2020,3,2020-07-19,+02:00,Hungarian Grand Prix,Hungary,Budapest,Hungarian%20Grand%20Prix,season-2020-1059,https://www.fia.com/documents/championships/fia-formula-one-world-championship-14/event/Hungarian%20Grand%20Prix/season/season-2020-1059,document_archive,conventional,False,pre_driving_guidelines,False,https://github.com/theOehrly/Fast-F1,Completed Race/Sprint event in the predefined 2018-2025 population.
2020-gbr,2020,4,2020-08-02,+01:00,British Grand Prix,Great Britain,Silverstone,British%20Grand%20Prix,season-2020-1059,https://www.fia.com/documents/championships/fia-formula-one-world-championship-14/event/British%20Grand%20Prix/season/season-2020-1059,document_archive,conventional,False,pre_driving_guidelines,False,https://github.com/theOehrly/Fast-F1,Completed Race/Sprint event in the predefined 2018-2025 population.
2020-70a,2020,5,2020-08-09,+01:00,70th Anniversary Grand Prix,Great Britain,Silverstone,Formula%201%2070th%20Anniversary%20Grand%20Prix,season-2020-1059,https://www.fia.com/documents/championships/fia-formula-one-world-championship-14/event/Formula%201%2070th%20Anniversary%20Grand%20Prix/season/season-2020-1059,document_archive,conventional,False,pre_driving_guidelines,False,https://github.com/theOehrly/Fast-F1,Completed Race/Sprint event in the predefined 2018-2025 population.
2020-esp,2020,6,2020-08-16,+02:00,Spanish Grand Prix,Spain,Barcelona,Spanish%20Grand%20Prix,season-2020-1059,https://www.fia.com/documents/championships/fia-formula-one-world-championship-14/event/Spanish%20Grand%20Prix/season/season-2020-1059,document_archive,conventional,False,pre_driving_guidelines,False,https://github.com/theOehrly/Fast-F1,Completed Race/Sprint event in the predefined 2018-2025 population.
2020-bel,2020,7,2020-08-30,+02:00,Belgian Grand Prix,Belgium,Spa-Francorchamps,Belgian%20Grand%20Prix,season-2020-1059,https://www.fia.com/documents/championships/fia-formula-one-world-championship-14/event/Belgian%20Grand%20Prix/season/season-2020-1059,document_archive,conventional,False,pre_driving_guidelines,False,https://github.com/theOehrly/Fast-F1,Completed Race/Sprint event in the predefined 2018-2025 population.
2020-ita,2020,8,2020-09-06,+02:00,Italian Grand Prix,Italy,Monza,Italian%20Grand%20Prix,season-2020-1059,https://www.fia.com/documents/championships/fia-formula-one-world-championship-14/event/Italian%20Grand%20Prix/season/season-2020-1059,document_archive,conventional,False,pre_driving_guidelines,False,https://github.com/theOehrly/Fast-F1,Completed Race/Sprint event in the predefined 2018-2025 population.
2020-tus,2020,9,2020-09-13,+02:00,Tuscan Grand Prix,Italy,Mugello,Tuscan%20Grand%20Prix,season-2020-1059,https://www.fia.com/documents/championships/fia-formula-one-world-championship-14/event/Tuscan%20Grand%20Prix/season/season-2020-1059,document_archive,conventional,False,pre_driving_guidelines,False,https://github.com/theOehrly/Fast-F1,Completed Race/Sprint event in the predefined 2018-2025 population.
2020-rus,2020,10,2020-09-27,+03:00,Russian Grand Prix,Russia,Sochi,Russian%20Grand%20Prix,season-2020-1059,https://www.fia.com/documents/championships/fia-formula-one-world-championship-14/event/Russian%20Grand%20Prix/season/season-2020-1059,document_archive,conventional,False,pre_driving_guidelines,False,https://github.com/theOehrly/Fast-F1,Completed Race/Sprint event in the predefined 2018-2025 population.
2020-eif,2020,11,2020-10-11,+02:00,Eifel Grand Prix,Germany,Nürburgring,Eifel%20Grand%20Prix,season-2020-1059,https://www.fia.com/documents/championships/fia-formula-one-world-championship-14/event/Eifel%20Grand%20Prix/season/season-2020-1059,document_archive,conventional,False,pre_driving_guidelines,False,https://github.com/theOehrly/Fast-F1,Completed Race/Sprint event in the predefined 2018-2025 population.
2020-por,2020,12,2020-10-25,+00:00,Portuguese Grand Prix,Portugal,Portimão,Portuguese%20Grand%20Prix,season-2020-1059,https://www.fia.com/documents/championships/fia-formula-one-world-championship-14/event/Portuguese%20Grand%20Prix/season/season-2020-1059,document_archive,conventional,False,pre_driving_guidelines,False,https://github.com/theOehrly/Fast-F1,Completed Race/Sprint event in the predefined 2018-2025 population.
2020-emi,2020,13,2020-11-01,+01:00,Emilia Romagna Grand Prix,Italy,Imola,Emilia%20Romagna%20Grand%20Prix,season-2020-1059,https://www.fia.com/documents/championships/fia-formula-one-world-championship-14/event/Emilia%20Romagna%20Grand%20Prix/season/season-2020-1059,document_archive,conventional,False,pre_driving_guidelines,False,https://github.com/theOehrly/Fast-F1,Completed Race/Sprint event in the predefined 2018-2025 population.
2020-tur,2020,14,2020-11-15,+03:00,Turkish Grand Prix,Turkey,Istanbul,Turkish%20Grand%20Prix,season-2020-1059,https://www.fia.com/documents/championships/fia-formula-one-world-championship-14/event/Turkish%20Grand%20Prix/season/season-2020-1059,document_archive,conventional,False,pre_driving_guidelines,False,https://github.com/theOehrly/Fast-F1,Completed Race/Sprint event in the predefined 2018-2025 population.
2020-bhr,2020,15,2020-11-29,+03:00,Bahrain Grand Prix,Bahrain,Sakhir,Bahrain%20Grand%20Prix,season-2020-1059,https://www.fia.com/documents/championships/fia-formula-one-world-championship-14/event/Bahrain%20Grand%20Prix/season/season-2020-1059,document_archive,conventional,False,pre_driving_guidelines,False,https://github.com/theOehrly/Fast-F1,Completed Race/Sprint event in the predefined 2018-2025 population.
2020-skh,2020,16,2020-12-06,+03:00,Sakhir Grand Prix,Bahrain,Sakhir,Sakhir%20Grand%20Prix,season-2020-1059,https://www.fia.com/documents/championships/fia-formula-one-world-championship-14/event/Sakhir%20Grand%20Prix/season/season-2020-1059,document_archive,conventional,False,pre_driving_guidelines,False,https://github.com/theOehrly/Fast-F1,Completed Race/Sprint event in the predefined 2018-2025 population.
2020-abu,2020,17,2020-12-13,+04:00,Abu Dhabi Grand Prix,Abu Dhabi,Yas Island,Abu%20Dhabi%20Grand%20Prix,season-2020-1059,https://www.fia.com/documents/championships/fia-formula-one-world-championship-14/event/Abu%20Dhabi%20Grand%20Prix/season/season-2020-1059,document_archive,conventional,False,pre_driving_guidelines,False,https://github.com/theOehrly/Fast-F1,Completed Race/Sprint event in the predefined 2018-2025 population.
2021-bhr,2021,1,2021-03-28,+03:00,Bahrain Grand Prix,Bahrain,Sakhir,Bahrain%20Grand%20Prix,season-2021-1108,https://www.fia.com/documents/championships/fia-formula-one-world-championship-14/event/Bahrain%20Grand%20Prix/season/season-2021-1108,document_archive,conventional,False,pre_driving_guidelines,False,https://github.com/theOehrly/Fast-F1,Completed Race/Sprint event in the predefined 2018-2025 population.
2021-emi,2021,2,2021-04-18,+02:00,Emilia Romagna Grand Prix,Italy,Imola,Emilia%20Romagna%20Grand%20Prix,season-2021-1108,https://www.fia.com/documents/championships/fia-formula-one-world-championship-14/event/Emilia%20Romagna%20Grand%20Prix/season/season-2021-1108,document_archive,conventional,False,pre_driving_guidelines,False,https://github.com/theOehrly/Fast-F1,Completed Race/Sprint event in the predefined 2018-2025 population.
2021-por,2021,3,2021-05-02,+01:00,Portuguese Grand Prix,Portugal,Portimão,Portuguese%20Grand%20Prix,season-2021-1108,https://www.fia.com/documents/championships/fia-formula-one-world-championship-14/event/Portuguese%20Grand%20Prix/season/season-2021-1108,document_archive,conventional,False,pre_driving_guidelines,False,https://github.com/theOehrly/Fast-F1,Completed Race/Sprint event in the predefined 2018-2025 population.
2021-esp,2021,4,2021-05-09,+02:00,Spanish Grand Prix,Spain,Barcelona,Spanish%20Grand%20Prix,season-2021-1108,https://www.fia.com/documents/championships/fia-formula-one-world-championship-14/event/Spanish%20Grand%20Prix/season/season-2021-1108,document_archive,conventional,False,pre_driving_guidelines,False,https://github.com/theOehrly/Fast-F1,Completed Race/Sprint event in the predefined 2018-2025 population.
2021-mco,2021,5,2021-05-23,+02:00,Monaco Grand Prix,Monaco,Monte Carlo,Monaco%20Grand%20Prix,season-2021-1108,https://www.fia.com/documents/championships/fia-formula-one-world-championship-14/event/Monaco%20Grand%20Prix/season/season-2021-1108,document_archive,conventional,False,pre_driving_guidelines,False,https://github.com/theOehrly/Fast-F1,Completed Race/Sprint event in the predefined 2018-2025 population.
2021-aze,2021,6,2021-06-06,+04:00,Azerbaijan Grand Prix,Azerbaijan,Baku,Azerbaijan%20Grand%20Prix,season-2021-1108,https://www.fia.com/documents/championships/fia-formula-one-world-championship-14/event/Azerbaijan%20Grand%20Prix/season/season-2021-1108,document_archive,conventional,False,pre_driving_guidelines,False,https://github.com/theOehrly/Fast-F1,Completed Race/Sprint event in the predefined 2018-2025 population.
2021-fra,2021,7,2021-06-20,+02:00,French Grand Prix,France,Le Castellet,French%20Grand%20Prix,season-2021-1108,https://www.fia.com/documents/championships/fia-formula-one-world-championship-14/event/French%20Grand%20Prix/season/season-2021-1108,document_archive,conventional,False,pre_driving_guidelines,False,https://github.com/theOehrly/Fast-F1,Completed Race/Sprint event in the predefined 2018-2025 population.
2021-sty,2021,8,2021-06-27,+02:00,Styrian Grand Prix,Austria,Spielberg,Styrian%20Grand%20Prix,season-2021-1108,https://www.fia.com/documents/championships/fia-formula-one-world-championship-14/event/Styrian%20Grand%20Prix/season/season-2021-1108,document_archive,conventional,False,pre_driving_guidelines,False,https://github.com/theOehrly/Fast-F1,Completed Race/Sprint event in the predefined 2018-2025 population.
2021-aut,2021,9,2021-07-04,+02:00,Austrian Grand Prix,Austria,Spielberg,Austrian%20Grand%20Prix,season-2021-1108,https://www.fia.com/documents/championships/fia-formula-one-world-championship-14/event/Austrian%20Grand%20Prix/season/season-2021-1108,document_archive,conventional,False,pre_driving_guidelines,False,https://github.com/theOehrly/Fast-F1,Completed Race/Sprint event in the predefined 2018-2025 population.
2021-gbr,2021,10,2021-07-18,+01:00,British Grand Prix,Great Britain,Silverstone,British%20Grand%20Prix,season-2021-1108,https://www.fia.com/documents/championships/fia-formula-one-world-championship-14/event/British%20Grand%20Prix/season/season-2021-1108,document_archive,sprint,True,pre_driving_guidelines,False,https://github.com/theOehrly/Fast-F1,Completed Race/Sprint event in the predefined 2018-2025 population.
2021-hun,2021,11,2021-08-01,+02:00,Hungarian Grand Prix,Hungary,Budapest,Hungarian%20Grand%20Prix,season-2021-1108,https://www.fia.com/documents/championships/fia-formula-one-world-championship-14/event/Hungarian%20Grand%20Prix/season/season-2021-1108,document_archive,conventional,False,pre_driving_guidelines,False,https://github.com/theOehrly/Fast-F1,Completed Race/Sprint event in the predefined 2018-2025 population.
2021-bel,2021,12,2021-08-29,+02:00,Belgian Grand Prix,Belgium,Spa-Francorchamps,Belgian%20Grand%20Prix,season-2021-1108,https://www.fia.com/documents/championships/fia-formula-one-world-championship-14/event/Belgian%20Grand%20Prix/season/season-2021-1108,document_archive,conventional,False,pre_driving_guidelines,False,https://github.com/theOehrly/Fast-F1,Completed Race/Sprint event in the predefined 2018-2025 population.
2021-ned,2021,13,2021-09-05,+02:00,Dutch Grand Prix,Netherlands,Zandvoort,Dutch%20Grand%20Prix,season-2021-1108,https://www.fia.com/documents/championships/fia-formula-one-world-championship-14/event/Dutch%20Grand%20Prix/season/season-2021-1108,document_archive,conventional,False,pre_driving_guidelines,False,https://github.com/theOehrly/Fast-F1,Completed Race/Sprint event in the predefined 2018-2025 population.
2021-ita,2021,14,2021-09-12,+02:00,Italian Grand Prix,Italy,Monza,Italian%20Grand%20Prix,season-2021-1108,https://www.fia.com/documents/championships/fia-formula-one-world-championship-14/event/Italian%20Grand%20Prix/season/season-2021-1108,document_archive,sprint,True,pre_driving_guidelines,False,https://github.com/theOehrly/Fast-F1,Completed Race/Sprint event in the predefined 2018-2025 population.
2021-rus,2021,15,2021-09-26,+03:00,Russian Grand Prix,Russia,Sochi,Russian%20Grand%20Prix,season-2021-1108,https://www.fia.com/documents/championships/fia-formula-one-world-championship-14/event/Russian%20Grand%20Prix/season/season-2021-1108,document_archive,conventional,False,pre_driving_guidelines,False,https://github.com/theOehrly/Fast-F1,Completed Race/Sprint event in the predefined 2018-2025 population.
2021-tur,2021,16,2021-10-10,+03:00,Turkish Grand Prix,Turkey,Istanbul,Turkish%20Grand%20Prix,season-2021-1108,https://www.fia.com/documents/championships/fia-formula-one-world-championship-14/event/Turkish%20Grand%20Prix/season/season-2021-1108,document_archive,conventional,False,pre_driving_guidelines,False,https://github.com/theOehrly/Fast-F1,Completed Race/Sprint event in the predefined 2018-2025 population.
2021-usa,2021,17,2021-10-24,-05:00,United States Grand Prix,United States,Austin,United%20States%20Grand%20Prix,season-2021-1108,https://www.fia.com/documents/championships/fia-formula-one-world-championship-14/event/United%20States%20Grand%20Prix/season/season-2021-1108,document_archive,conventional,False,pre_driving_guidelines,False,https://github.com/theOehrly/Fast-F1,Completed Race/Sprint event in the predefined 2018-2025 population.
2021-mex,2021,18,2021-11-07,-06:00,Mexico City Grand Prix,Mexico,Mexico City,Mexican%20Grand%20Prix,season-2021-1108,https://www.fia.com/documents/championships/fia-formula-one-world-championship-14/event/Mexican%20Grand%20Prix/season/season-2021-1108,document_archive,conventional,False,pre_driving_guidelines,False,https://github.com/theOehrly/Fast-F1,Completed Race/Sprint event in the predefined 2018-2025 population.
2021-sao,2021,19,2021-11-14,-03:00,São Paulo Grand Prix,Brazil,São Paulo,Brazilian%20Grand%20Prix,season-2021-1108,https://www.fia.com/documents/championships/fia-formula-one-world-championship-14/event/Brazilian%20Grand%20Prix/season/season-2021-1108,document_archive,sprint,True,pre_driving_guidelines,False,https://github.com/theOehrly/Fast-F1,Completed Race/Sprint event in the predefined 2018-2025 population.
2021-qat,2021,20,2021-11-21,+03:00,Qatar Grand Prix,Qatar,Lusail,Qatar%20Grand%20Prix,season-2021-1108,https://www.fia.com/documents/championships/fia-formula-one-world-championship-14/event/Qatar%20Grand%20Prix/season/season-2021-1108,document_archive,conventional,False,pre_driving_guidelines,False,https://github.com/theOehrly/Fast-F1,Completed Race/Sprint event in the predefined 2018-2025 population.
2021-sau,2021,21,2021-12-05,+03:00,Saudi Arabian Grand Prix,Saudi Arabia,Jeddah,Saudi%20Arabia%20Grand%20Prix,season-2021-1108,https://www.fia.com/documents/championships/fia-formula-one-world-championship-14/event/Saudi%20Arabia%20Grand%20Prix/season/season-2021-1108,document_archive,conventional,False,pre_driving_guidelines,False,https://github.com/theOehrly/Fast-F1,Completed Race/Sprint event in the predefined 2018-2025 population.
2021-abu,2021,22,2021-12-12,+04:00,Abu Dhabi Grand Prix,Abu Dhabi,Yas Island,Abu%20Dhabi%20Grand%20Prix,season-2021-1108,https://www.fia.com/documents/championships/fia-formula-one-world-championship-14/event/Abu%20Dhabi%20Grand%20Prix/season/season-2021-1108,document_archive,conventional,False,pre_driving_guidelines,False,https://github.com/theOehrly/Fast-F1,Completed Race/Sprint event in the predefined 2018-2025 population.
2022-bhr,2022,1,2022-03-20,+03:00,Bahrain Grand Prix,Bahrain,Sakhir,Bahrain%20Grand%20Prix,season-2022-2005,https://www.fia.com/documents/championships/fia-formula-one-world-championship-14/event/Bahrain%20Grand%20Prix/season/season-2022-2005,document_archive,conventional,False,internal_driving_guidelines,False,https://github.com/theOehrly/Fast-F1,Completed Race/Sprint event in the predefined 2018-2025 population.
2022-sau,2022,2,2022-03-27,+03:00,Saudi Arabian Grand Prix,Saudi Arabia,Jeddah,Saudi%20Arabian%20Grand%20Prix,season-2022-2005,https://www.fia.com/documents/championships/fia-formula-one-world-championship-14/event/Saudi%20Arabian%20Grand%20Prix/season/season-2022-2005,document_archive,conventional,False,internal_driving_guidelines,False,https://github.com/theOehrly/Fast-F1,Completed Race/Sprint event in the predefined 2018-2025 population.
2022-aus,2022,3,2022-04-10,+10:00,Australian Grand Prix,Australia,Melbourne,Australian%20Grand%20Prix,season-2022-2005,https://www.fia.com/documents/championships/fia-formula-one-world-championship-14/event/Australian%20Grand%20Prix/season/season-2022-2005,document_archive,conventional,False,internal_driving_guidelines,False,https://github.com/theOehrly/Fast-F1,Completed Race/Sprint event in the predefined 2018-2025 population.
2022-emi,2022,4,2022-04-24,+02:00,Emilia Romagna Grand Prix,Italy,Imola,Emilia%20Romagna%20Grand%20Prix,season-2022-2005,https://www.fia.com/documents/championships/fia-formula-one-world-championship-14/event/Emilia%20Romagna%20Grand%20Prix/season/season-2022-2005,document_archive,sprint,True,internal_driving_guidelines,False,https://github.com/theOehrly/Fast-F1,Completed Race/Sprint event in the predefined 2018-2025 population.
2022-mia,2022,5,2022-05-08,-04:00,Miami Grand Prix,United States,Miami,Miami%20Grand%20Prix,season-2022-2005,https://www.fia.com/documents/championships/fia-formula-one-world-championship-14/event/Miami%20Grand%20Prix/season/season-2022-2005,document_archive,conventional,False,internal_driving_guidelines,False,https://github.com/theOehrly/Fast-F1,Completed Race/Sprint event in the predefined 2018-2025 population.
2022-esp,2022,6,2022-05-22,+02:00,Spanish Grand Prix,Spain,Barcelona,Spanish%20Grand%20Prix,season-2022-2005,https://www.fia.com/documents/championships/fia-formula-one-world-championship-14/event/Spanish%20Grand%20Prix/season/season-2022-2005,document_archive,conventional,False,internal_driving_guidelines,False,https://github.com/theOehrly/Fast-F1,Completed Race/Sprint event in the predefined 2018-2025 population.
2022-mco,2022,7,2022-05-29,+02:00,Monaco Grand Prix,Monaco,Monaco,Monaco%20Grand%20Prix,season-2022-2005,https://www.fia.com/documents/championships/fia-formula-one-world-championship-14/event/Monaco%20Grand%20Prix/season/season-2022-2005,document_archive,conventional,False,internal_driving_guidelines,False,https://github.com/theOehrly/Fast-F1,Completed Race/Sprint event in the predefined 2018-2025 population.
2022-aze,2022,8,2022-06-12,+04:00,Azerbaijan Grand Prix,Azerbaijan,Baku,Azerbaijan%20Grand%20Prix,season-2022-2005,https://www.fia.com/documents/championships/fia-formula-one-world-championship-14/event/Azerbaijan%20Grand%20Prix/season/season-2022-2005,document_archive,conventional,False,internal_driving_guidelines,False,https://github.com/theOehrly/Fast-F1,Completed Race/Sprint event in the predefined 2018-2025 population.
2022-can,2022,9,2022-06-19,-04:00,Canadian Grand Prix,Canada,Montréal,Canadian%20Grand%20Prix,season-2022-2005,https://www.fia.com/documents/championships/fia-formula-one-world-championship-14/event/Canadian%20Grand%20Prix/season/season-2022-2005,document_archive,conventional,False,internal_driving_guidelines,False,https://github.com/theOehrly/Fast-F1,Completed Race/Sprint event in the predefined 2018-2025 population.
2022-gbr,2022,10,2022-07-03,+01:00,British Grand Prix,Great Britain,Silverstone,British%20Grand%20Prix,season-2022-2005,https://www.fia.com/documents/championships/fia-formula-one-world-championship-14/event/British%20Grand%20Prix/season/season-2022-2005,document_archive,conventional,False,internal_driving_guidelines,False,https://github.com/theOehrly/Fast-F1,Completed Race/Sprint event in the predefined 2018-2025 population.
2022-aut,2022,11,2022-07-10,+02:00,Austrian Grand Prix,Austria,Spielberg,Austrian%20Grand%20Prix,season-2022-2005,https://www.fia.com/documents/championships/fia-formula-one-world-championship-14/event/Austrian%20Grand%20Prix/season/season-2022-2005,document_archive,sprint,True,internal_driving_guidelines,False,https://github.com/theOehrly/Fast-F1,Completed Race/Sprint event in the predefined 2018-2025 population.
2022-fra,2022,12,2022-07-24,+02:00,French Grand Prix,France,Le Castellet,French%20Grand%20Prix,season-2022-2005,https://www.fia.com/documents/championships/fia-formula-one-world-championship-14/event/French%20Grand%20Prix/season/season-2022-2005,document_archive,conventional,False,internal_driving_guidelines,False,https://github.com/theOehrly/Fast-F1,Completed Race/Sprint event in the predefined 2018-2025 population.
2022-hun,2022,13,2022-07-31,+02:00,Hungarian Grand Prix,Hungary,Budapest,Hungarian%20Grand%20Prix,season-2022-2005,https://www.fia.com/documents/championships/fia-formula-one-world-championship-14/event/Hungarian%20Grand%20Prix/season/season-2022-2005,document_archive,conventional,False,internal_driving_guidelines,False,https://github.com/theOehrly/Fast-F1,Completed Race/Sprint event in the predefined 2018-2025 population.
2022-bel,2022,14,2022-08-28,+02:00,Belgian Grand Prix,Belgium,Spa-Francorchamps,Belgian%20Grand%20Prix,season-2022-2005,https://www.fia.com/documents/championships/fia-formula-one-world-championship-14/event/Belgian%20Grand%20Prix/season/season-2022-2005,document_archive,conventional,False,internal_driving_guidelines,False,https://github.com/theOehrly/Fast-F1,Completed Race/Sprint event in the predefined 2018-2025 population.
2022-ned,2022,15,2022-09-04,+02:00,Dutch Grand Prix,Netherlands,Zandvoort,Dutch%20Grand%20Prix,season-2022-2005,https://www.fia.com/documents/championships/fia-formula-one-world-championship-14/event/Dutch%20Grand%20Prix/season/season-2022-2005,document_archive,conventional,False,internal_driving_guidelines,False,https://github.com/theOehrly/Fast-F1,Completed Race/Sprint event in the predefined 2018-2025 population.
2022-ita,2022,16,2022-09-11,+02:00,Italian Grand Prix,Italy,Monza,Italian%20Grand%20Prix,season-2022-2005,https://www.fia.com/documents/championships/fia-formula-one-world-championship-14/event/Italian%20Grand%20Prix/season/season-2022-2005,document_archive,conventional,False,internal_driving_guidelines,False,https://github.com/theOehrly/Fast-F1,Completed Race/Sprint event in the predefined 2018-2025 population.
2022-sgp,2022,17,2022-10-02,+08:00,Singapore Grand Prix,Singapore,Marina Bay,Singapore%20Grand%20Prix,season-2022-2005,https://www.fia.com/documents/championships/fia-formula-one-world-championship-14/event/Singapore%20Grand%20Prix/season/season-2022-2005,document_archive,conventional,False,internal_driving_guidelines,False,https://github.com/theOehrly/Fast-F1,Completed Race/Sprint event in the predefined 2018-2025 population.
2022-jpn,2022,18,2022-10-09,+09:00,Japanese Grand Prix,Japan,Suzuka,Japanese%20Grand%20Prix,season-2022-2005,https://www.fia.com/documents/championships/fia-formula-one-world-championship-14/event/Japanese%20Grand%20Prix/season/season-2022-2005,document_archive,conventional,False,internal_driving_guidelines,False,https://github.com/theOehrly/Fast-F1,Completed Race/Sprint event in the predefined 2018-2025 population.
2022-usa,2022,19,2022-10-23,-05:00,United States Grand Prix,United States,Austin,United%20States%20Grand%20Prix,season-2022-2005,https://www.fia.com/documents/championships/fia-formula-one-world-championship-14/event/United%20States%20Grand%20Prix/season/season-2022-2005,document_archive,conventional,False,internal_driving_guidelines,False,https://github.com/theOehrly/Fast-F1,Completed Race/Sprint event in the predefined 2018-2025 population.
2022-mex,2022,20,2022-10-30,-06:00,Mexico City Grand Prix,Mexico,Mexico City,Mexican%20Grand%20Prix,season-2022-2005,https://www.fia.com/documents/championships/fia-formula-one-world-championship-14/event/Mexican%20Grand%20Prix/season/season-2022-2005,document_archive,conventional,False,internal_driving_guidelines,False,https://github.com/theOehrly/Fast-F1,Completed Race/Sprint event in the predefined 2018-2025 population.
2022-sao,2022,21,2022-11-13,-03:00,São Paulo Grand Prix,Brazil,São Paulo,Brazilian%20Grand%20Prix,season-2022-2005,https://www.fia.com/documents/championships/fia-formula-one-world-championship-14/event/Brazilian%20Grand%20Prix/season/season-2022-2005,document_archive,sprint,True,internal_driving_guidelines,False,https://github.com/theOehrly/Fast-F1,Completed Race/Sprint event in the predefined 2018-2025 population.
2022-abu,2022,22,2022-11-20,+04:00,Abu Dhabi Grand Prix,Abu Dhabi,Yas Island,Abu%20Dhabi%20Grand%20Prix,season-2022-2005,https://www.fia.com/documents/championships/fia-formula-one-world-championship-14/event/Abu%20Dhabi%20Grand%20Prix/season/season-2022-2005,document_archive,conventional,False,internal_driving_guidelines,False,https://github.com/theOehrly/Fast-F1,Completed Race/Sprint event in the predefined 2018-2025 population.
2023-bhr,2023,1,2023-03-05,+03:00,Bahrain Grand Prix,Bahrain,Sakhir,Bahrain%20Grand%20Prix,season-2023-2042,https://www.fia.com/documents/championships/fia-formula-one-world-championship-14/event/Bahrain%20Grand%20Prix/season/season-2023-2042,document_archive,conventional,False,internal_driving_guidelines,False,https://github.com/theOehrly/Fast-F1,Completed Race/Sprint event in the predefined 2018-2025 population.
2023-sau,2023,2,2023-03-19,+03:00,Saudi Arabian Grand Prix,Saudi Arabia,Jeddah,Saudi%20Arabian%20Grand%20Prix,season-2023-2042,https://www.fia.com/documents/championships/fia-formula-one-world-championship-14/event/Saudi%20Arabian%20Grand%20Prix/season/season-2023-2042,document_archive,conventional,False,internal_driving_guidelines,False,https://github.com/theOehrly/Fast-F1,Completed Race/Sprint event in the predefined 2018-2025 population.
2023-aus,2023,3,2023-04-02,+10:00,Australian Grand Prix,Australia,Melbourne,Australian%20Grand%20Prix,season-2023-2042,https://www.fia.com/documents/championships/fia-formula-one-world-championship-14/event/Australian%20Grand%20Prix/season/season-2023-2042,document_archive,conventional,False,internal_driving_guidelines,False,https://github.com/theOehrly/Fast-F1,Completed Race/Sprint event in the predefined 2018-2025 population.
2023-aze,2023,4,2023-04-30,+04:00,Azerbaijan Grand Prix,Azerbaijan,Baku,Azerbaijan%20Grand%20Prix,season-2023-2042,https://www.fia.com/documents/championships/fia-formula-one-world-championship-14/event/Azerbaijan%20Grand%20Prix/season/season-2023-2042,document_archive,sprint_shootout,True,internal_driving_guidelines,False,https://github.com/theOehrly/Fast-F1,Completed Race/Sprint event in the predefined 2018-2025 population.
2023-mia,2023,5,2023-05-07,-04:00,Miami Grand Prix,United States,Miami,Miami%20Grand%20Prix,season-2023-2042,https://www.fia.com/documents/championships/fia-formula-one-world-championship-14/event/Miami%20Grand%20Prix/season/season-2023-2042,document_archive,conventional,False,internal_driving_guidelines,False,https://github.com/theOehrly/Fast-F1,Completed Race/Sprint event in the predefined 2018-2025 population.
2023-mco,2023,6,2023-05-28,+02:00,Monaco Grand Prix,Monaco,Monaco,Monaco%20Grand%20Prix,season-2023-2042,https://www.fia.com/documents/championships/fia-formula-one-world-championship-14/event/Monaco%20Grand%20Prix/season/season-2023-2042,document_archive,conventional,False,internal_driving_guidelines,False,https://github.com/theOehrly/Fast-F1,Completed Race/Sprint event in the predefined 2018-2025 population.
2023-esp,2023,7,2023-06-04,+02:00,Spanish Grand Prix,Spain,Barcelona,Spanish%20Grand%20Prix,season-2023-2042,https://www.fia.com/documents/championships/fia-formula-one-world-championship-14/event/Spanish%20Grand%20Prix/season/season-2023-2042,document_archive,conventional,False,internal_driving_guidelines,False,https://github.com/theOehrly/Fast-F1,Completed Race/Sprint event in the predefined 2018-2025 population.
2023-can,2023,8,2023-06-18,-04:00,Canadian Grand Prix,Canada,Montréal,Canadian%20Grand%20Prix,season-2023-2042,https://www.fia.com/documents/championships/fia-formula-one-world-championship-14/event/Canadian%20Grand%20Prix/season/season-2023-2042,document_archive,conventional,False,internal_driving_guidelines,False,https://github.com/theOehrly/Fast-F1,Completed Race/Sprint event in the predefined 2018-2025 population.
2023-aut,2023,9,2023-07-02,+02:00,Austrian Grand Prix,Austria,Spielberg,Austrian%20Grand%20Prix,season-2023-2042,https://www.fia.com/documents/championships/fia-formula-one-world-championship-14/event/Austrian%20Grand%20Prix/season/season-2023-2042,document_archive,sprint_shootout,True,internal_driving_guidelines,False,https://github.com/theOehrly/Fast-F1,Completed Race/Sprint event in the predefined 2018-2025 population.
2023-gbr,2023,10,2023-07-09,+01:00,British Grand Prix,Great Britain,Silverstone,British%20Grand%20Prix,season-2023-2042,https://www.fia.com/documents/championships/fia-formula-one-world-championship-14/event/British%20Grand%20Prix/season/season-2023-2042,document_archive,conventional,False,internal_driving_guidelines,False,https://github.com/theOehrly/Fast-F1,Completed Race/Sprint event in the predefined 2018-2025 population.
2023-hun,2023,11,2023-07-23,+02:00,Hungarian Grand Prix,Hungary,Budapest,Hungarian%20Grand%20Prix,season-2023-2042,https://www.fia.com/documents/championships/fia-formula-one-world-championship-14/event/Hungarian%20Grand%20Prix/season/season-2023-2042,document_archive,conventional,False,internal_driving_guidelines,False,https://github.com/theOehrly/Fast-F1,Completed Race/Sprint event in the predefined 2018-2025 population.
2023-bel,2023,12,2023-07-30,+02:00,Belgian Grand Prix,Belgium,Spa-Francorchamps,Belgian%20Grand%20Prix,season-2023-2042,https://www.fia.com/documents/championships/fia-formula-one-world-championship-14/event/Belgian%20Grand%20Prix/season/season-2023-2042,document_archive,sprint_shootout,True,internal_driving_guidelines,False,https://github.com/theOehrly/Fast-F1,Completed Race/Sprint event in the predefined 2018-2025 population.
2023-ned,2023,13,2023-08-27,+02:00,Dutch Grand Prix,Netherlands,Zandvoort,Dutch%20Grand%20Prix,season-2023-2042,https://www.fia.com/documents/championships/fia-formula-one-world-championship-14/event/Dutch%20Grand%20Prix/season/season-2023-2042,document_archive,conventional,False,internal_driving_guidelines,False,https://github.com/theOehrly/Fast-F1,Completed Race/Sprint event in the predefined 2018-2025 population.
2023-ita,2023,14,2023-09-03,+02:00,Italian Grand Prix,Italy,Monza,Italian%20Grand%20Prix,season-2023-2042,https://www.fia.com/documents/championships/fia-formula-one-world-championship-14/event/Italian%20Grand%20Prix/season/season-2023-2042,document_archive,conventional,False,internal_driving_guidelines,False,https://github.com/theOehrly/Fast-F1,Completed Race/Sprint event in the predefined 2018-2025 population.
2023-sgp,2023,15,2023-09-17,+08:00,Singapore Grand Prix,Singapore,Marina Bay,Singapore%20Grand%20Prix,season-2023-2042,https://www.fia.com/documents/championships/fia-formula-one-world-championship-14/event/Singapore%20Grand%20Prix/season/season-2023-2042,document_archive,conventional,False,internal_driving_guidelines,False,https://github.com/theOehrly/Fast-F1,Completed Race/Sprint event in the predefined 2018-2025 population.
2023-jpn,2023,16,2023-09-24,+09:00,Japanese Grand Prix,Japan,Suzuka,Japanese%20Grand%20Prix,season-2023-2042,https://www.fia.com/documents/championships/fia-formula-one-world-championship-14/event/Japanese%20Grand%20Prix/season/season-2023-2042,document_archive,conventional,False,internal_driving_guidelines,False,https://github.com/theOehrly/Fast-F1,Completed Race/Sprint event in the predefined 2018-2025 population.
2023-qat,2023,17,2023-10-08,+03:00,Qatar Grand Prix,Qatar,Lusail,Qatar%20Grand%20Prix,season-2023-2042,https://www.fia.com/documents/championships/fia-formula-one-world-championship-14/event/Qatar%20Grand%20Prix/season/season-2023-2042,document_archive,sprint_shootout,True,internal_driving_guidelines,False,https://github.com/theOehrly/Fast-F1,Completed Race/Sprint event in the predefined 2018-2025 population.
2023-usa,2023,18,2023-10-22,-05:00,United States Grand Prix,United States,Austin,United%20States%20Grand%20Prix,season-2023-2042,https://www.fia.com/documents/championships/fia-formula-one-world-championship-14/event/United%20States%20Grand%20Prix/season/season-2023-2042,document_archive,sprint_shootout,True,internal_driving_guidelines,False,https://github.com/theOehrly/Fast-F1,Completed Race/Sprint event in the predefined 2018-2025 population.
2023-mex,2023,19,2023-10-29,-06:00,Mexico City Grand Prix,Mexico,Mexico City,Mexico%20City%20Grand%20Prix,season-2023-2042,https://www.fia.com/documents/championships/fia-formula-one-world-championship-14/event/Mexico%20City%20Grand%20Prix/season/season-2023-2042,document_archive,conventional,False,internal_driving_guidelines,False,https://github.com/theOehrly/Fast-F1,Completed Race/Sprint event in the predefined 2018-2025 population.
2023-sao,2023,20,2023-11-05,-03:00,São Paulo Grand Prix,Brazil,São Paulo,S%C3%83O%20PAULO%20GRAND%20PRIX,season-2023-2042,https://www.fia.com/documents/championships/fia-formula-one-world-championship-14/event/S%C3%83O%20PAULO%20GRAND%20PRIX/season/season-2023-2042,document_archive,sprint_shootout,True,internal_driving_guidelines,False,https://github.com/theOehrly/Fast-F1,Completed Race/Sprint event in the predefined 2018-2025 population.
2023-lvs,2023,21,2023-11-18,-08:00,Las Vegas Grand Prix,United States,Las Vegas,Las%20Vegas%20Grand%20Prix,season-2023-2042,https://www.fia.com/documents/championships/fia-formula-one-world-championship-14/event/Las%20Vegas%20Grand%20Prix/season/season-2023-2042,document_archive,conventional,False,internal_driving_guidelines,False,https://github.com/theOehrly/Fast-F1,Completed Race/Sprint event in the predefined 2018-2025 population.
2023-abu,2023,22,2023-11-26,+04:00,Abu Dhabi Grand Prix,Abu Dhabi,Yas Island,Abu%20Dhabi%20Grand%20Prix,season-2023-2042,https://www.fia.com/documents/championships/fia-formula-one-world-championship-14/event/Abu%20Dhabi%20Grand%20Prix/season/season-2023-2042,document_archive,conventional,False,internal_driving_guidelines,True,https://github.com/theOehrly/Fast-F1,Feasibility pilot event retained in the full study catalog.
2024-bhr,2024,1,2024-03-02,+03:00,Bahrain Grand Prix,Bahrain,Sakhir,Bahrain%20Grand%20Prix,season-2024-2043,https://www.fia.com/documents/championships/fia-formula-one-world-championship-14/event/Bahrain%20Grand%20Prix/season/season-2024-2043,document_archive,conventional,False,internal_driving_guidelines,False,https://github.com/theOehrly/Fast-F1,Completed Race/Sprint event in the predefined 2018-2025 population.
2024-sau,2024,2,2024-03-09,+03:00,Saudi Arabian Grand Prix,Saudi Arabia,Jeddah,Saudi%20Arabian%20Grand%20Prix,season-2024-2043,https://www.fia.com/documents/championships/fia-formula-one-world-championship-14/event/Saudi%20Arabian%20Grand%20Prix/season/season-2024-2043,document_archive,conventional,False,internal_driving_guidelines,False,https://github.com/theOehrly/Fast-F1,Completed Race/Sprint event in the predefined 2018-2025 population.
2024-aus,2024,3,2024-03-24,+11:00,Australian Grand Prix,Australia,Melbourne,Australian%20Grand%20Prix,season-2024-2043,https://www.fia.com/documents/championships/fia-formula-one-world-championship-14/event/Australian%20Grand%20Prix/season/season-2024-2043,document_archive,conventional,False,internal_driving_guidelines,False,https://github.com/theOehrly/Fast-F1,Completed Race/Sprint event in the predefined 2018-2025 population.
2024-jpn,2024,4,2024-04-07,+09:00,Japanese Grand Prix,Japan,Suzuka,Japanese%20Grand%20Prix,season-2024-2043,https://www.fia.com/documents/championships/fia-formula-one-world-championship-14/event/Japanese%20Grand%20Prix/season/season-2024-2043,document_archive,conventional,False,internal_driving_guidelines,False,https://github.com/theOehrly/Fast-F1,Completed Race/Sprint event in the predefined 2018-2025 population.
2024-chn,2024,5,2024-04-21,+08:00,Chinese Grand Prix,China,Shanghai,Chinese%20Grand%20Prix,season-2024-2043,https://www.fia.com/documents/championships/fia-formula-one-world-championship-14/event/Chinese%20Grand%20Prix/season/season-2024-2043,document_archive,sprint_qualifying,True,internal_driving_guidelines,False,https://github.com/theOehrly/Fast-F1,Completed Race/Sprint event in the predefined 2018-2025 population.
2024-mia,2024,6,2024-05-05,-04:00,Miami Grand Prix,United States,Miami,Miami%20Grand%20Prix,season-2024-2043,https://www.fia.com/documents/championships/fia-formula-one-world-championship-14/event/Miami%20Grand%20Prix/season/season-2024-2043,document_archive,sprint_qualifying,True,internal_driving_guidelines,False,https://github.com/theOehrly/Fast-F1,Completed Race/Sprint event in the predefined 2018-2025 population.
2024-emi,2024,7,2024-05-19,+02:00,Emilia Romagna Grand Prix,Italy,Imola,Emilia%20Romagna%20Grand%20Prix,season-2024-2043,https://www.fia.com/documents/championships/fia-formula-one-world-championship-14/event/Emilia%20Romagna%20Grand%20Prix/season/season-2024-2043,document_archive,conventional,False,internal_driving_guidelines,False,https://github.com/theOehrly/Fast-F1,Completed Race/Sprint event in the predefined 2018-2025 population.
2024-mco,2024,8,2024-05-26,+02:00,Monaco Grand Prix,Monaco,Monaco,Monaco%20Grand%20Prix,season-2024-2043,https://www.fia.com/documents/championships/fia-formula-one-world-championship-14/event/Monaco%20Grand%20Prix/season/season-2024-2043,document_archive,conventional,False,internal_driving_guidelines,False,https://github.com/theOehrly/Fast-F1,Completed Race/Sprint event in the predefined 2018-2025 population.
2024-can,2024,9,2024-06-09,-04:00,Canadian Grand Prix,Canada,Montréal,Canadian%20Grand%20Prix,season-2024-2043,https://www.fia.com/documents/championships/fia-formula-one-world-championship-14/event/Canadian%20Grand%20Prix/season/season-2024-2043,document_archive,conventional,False,internal_driving_guidelines,False,https://github.com/theOehrly/Fast-F1,Completed Race/Sprint event in the predefined 2018-2025 population.
2024-esp,2024,10,2024-06-23,+02:00,Spanish Grand Prix,Spain,Barcelona,Spanish%20Grand%20Prix,season-2024-2043,https://www.fia.com/documents/championships/fia-formula-one-world-championship-14/event/Spanish%20Grand%20Prix/season/season-2024-2043,document_archive,conventional,False,internal_driving_guidelines,False,https://github.com/theOehrly/Fast-F1,Completed Race/Sprint event in the predefined 2018-2025 population.
2024-aut,2024,11,2024-06-30,+02:00,Austrian Grand Prix,Austria,Spielberg,Austrian%20Grand%20Prix,season-2024-2043,https://www.fia.com/documents/championships/fia-formula-one-world-championship-14/event/Austrian%20Grand%20Prix/season/season-2024-2043,document_archive,sprint_qualifying,True,internal_driving_guidelines,False,https://github.com/theOehrly/Fast-F1,Completed Race/Sprint event in the predefined 2018-2025 population.
2024-gbr,2024,12,2024-07-07,+01:00,British Grand Prix,United Kingdom,Silverstone,British%20Grand%20Prix,season-2024-2043,https://www.fia.com/documents/championships/fia-formula-one-world-championship-14/event/British%20Grand%20Prix/season/season-2024-2043,document_archive,conventional,False,internal_driving_guidelines,False,https://github.com/theOehrly/Fast-F1,Completed Race/Sprint event in the predefined 2018-2025 population.
2024-hun,2024,13,2024-07-21,+02:00,Hungarian Grand Prix,Hungary,Budapest,Hungarian%20Grand%20Prix,season-2024-2043,https://www.fia.com/documents/championships/fia-formula-one-world-championship-14/event/Hungarian%20Grand%20Prix/season/season-2024-2043,document_archive,conventional,False,internal_driving_guidelines,False,https://github.com/theOehrly/Fast-F1,Completed Race/Sprint event in the predefined 2018-2025 population.
2024-bel,2024,14,2024-07-28,+02:00,Belgian Grand Prix,Belgium,Spa-Francorchamps,Belgian%20Grand%20Prix,season-2024-2043,https://www.fia.com/documents/championships/fia-formula-one-world-championship-14/event/Belgian%20Grand%20Prix/season/season-2024-2043,document_archive,conventional,False,internal_driving_guidelines,False,https://github.com/theOehrly/Fast-F1,Completed Race/Sprint event in the predefined 2018-2025 population.
2024-ned,2024,15,2024-08-25,+02:00,Dutch Grand Prix,Netherlands,Zandvoort,Dutch%20Grand%20Prix,season-2024-2043,https://www.fia.com/documents/championships/fia-formula-one-world-championship-14/event/Dutch%20Grand%20Prix/season/season-2024-2043,document_archive,conventional,False,internal_driving_guidelines,False,https://github.com/theOehrly/Fast-F1,Completed Race/Sprint event in the predefined 2018-2025 population.
2024-ita,2024,16,2024-09-01,+02:00,Italian Grand Prix,Italy,Monza,Italian%20Grand%20Prix,season-2024-2043,https://www.fia.com/documents/championships/fia-formula-one-world-championship-14/event/Italian%20Grand%20Prix/season/season-2024-2043,document_archive,conventional,False,internal_driving_guidelines,False,https://github.com/theOehrly/Fast-F1,Completed Race/Sprint event in the predefined 2018-2025 population.
2024-aze,2024,17,2024-09-15,+04:00,Azerbaijan Grand Prix,Azerbaijan,Baku,Azerbaijan%20Grand%20Prix,season-2024-2043,https://www.fia.com/documents/championships/fia-formula-one-world-championship-14/event/Azerbaijan%20Grand%20Prix/season/season-2024-2043,document_archive,conventional,False,internal_driving_guidelines,False,https://github.com/theOehrly/Fast-F1,Completed Race/Sprint event in the predefined 2018-2025 population.
2024-sgp,2024,18,2024-09-22,+08:00,Singapore Grand Prix,Singapore,Marina Bay,Singapore%20Grand%20Prix,season-2024-2043,https://www.fia.com/documents/championships/fia-formula-one-world-championship-14/event/Singapore%20Grand%20Prix/season/season-2024-2043,document_archive,conventional,False,internal_driving_guidelines,False,https://github.com/theOehrly/Fast-F1,Completed Race/Sprint event in the predefined 2018-2025 population.
2024-usa,2024,19,2024-10-20,-05:00,United States Grand Prix,United States,Austin,United%20States%20Grand%20Prix,season-2024-2043,https://www.fia.com/documents/championships/fia-formula-one-world-championship-14/event/United%20States%20Grand%20Prix/season/season-2024-2043,document_archive,sprint_qualifying,True,internal_driving_guidelines,False,https://github.com/theOehrly/Fast-F1,Completed Race/Sprint event in the predefined 2018-2025 population.
2024-mex,2024,20,2024-10-27,-06:00,Mexico City Grand Prix,Mexico,Mexico City,Mexico%20City%20Grand%20Prix,season-2024-2043,https://www.fia.com/documents/championships/fia-formula-one-world-championship-14/event/Mexico%20City%20Grand%20Prix/season/season-2024-2043,document_archive,conventional,False,internal_driving_guidelines,False,https://github.com/theOehrly/Fast-F1,Completed Race/Sprint event in the predefined 2018-2025 population.
2024-sao,2024,21,2024-11-03,-03:00,São Paulo Grand Prix,Brazil,São Paulo,S%C3%A3o%20Paulo%20Grand%20Prix,season-2024-2043,https://www.fia.com/documents/championships/fia-formula-one-world-championship-14/event/S%C3%A3o%20Paulo%20Grand%20Prix/season/season-2024-2043,document_archive,sprint_qualifying,True,internal_driving_guidelines,False,https://github.com/theOehrly/Fast-F1,Completed Race/Sprint event in the predefined 2018-2025 population.
2024-lvs,2024,22,2024-11-23,-08:00,Las Vegas Grand Prix,United States,Las Vegas,Las%20Vegas%20Grand%20Prix,season-2024-2043,https://www.fia.com/documents/championships/fia-formula-one-world-championship-14/event/Las%20Vegas%20Grand%20Prix/season/season-2024-2043,document_archive,conventional,False,internal_driving_guidelines,False,https://github.com/theOehrly/Fast-F1,Completed Race/Sprint event in the predefined 2018-2025 population.
2024-qat,2024,23,2024-12-01,+03:00,Qatar Grand Prix,Qatar,Lusail,Qatar%20Grand%20Prix,season-2024-2043,https://www.fia.com/documents/championships/fia-formula-one-world-championship-14/event/Qatar%20Grand%20Prix/season/season-2024-2043,document_archive,sprint_qualifying,True,internal_driving_guidelines,False,https://github.com/theOehrly/Fast-F1,Completed Race/Sprint event in the predefined 2018-2025 population.
2024-abu,2024,24,2024-12-08,+04:00,Abu Dhabi Grand Prix,United Arab Emirates,Yas Island,Abu%20Dhabi%20Grand%20Prix,season-2024-2043,https://www.fia.com/documents/championships/fia-formula-one-world-championship-14/event/Abu%20Dhabi%20Grand%20Prix/season/season-2024-2043,document_archive,conventional,False,internal_driving_guidelines,False,https://github.com/theOehrly/Fast-F1,Completed Race/Sprint event in the predefined 2018-2025 population.
2025-aus,2025,1,2025-03-16,+11:00,Australian Grand Prix,Australia,Melbourne,Australian%20Grand%20Prix,season-2025-2071,https://www.fia.com/documents/championships/fia-formula-one-world-championship-14/event/Australian%20Grand%20Prix/season/season-2025-2071,document_archive,conventional,False,public_driving_and_penalty_guidelines,False,https://github.com/theOehrly/Fast-F1,Completed Race/Sprint event in the predefined 2018-2025 population.
2025-chn,2025,2,2025-03-23,+08:00,Chinese Grand Prix,China,Shanghai,Chinese%20Grand%20Prix,season-2025-2071,https://www.fia.com/documents/championships/fia-formula-one-world-championship-14/event/Chinese%20Grand%20Prix/season/season-2025-2071,document_archive,sprint_qualifying,True,public_driving_and_penalty_guidelines,False,https://github.com/theOehrly/Fast-F1,Completed Race/Sprint event in the predefined 2018-2025 population.
2025-jpn,2025,3,2025-04-06,+09:00,Japanese Grand Prix,Japan,Suzuka,Japanese%20Grand%20Prix,season-2025-2071,https://www.fia.com/documents/championships/fia-formula-one-world-championship-14/event/Japanese%20Grand%20Prix/season/season-2025-2071,document_archive,conventional,False,public_driving_and_penalty_guidelines,False,https://github.com/theOehrly/Fast-F1,Completed Race/Sprint event in the predefined 2018-2025 population.
2025-bhr,2025,4,2025-04-13,+03:00,Bahrain Grand Prix,Bahrain,Sakhir,Bahrain%20Grand%20Prix,season-2025-2071,https://www.fia.com/documents/championships/fia-formula-one-world-championship-14/event/Bahrain%20Grand%20Prix/season/season-2025-2071,document_archive,conventional,False,public_driving_and_penalty_guidelines,False,https://github.com/theOehrly/Fast-F1,Completed Race/Sprint event in the predefined 2018-2025 population.
2025-sau,2025,5,2025-04-20,+03:00,Saudi Arabian Grand Prix,Saudi Arabia,Jeddah,Saudi%20Arabian%20Grand%20Prix,season-2025-2071,https://www.fia.com/documents/championships/fia-formula-one-world-championship-14/event/Saudi%20Arabian%20Grand%20Prix/season/season-2025-2071,document_archive,conventional,False,public_driving_and_penalty_guidelines,False,https://github.com/theOehrly/Fast-F1,Completed Race/Sprint event in the predefined 2018-2025 population.
2025-mia,2025,6,2025-05-04,-04:00,Miami Grand Prix,United States,Miami Gardens,Miami%20Grand%20Prix,season-2025-2071,https://www.fia.com/documents/championships/fia-formula-one-world-championship-14/event/Miami%20Grand%20Prix/season/season-2025-2071,document_archive,sprint_qualifying,True,public_driving_and_penalty_guidelines,False,https://github.com/theOehrly/Fast-F1,Completed Race/Sprint event in the predefined 2018-2025 population.
2025-emi,2025,7,2025-05-18,+02:00,Emilia Romagna Grand Prix,Italy,Imola,Emilia%20Romagna%20Grand%20Prix,season-2025-2071,https://www.fia.com/documents/championships/fia-formula-one-world-championship-14/event/Emilia%20Romagna%20Grand%20Prix/season/season-2025-2071,document_archive,conventional,False,public_driving_and_penalty_guidelines,False,https://github.com/theOehrly/Fast-F1,Completed Race/Sprint event in the predefined 2018-2025 population.
2025-mco,2025,8,2025-05-25,+02:00,Monaco Grand Prix,Monaco,Monaco,Monaco%20Grand%20Prix,season-2025-2071,https://www.fia.com/documents/championships/fia-formula-one-world-championship-14/event/Monaco%20Grand%20Prix/season/season-2025-2071,document_archive,conventional,False,public_driving_and_penalty_guidelines,False,https://github.com/theOehrly/Fast-F1,Completed Race/Sprint event in the predefined 2018-2025 population.
2025-esp,2025,9,2025-06-01,+02:00,Spanish Grand Prix,Spain,Barcelona,Spanish%20Grand%20Prix,season-2025-2071,https://www.fia.com/documents/championships/fia-formula-one-world-championship-14/event/Spanish%20Grand%20Prix/season/season-2025-2071,document_archive,conventional,False,public_driving_and_penalty_guidelines,False,https://github.com/theOehrly/Fast-F1,Completed Race/Sprint event in the predefined 2018-2025 population.
2025-can,2025,10,2025-06-15,-04:00,Canadian Grand Prix,Canada,Montréal,Canadian%20Grand%20Prix,season-2025-2071,https://www.fia.com/documents/championships/fia-formula-one-world-championship-14/event/Canadian%20Grand%20Prix/season/season-2025-2071,document_archive,conventional,False,public_driving_and_penalty_guidelines,False,https://github.com/theOehrly/Fast-F1,Completed Race/Sprint event in the predefined 2018-2025 population.
2025-aut,2025,11,2025-06-29,+02:00,Austrian Grand Prix,Austria,Spielberg,Austrian%20Grand%20Prix,season-2025-2071,https://www.fia.com/documents/championships/fia-formula-one-world-championship-14/event/Austrian%20Grand%20Prix/season/season-2025-2071,document_archive,conventional,False,public_driving_and_penalty_guidelines,True,https://github.com/theOehrly/Fast-F1,Feasibility pilot event retained in the full study catalog.
2025-gbr,2025,12,2025-07-06,+01:00,British Grand Prix,United Kingdom,Silverstone,British%20Grand%20Prix,season-2025-2071,https://www.fia.com/documents/championships/fia-formula-one-world-championship-14/event/British%20Grand%20Prix/season/season-2025-2071,document_archive,conventional,False,public_driving_and_penalty_guidelines,False,https://github.com/theOehrly/Fast-F1,Completed Race/Sprint event in the predefined 2018-2025 population.
2025-bel,2025,13,2025-07-27,+02:00,Belgian Grand Prix,Belgium,Spa-Francorchamps,Belgian%20Grand%20Prix,season-2025-2071,https://www.fia.com/documents/championships/fia-formula-one-world-championship-14/event/Belgian%20Grand%20Prix/season/season-2025-2071,document_archive,sprint_qualifying,True,public_driving_and_penalty_guidelines,False,https://github.com/theOehrly/Fast-F1,Completed Race/Sprint event in the predefined 2018-2025 population.
2025-hun,2025,14,2025-08-03,+02:00,Hungarian Grand Prix,Hungary,Budapest,Hungarian%20Grand%20Prix,season-2025-2071,https://www.fia.com/documents/championships/fia-formula-one-world-championship-14/event/Hungarian%20Grand%20Prix/season/season-2025-2071,document_archive,conventional,False,public_driving_and_penalty_guidelines,False,https://github.com/theOehrly/Fast-F1,Completed Race/Sprint event in the predefined 2018-2025 population.
2025-ned,2025,15,2025-08-31,+02:00,Dutch Grand Prix,Netherlands,Zandvoort,Dutch%20Grand%20Prix,season-2025-2071,https://www.fia.com/documents/championships/fia-formula-one-world-championship-14/event/Dutch%20Grand%20Prix/season/season-2025-2071,document_archive,conventional,False,public_driving_and_penalty_guidelines,False,https://github.com/theOehrly/Fast-F1,Completed Race/Sprint event in the predefined 2018-2025 population.
2025-ita,2025,16,2025-09-07,+02:00,Italian Grand Prix,Italy,Monza,Italian%20Grand%20Prix,season-2025-2071,https://www.fia.com/documents/championships/fia-formula-one-world-championship-14/event/Italian%20Grand%20Prix/season/season-2025-2071,document_archive,conventional,False,public_driving_and_penalty_guidelines,False,https://github.com/theOehrly/Fast-F1,Completed Race/Sprint event in the predefined 2018-2025 population.
2025-aze,2025,17,2025-09-21,+04:00,Azerbaijan Grand Prix,Azerbaijan,Baku,Azerbaijan%20Grand%20Prix,season-2025-2071,https://www.fia.com/documents/championships/fia-formula-one-world-championship-14/event/Azerbaijan%20Grand%20Prix/season/season-2025-2071,document_archive,conventional,False,public_driving_and_penalty_guidelines,False,https://github.com/theOehrly/Fast-F1,Completed Race/Sprint event in the predefined 2018-2025 population.
2025-sgp,2025,18,2025-10-05,+08:00,Singapore Grand Prix,Singapore,Marina Bay,Singapore%20Grand%20Prix,season-2025-2071,https://www.fia.com/documents/championships/fia-formula-one-world-championship-14/event/Singapore%20Grand%20Prix/season/season-2025-2071,document_archive,conventional,False,public_driving_and_penalty_guidelines,False,https://github.com/theOehrly/Fast-F1,Completed Race/Sprint event in the predefined 2018-2025 population.
2025-usa,2025,19,2025-10-19,-05:00,United States Grand Prix,United States,Austin,United%20States%20Grand%20Prix,season-2025-2071,https://www.fia.com/documents/championships/fia-formula-one-world-championship-14/event/United%20States%20Grand%20Prix/season/season-2025-2071,document_archive,sprint_qualifying,True,public_driving_and_penalty_guidelines,False,https://github.com/theOehrly/Fast-F1,Completed Race/Sprint event in the predefined 2018-2025 population.
2025-mex,2025,20,2025-10-26,-06:00,Mexico City Grand Prix,Mexico,Mexico City,Mexico%20City%20Grand%20Prix,season-2025-2071,https://www.fia.com/documents/championships/fia-formula-one-world-championship-14/event/Mexico%20City%20Grand%20Prix/season/season-2025-2071,document_archive,conventional,False,public_driving_and_penalty_guidelines,False,https://github.com/theOehrly/Fast-F1,Completed Race/Sprint event in the predefined 2018-2025 population.
2025-sao,2025,21,2025-11-09,-03:00,São Paulo Grand Prix,Brazil,São Paulo,S%C3%A3o%20Paulo%20Grand%20Prix,season-2025-2071,https://www.fia.com/documents/championships/fia-formula-one-world-championship-14/event/S%C3%A3o%20Paulo%20Grand%20Prix/season/season-2025-2071,document_archive,sprint_qualifying,True,public_driving_and_penalty_guidelines,False,https://github.com/theOehrly/Fast-F1,Completed Race/Sprint event in the predefined 2018-2025 population.
2025-lvs,2025,22,2025-11-22,-08:00,Las Vegas Grand Prix,United States,Las Vegas,Las%20Vegas%20Grand%20Prix,season-2025-2071,https://www.fia.com/documents/championships/fia-formula-one-world-championship-14/event/Las%20Vegas%20Grand%20Prix/season/season-2025-2071,document_archive,conventional,False,public_driving_and_penalty_guidelines,False,https://github.com/theOehrly/Fast-F1,Completed Race/Sprint event in the predefined 2018-2025 population.
2025-qat,2025,23,2025-11-30,+03:00,Qatar Grand Prix,Qatar,Lusail,Qatar%20Grand%20Prix,season-2025-2071,https://www.fia.com/documents/championships/fia-formula-one-world-championship-14/event/Qatar%20Grand%20Prix/season/season-2025-2071,document_archive,sprint_qualifying,True,public_driving_and_penalty_guidelines,False,https://github.com/theOehrly/Fast-F1,Completed Race/Sprint event in the predefined 2018-2025 population.
2025-abu,2025,24,2025-12-07,+04:00,Abu Dhabi Grand Prix,United Arab Emirates,Yas Island,Abu%20Dhabi%20Grand%20Prix,season-2025-2071,https://www.fia.com/documents/championships/fia-formula-one-world-championship-14/event/Abu%20Dhabi%20Grand%20Prix/season/season-2025-2071,document_archive,conventional,False,public_driving_and_penalty_guidelines,False,https://github.com/theOehrly/Fast-F1,Completed Race/Sprint event in the predefined 2018-2025 population.
