harm_record_id,canonical_incident_key,event_id,session_type,participant_driver_number,reference_driver_number,incident_lap,matched_laps_before,matched_laps_after,pace_change_seconds_per_lap,pace_change_standard_error,pace_change_ci95_low,pace_change_ci95_high,same_compound_fraction,pace_screen_status,damage_confirmation_status,interpretation
bed0f8292ba344080ff2,referral-92a69d6732b75346,2022-abu,Race,6,23,38,6,7,-0.3512857142857134,0.38395528722109584,-1.1038380772390612,0.4012666486676344,0.9230769230769231,estimable_screen_pending_damage_and_context_review,pending_independent_source_review,teammate_relative_timing_screen_not_a_causal_damage_estimate
175b1660cfeea66e9ba6,referral-36e92eadd8444450,2022-gbr,Race,10,22,11,8,4,,,,,,not_estimable,pending_independent_source_review,teammate_relative_timing_screen_not_a_causal_damage_estimate
c0262fd78eee0a8eaf66,referral-1634cab5349707ea,2022-mia,Race,5,18,48,0,5,,,,,,not_estimable,pending_independent_source_review,teammate_relative_timing_screen_not_a_causal_damage_estimate
924c3ea32c386094bce0,referral-1634cab5349707ea,2022-mia,Race,20,47,48,0,5,,,,,,not_estimable,pending_independent_source_review,teammate_relative_timing_screen_not_a_causal_damage_estimate
82f9f04759561ffdb672,incident-src-8ac64d49533b4e49,2019-bhr,Race,26,23,12,4,7,,,,,,not_estimable,pending_independent_source_review,teammate_relative_timing_screen_not_a_causal_damage_estimate
1bc9282c81de7f0d2f5c,incident-src-a2465e3be559632e,2019-bhr,Race,26,23,12,4,7,,,,,,not_estimable,pending_independent_source_review,teammate_relative_timing_screen_not_a_causal_damage_estimate
b3d02a9281c7f7eaa6c1,referral-8eaeadc8694923f5,2019-bra,Race,3,27,8,6,7,-0.83797619047619,0.2484972752466093,-1.3250308499595442,-0.35092153099283574,0.46153846153846156,estimable_screen_pending_damage_and_context_review,pending_independent_source_review,teammate_relative_timing_screen_not_a_causal_damage_estimate
03725a0dbc34d2b95b8a,referral-ab5ecffd4b1f535b,2022-mia,Race,20,47,47,1,6,,,,,,not_estimable,pending_independent_source_review,teammate_relative_timing_screen_not_a_causal_damage_estimate
52da8ac78aa1af3dbf46,referral-52ca5ebc758ae25e,2022-usa,Race,14,31,22,4,5,,,,,,not_estimable,pending_independent_source_review,teammate_relative_timing_screen_not_a_causal_damage_estimate
110c650b42aaf2a8a3ea,referral-570dacabeafaef1c,2023-jpn,Race,20,27,12,5,6,-1.9440333333333313,0.48173329527631564,-2.88823059207491,-0.9998360745917526,0.18181818181818182,estimable_screen_pending_damage_and_context_review,pending_independent_source_review,teammate_relative_timing_screen_not_a_causal_damage_estimate
f9bb7ca2c9d8f1dafcd9,incident-src-2e20778ef64918d5,2024-abu,Race,20,27,30,7,7,-1.1155714285714322,0.3506737150425853,-1.8028919100548995,-0.42825094708796496,0.5,estimable_screen_pending_damage_and_context_review,pending_independent_source_review,teammate_relative_timing_screen_not_a_causal_damage_estimate
8f34ee3bfa627a40fd13,referral-bc57992bc49b2fc1,2024-chn,Race,20,27,27,1,4,,,,,,not_estimable,pending_independent_source_review,teammate_relative_timing_screen_not_a_causal_damage_estimate
1d830b0099b71bb57c8a,referral-562b20d8442a7b89,2025-ned,Race,12,63,53,6,4,,,,,,not_estimable,pending_independent_source_review,teammate_relative_timing_screen_not_a_causal_damage_estimate
f6e0cd2bfc49df0b483d,referral-562b20d8442a7b89,2025-ned,Race,63,12,53,6,4,,,,,,not_estimable,pending_independent_source_review,teammate_relative_timing_screen_not_a_causal_damage_estimate
fcba94f9ce2e7f36d393,referral-6da8a30656674802,2025-ned,Race,30,6,27,4,2,,,,,,not_estimable,pending_independent_source_review,teammate_relative_timing_screen_not_a_causal_damage_estimate
2a603945df0c9318c887,referral-6da8a30656674802,2025-ned,Race,55,23,27,4,2,,,,,,not_estimable,pending_independent_source_review,teammate_relative_timing_screen_not_a_causal_damage_estimate
73d59ea714b74d92bc8e,referral-5fdbc018f02e34db,2019-sgp,Race,8,20,35,8,2,,,,,,not_estimable,pending_independent_source_review,teammate_relative_timing_screen_not_a_causal_damage_estimate
9eff0887d55d10d371b3,incident-src-f21c53526f851c56,2021-sau,Race,16,55,15,2,6,,,,,,not_estimable,pending_independent_source_review,teammate_relative_timing_screen_not_a_causal_damage_estimate
89eced0779a560522141,referral-48f6a987a8ba4306,2022-esp,Race,10,22,27,8,4,,,,,,not_estimable,pending_independent_source_review,teammate_relative_timing_screen_not_a_causal_damage_estimate
68b74a2f654d0e84d02c,referral-48f6a987a8ba4306,2022-esp,Race,18,5,27,6,7,0.08483333333332896,0.6222144318531598,-1.1347069530988643,1.304373619765522,0.46153846153846156,estimable_screen_pending_damage_and_context_review,pending_independent_source_review,teammate_relative_timing_screen_not_a_causal_damage_estimate
744517791e3bd951efdc,referral-e92e90fa3199292b,2023-abu,Race,10,31,15,8,5,-0.25964999999999955,0.21332813674846496,-0.6777731480269908,0.15847314802699175,1.0,estimable_screen_pending_damage_and_context_review,pending_independent_source_review,teammate_relative_timing_screen_not_a_causal_damage_estimate
607d3665a9c295af8fae,referral-e92e90fa3199292b,2023-abu,Race,44,63,15,7,7,-0.1471428571428593,0.31450485866270544,-0.763572380121762,0.46928666583604334,1.0,estimable_screen_pending_damage_and_context_review,pending_independent_source_review,teammate_relative_timing_screen_not_a_causal_damage_estimate
8326e6c3b239e018677d,referral-34475639550d3206,2023-ita,Race,81,4,41,8,7,-1.4856249999999995,0.22637697206682184,-1.9293238652509703,-1.0419261347490287,0.5333333333333333,estimable_screen_pending_damage_and_context_review,pending_independent_source_review,teammate_relative_timing_screen_not_a_causal_damage_estimate
a273d3fc06c1e841309a,referral-6ec078881720fbf5,2023-lvs,Race,1,11,25,6,5,0.3291333333333351,0.4069645985149646,-0.4685172797559955,1.1267839464226657,1.0,estimable_screen_pending_damage_and_context_review,pending_independent_source_review,teammate_relative_timing_screen_not_a_causal_damage_estimate
cf1666e958fb8a5b10df,referral-6ec078881720fbf5,2023-lvs,Race,63,44,25,5,5,0.047600000000002744,0.5174389819099444,-0.9665804045434883,1.0617804045434938,0.5,estimable_screen_pending_damage_and_context_review,pending_independent_source_review,teammate_relative_timing_screen_not_a_causal_damage_estimate
75ee29dd59ba5b9e426b,referral-d74c2a82eb30d908,2025-bhr,Race,18,14,32,8,5,-0.8018750000000047,0.30902686184097994,-1.4075676492083253,-0.196182350791684,1.0,estimable_screen_pending_damage_and_context_review,pending_independent_source_review,teammate_relative_timing_screen_not_a_causal_damage_estimate
911f87d075fb5bf8216e,referral-d74c2a82eb30d908,2025-bhr,Race,30,6,32,6,5,-0.8298999999999954,0.6747212584961779,-2.152353666652504,0.4925536666525132,0.18181818181818182,estimable_screen_pending_damage_and_context_review,pending_independent_source_review,teammate_relative_timing_screen_not_a_causal_damage_estimate
a8c5a1907f526064be02,referral-3c7899a89e98a80f,2019-mco,Race,88,63,15,1,5,,,,,,not_estimable,pending_independent_source_review,teammate_relative_timing_screen_not_a_causal_damage_estimate
fefd3cd245f08c3320a0,referral-3c7899a89e98a80f,2019-mco,Race,99,7,15,1,7,,,,,,not_estimable,pending_independent_source_review,teammate_relative_timing_screen_not_a_causal_damage_estimate
3682cdb1be2880fa1af5,referral-36e92eadd8444450,2022-gbr,Race,22,10,11,8,4,,,,,,not_estimable,pending_independent_source_review,teammate_relative_timing_screen_not_a_causal_damage_estimate
3a6d254ad8b5efe7279b,referral-b56ea8038f408086,2022-hun,Race,3,4,47,4,8,,,,,,not_estimable,pending_independent_source_review,teammate_relative_timing_screen_not_a_causal_damage_estimate
9ec6e9af5e03bb98ad89,referral-b56ea8038f408086,2022-hun,Race,18,5,47,6,8,-0.5827083333333357,0.3349013988836225,-1.2391150751452358,0.07369840847856446,0.42857142857142855,estimable_screen_pending_damage_and_context_review,pending_independent_source_review,teammate_relative_timing_screen_not_a_causal_damage_estimate
fdad77b143c3dd5aafdb,referral-1634cab5349707ea,2022-mia,Race,47,20,48,0,5,,,,,,not_estimable,pending_independent_source_review,teammate_relative_timing_screen_not_a_causal_damage_estimate
e704ee28c2b838f5372c,referral-ab5ecffd4b1f535b,2022-mia,Race,18,5,47,1,6,,,,,,not_estimable,pending_independent_source_review,teammate_relative_timing_screen_not_a_causal_damage_estimate
4f1525dedd44f56503f3,referral-8fb16f079cf7e00b,2025-aze,Race,43,10,17,7,7,-0.2185714285714267,0.19797436788669256,-0.6066011896293442,0.16945833248649073,0.5,estimable_screen_pending_damage_and_context_review,pending_independent_source_review,teammate_relative_timing_screen_not_a_causal_damage_estimate
f0eb520ebd38055e959a,referral-f5b0ef6d99d368fc,2025-esp,Race,30,6,31,8,8,0.006874999999999076,0.32938755058766644,-0.6387245991518271,0.6524745991518253,1.0,estimable_screen_pending_damage_and_context_review,pending_independent_source_review,teammate_relative_timing_screen_not_a_causal_damage_estimate
e03dd04d9c263efbf768,referral-f5b0ef6d99d368fc,2025-esp,Race,87,31,31,8,6,-1.3044999999999973,0.6462964563757181,-2.571241054496405,-0.037758945503589825,1.0,estimable_screen_pending_damage_and_context_review,pending_independent_source_review,teammate_relative_timing_screen_not_a_causal_damage_estimate
f405f1245ddd7ef5147d,referral-39687112b09e6548,2025-gbr,Race,31,87,43,5,8,0.24077499999999896,0.30486098808074896,-0.356752536638269,0.8383025366382669,1.0,estimable_screen_pending_damage_and_context_review,pending_independent_source_review,teammate_relative_timing_screen_not_a_causal_damage_estimate
850d0ed4a70e338236a0,incident-src-8ac64d49533b4e49,2019-bhr,Race,99,7,12,4,6,,,,,,not_estimable,pending_independent_source_review,teammate_relative_timing_screen_not_a_causal_damage_estimate
04a4d16ebbd8df15b9a3,incident-src-a2465e3be559632e,2019-bhr,Race,99,7,12,4,6,,,,,,not_estimable,pending_independent_source_review,teammate_relative_timing_screen_not_a_causal_damage_estimate
ae749b1554b6b633328e,incident-src-02b95aa6fb08b86f,2021-sau,Race,44,77,37,1,8,,,,,,not_estimable,pending_independent_source_review,teammate_relative_timing_screen_not_a_causal_damage_estimate
528e971b7a07f220b246,referral-92a69d6732b75346,2022-abu,Race,47,20,38,6,8,-0.8487083333333285,0.4096877621438021,-1.6516963471351807,-0.04572031953147637,0.7142857142857143,estimable_screen_pending_damage_and_context_review,pending_independent_source_review,teammate_relative_timing_screen_not_a_causal_damage_estimate
5eacf29d0690a7b4c63c,referral-356c0381e1def57c,2022-mex,Race,3,4,50,6,8,-0.6562916666666704,0.8436047218550364,-2.309756921502542,0.9971735881692011,0.0,estimable_screen_pending_damage_and_context_review,pending_independent_source_review,teammate_relative_timing_screen_not_a_causal_damage_estimate
d79b844aa102c5f3953d,referral-c809e324a033e4fc,2022-usa,Race,6,23,38,8,8,-0.36837499999999856,0.22866820844527463,-0.8165646885527369,0.07981468855273971,1.0,estimable_screen_pending_damage_and_context_review,pending_independent_source_review,teammate_relative_timing_screen_not_a_causal_damage_estimate
c205e74aba5783c16e3a,referral-c809e324a033e4fc,2022-usa,Race,47,20,38,6,8,0.6044166666666655,0.1836797090477685,0.2444044369330392,0.9644288964002918,0.21428571428571427,estimable_screen_pending_damage_and_context_review,pending_independent_source_review,teammate_relative_timing_screen_not_a_causal_damage_estimate
e85036e57c7c1df7aa49,referral-34475639550d3206,2023-ita,Race,44,63,41,8,8,-0.19050000000000367,0.21127321301034416,-0.6045954975002782,0.22359549750027086,0.0,estimable_screen_pending_damage_and_context_review,pending_independent_source_review,teammate_relative_timing_screen_not_a_causal_damage_estimate
1d966aaacb8fc007eb6e,referral-8fb16f079cf7e00b,2025-aze,Race,23,55,17,6,6,-1.3598333333333297,0.3612074273261217,-2.067799890892528,-0.6518667757741311,0.5,estimable_screen_pending_damage_and_context_review,pending_independent_source_review,teammate_relative_timing_screen_not_a_causal_damage_estimate
42723cdc94e1af089d8e,referral-39687112b09e6548,2025-gbr,Race,87,31,43,5,8,-0.24077499999999896,0.30486098808074896,-0.8383025366382669,0.356752536638269,1.0,estimable_screen_pending_damage_and_context_review,pending_independent_source_review,teammate_relative_timing_screen_not_a_causal_damage_estimate
ba12c85ad0e3b468e699,referral-da5b6ae5cfb3c8a1,2025-hun,Race,10,43,61,8,8,-0.14412499999999895,0.4776078856245097,-1.0802364558240378,0.79198645582404,0.0,estimable_screen_pending_damage_and_context_review,pending_independent_source_review,teammate_relative_timing_screen_not_a_causal_damage_estimate
87c518f59d6f805614e7,referral-da5b6ae5cfb3c8a1,2025-hun,Race,55,23,61,8,8,1.399000000000001,0.43982443737733107,0.536944102740432,2.2610558972595696,0.0,estimable_screen_pending_damage_and_context_review,pending_independent_source_review,teammate_relative_timing_screen_not_a_causal_damage_estimate
21da8e4ca49452c88062,referral-05462a009b963b4e,2025-ita,Race,55,23,40,8,6,0.4784999999999974,0.1342619507849178,0.21534657646155858,0.7416534235384362,0.5714285714285714,estimable_screen_pending_damage_and_context_review,pending_independent_source_review,teammate_relative_timing_screen_not_a_causal_damage_estimate
15cf88ba6e594bcde961,referral-05462a009b963b4e,2025-ita,Race,87,31,40,8,8,0.05612499999999976,0.10009592497414088,-0.14006301294931636,0.25231301294931585,1.0,estimable_screen_pending_damage_and_context_review,pending_independent_source_review,teammate_relative_timing_screen_not_a_causal_damage_estimate
