harm_record_id,canonical_incident_key,event_id,participant_driver_number,participant_role,adjudication_ids,fault_established_model_review,independent_harm_review_status,independent_harm_confirmed,independent_conduct_review_complete,proportionality_release_eligible,gate_reason
ab56267a3351d0c4e65b,incident-src-1e31200d5298f217,2018-mco,28,affected,adj-1e31200d5298f217,False,not_yet_researched,False,False,False,pending_independent_conduct_and_or_harm_review
66add1ada0c6d18a9e2e,referral-f8f7baabcde165ad,2019-aze,3,accused,adj-58045adf2d642c7b,False,not_yet_researched,False,False,False,pending_independent_conduct_and_or_harm_review
98ecc671881ac2157adb,referral-f8f7baabcde165ad,2019-aze,26,affected,adj-58045adf2d642c7b,False,not_yet_researched,False,False,False,pending_independent_conduct_and_or_harm_review
d468ccf7d4ea7052228d,referral-e2a1e81ca9f578ea,2019-chn,4,affected,adj-fb33cf1dee9a141c,True,not_yet_researched,False,False,False,pending_independent_conduct_and_or_harm_review
3c041c6b0816caa638bd,referral-07ba0521d047f4a1,2021-aut,5,affected,adj-777fb475fb7ad14e,False,not_yet_researched,False,False,False,pending_independent_conduct_and_or_harm_review
bed0f8292ba344080ff2,referral-92a69d6732b75346,2022-abu,6,affected,adj-5c847c13b64952f6,True,not_yet_researched,False,False,False,pending_independent_conduct_and_or_harm_review
5be3191a8c28a5060832,referral-356c0381e1def57c,2022-mex,22,affected,adj-2642da4344825f6e,False,not_yet_researched,False,False,False,pending_independent_conduct_and_or_harm_review
2a7c34bce76d244f5e09,referral-570dacabeafaef1c,2023-jpn,11,accused,adj-478d73ac843b6a2b,True,not_yet_researched,False,False,False,pending_independent_conduct_and_or_harm_review
8d0883035925098b3bbe,referral-2aba8b3f9466325c,2023-mex,18,affected,adj-2e96bcd611e65b6d,True,not_yet_researched,False,False,False,pending_independent_conduct_and_or_harm_review
51cfe98249cef763004b,referral-c4d62265d08c758d,2024-chn,14,accused,adj-1b908ee0c8888db7,False,not_yet_researched,False,False,False,pending_independent_conduct_and_or_harm_review
3745ff7d3d07ba415776,incident-group-86e2a514b5312efc,2024-mia,18,accused_and_affected,adj-0a015cee0b31ad67|adj-66a7d8add9666258|adj-c88d0a0133c58194,False,not_yet_researched,False,False,False,pending_independent_conduct_and_or_harm_review
88a5cd069d7391f33341,referral-2ba396eba5a59d95,2025-lvs,5,accused,adj-4762dd05c67569c8,False,not_yet_researched,False,False,False,pending_independent_conduct_and_or_harm_review
3c1004189ecc156b04aa,referral-3dcd04109c7befd9,2025-sau,22,accused,adj-47d34770b1ec91cd,False,not_yet_researched,False,False,False,pending_independent_conduct_and_or_harm_review
0588504cfb7c427dd120,referral-da0e54c0187d0fbe,2018-chn,28,affected,adj-171323b01c7fd2e4,True,not_yet_researched,False,False,False,pending_independent_conduct_and_or_harm_review
75094effea955c3b318f,referral-e9894fb0b2d999fc,2018-usa,14,affected,adj-e7b2995ef053dcc6,True,not_yet_researched,False,False,False,pending_independent_conduct_and_or_harm_review
d030f57e02248e598d9a,referral-fa1d5771cf575a1c,2018-usa,8,accused,adj-f66c13b6dc6edb50,False,not_yet_researched,False,False,False,pending_independent_conduct_and_or_harm_review
1718939f8a1aba278a3c,referral-fa1d5771cf575a1c,2018-usa,16,affected,adj-f66c13b6dc6edb50,False,not_yet_researched,False,False,False,pending_independent_conduct_and_or_harm_review
db50c120cef2fe8fafbf,incident-src-9cf492ef26deae16,2021-hun,4,affected,adj-9cf492ef26deae16,True,not_yet_researched,False,False,False,pending_independent_conduct_and_or_harm_review
5afd758ad5f2d02ae952,referral-e53b9398877a9d1c,2022-aut,11,affected,adj-4336ab73c4471912,True,not_yet_researched,False,False,False,pending_independent_conduct_and_or_harm_review
9500a7c0b42692f880a3,referral-c7f06201ab374d1f,2022-sgp,6,accused,adj-ef4a6332c1a930b5,True,not_yet_researched,False,False,False,pending_independent_conduct_and_or_harm_review
dc2135d2e6043fe15270,referral-e1f645df500c1c11,2022-usa,55,affected,adj-9c5057e738e04730,False,not_yet_researched,False,False,False,pending_independent_conduct_and_or_harm_review
73fe3b3b06155ee23485,referral-2d9c0cda09c84248,2023-jpn,2,accused,adj-ac7b841c1ea1648e,True,pending,False,False,False,pending_independent_conduct_and_or_harm_review
858cdef042cf1d6f813b,referral-2d9c0cda09c84248,2023-jpn,77,affected,adj-ac7b841c1ea1648e,True,pending,False,False,False,pending_independent_conduct_and_or_harm_review
6a3c34a7d1161e9376b9,incident-src-2e20778ef64918d5,2024-abu,77,accused,adj-2e20778ef64918d5,False,not_yet_researched,False,False,False,pending_independent_conduct_and_or_harm_review
fef6c8ca6ebc625abaa7,referral-426530d3c0394fff,2024-abu,43,affected,adj-b6f8f8dea3be57fe,True,not_yet_researched,False,False,False,pending_independent_conduct_and_or_harm_review
e588a96beef2e6217705,referral-b2dfeca185ec8f72,2024-qat,18,accused,adj-8cd0b8f0391a2018,False,not_yet_researched,False,False,False,pending_independent_conduct_and_or_harm_review
4ea53e69d2efcb6dfa96,referral-97885793288084e1,2025-gbr,12,affected,adj-e0f8f07ee7a2831d,False,not_yet_researched,False,False,False,pending_independent_conduct_and_or_harm_review
10055a19f56bda946562,incident-src-9fe86942c422bf75,2018-esp,8,accused,adj-9fe86942c422bf75,False,not_yet_researched,False,False,False,pending_independent_conduct_and_or_harm_review
2f92162e3596c6c78c89,incident-src-9fe86942c422bf75,2018-esp,10,affected,adj-9fe86942c422bf75,False,not_yet_researched,False,False,False,pending_independent_conduct_and_or_harm_review
ac8e49c9efe16d0022c5,incident-src-9fe86942c422bf75,2018-esp,27,affected,adj-9fe86942c422bf75,False,not_yet_researched,False,False,False,pending_independent_conduct_and_or_harm_review
2b272c026807304bbc64,referral-e2a1e81ca9f578ea,2019-chn,26,accused,adj-fb33cf1dee9a141c,True,not_yet_researched,False,False,False,pending_independent_conduct_and_or_harm_review
dfc8e811e22e411043c8,referral-c369b6c3f1ce4353,2020-bhr,18,affected,adj-f43e6ce41cf9c965,True,not_yet_researched,False,False,False,pending_independent_conduct_and_or_harm_review
ece0e204c37f9829a64b,referral-8bdc3080b6a0d7d2,2020-skh,16,accused,adj-f1add43ec601d687,False,not_yet_researched,False,False,False,pending_independent_conduct_and_or_harm_review
fe5dec4ee6ef8a9429df,referral-8bdc3080b6a0d7d2,2020-skh,33,affected,adj-f1add43ec601d687,False,not_yet_researched,False,False,False,pending_independent_conduct_and_or_harm_review
cd1fff2aff3b5627ae18,referral-3168b0e2e5a515c1,2020-tus,10,accused_and_affected,adj-3bbbd293cbbdc303|adj-ca80459eed6f3310|adj-d8273ef853fc3e35|adj-fe001d9ef4550a20,False,not_yet_researched,False,False,False,pending_independent_conduct_and_or_harm_review
364732dab5e0fa338b92,referral-3168b0e2e5a515c1,2020-tus,33,accused_and_affected,adj-3bbbd293cbbdc303|adj-ca80459eed6f3310|adj-d8273ef853fc3e35|adj-fe001d9ef4550a20,False,not_yet_researched,False,False,False,pending_independent_conduct_and_or_harm_review
175b1660cfeea66e9ba6,referral-36e92eadd8444450,2022-gbr,10,affected,adj-2f0e84f6cc910eed,False,not_yet_researched,False,False,False,pending_independent_conduct_and_or_harm_review
c0262fd78eee0a8eaf66,referral-1634cab5349707ea,2022-mia,5,accused_and_affected,adj-73fce9170579e36d|adj-accee74fb15b4fa6,True,not_yet_researched,False,False,False,pending_independent_conduct_and_or_harm_review
924c3ea32c386094bce0,referral-1634cab5349707ea,2022-mia,20,affected,adj-73fce9170579e36d|adj-accee74fb15b4fa6,True,not_yet_researched,False,False,False,pending_independent_conduct_and_or_harm_review
beaf5bc6861b4eb32405,referral-c7bba055f7371459,2024-jpn,3,accused,adj-7a872dc58411ce68,False,not_yet_researched,False,False,False,pending_independent_conduct_and_or_harm_review
11975b249951498eed68,referral-c7bba055f7371459,2024-jpn,23,affected,adj-7a872dc58411ce68,False,not_yet_researched,False,False,False,pending_independent_conduct_and_or_harm_review
5c18da9417c5fa40ac10,incident-group-86e2a514b5312efc,2024-mia,4,affected,adj-0a015cee0b31ad67|adj-66a7d8add9666258|adj-c88d0a0133c58194,False,not_yet_researched,False,False,False,pending_independent_conduct_and_or_harm_review
24c8459d65be7659b9d9,referral-5dcd77f0eab66ae4,2025-aut,1,affected,adj-dc3cbf1b2175e95d,True,not_yet_researched,False,False,False,pending_independent_conduct_and_or_harm_review
9b9dd748bd4435dc0d46,referral-5dcd77f0eab66ae4,2025-aut,12,accused,adj-dc3cbf1b2175e95d,True,not_yet_researched,False,False,False,pending_independent_conduct_and_or_harm_review
4fdc2bbe318c89ad1263,referral-f5b0ef6d99d368fc,2025-esp,23,affected,adj-6a1ad4e004abe2f1|adj-fd11a3e24a70c2a4,False,not_yet_researched,False,False,False,pending_independent_conduct_and_or_harm_review
7023c54f61ceb315e20e,referral-2ba396eba5a59d95,2025-lvs,18,affected,adj-4762dd05c67569c8,False,not_yet_researched,False,False,False,pending_independent_conduct_and_or_harm_review
d7bd275c1b308ab610af,referral-562b20d8442a7b89,2025-ned,16,affected,adj-8200d1dc5332b417,False,not_yet_researched,False,False,False,pending_independent_conduct_and_or_harm_review
eb123a340ddeb56b9c6f,referral-3dcd04109c7befd9,2025-sau,10,affected,adj-47d34770b1ec91cd,False,not_yet_researched,False,False,False,pending_independent_conduct_and_or_harm_review
588baab89ca72f850b24,referral-9b6de88fc350879a,2018-abu,27,accused,adj-2082537af6db5e25,False,not_yet_researched,False,False,False,pending_independent_conduct_and_or_harm_review
228e04eaacd73609e30a,incident-src-915feddd8ae6b043,2018-aze,35,accused,adj-915feddd8ae6b043,True,not_yet_researched,False,False,False,pending_independent_conduct_and_or_harm_review
f64363c9520c3babaefe,referral-000a36711d6e5f60,2018-aze,31,accused,adj-2244116a8d1885ec,False,not_yet_researched,False,False,False,pending_independent_conduct_and_or_harm_review
2a407a823282b1aa8a96,referral-fa03188bfc3f5b32,2018-aze,3,accused_and_affected,adj-e467c6122d516580|adj-fb216d7f0fbf8ff1,True,not_yet_researched,False,False,False,pending_independent_conduct_and_or_harm_review
112e500207ca06e678bf,referral-fa03188bfc3f5b32,2018-aze,33,accused_and_affected,adj-e467c6122d516580|adj-fb216d7f0fbf8ff1,True,not_yet_researched,False,False,False,pending_independent_conduct_and_or_harm_review
cd89fa866a92d720798b,incident-src-f2430a8dcab51295,2018-bel,14,affected,adj-f2430a8dcab51295,True,not_yet_researched,False,False,False,pending_independent_conduct_and_or_harm_review
b0c7373f554d1c9db77f,incident-src-f2430a8dcab51295,2018-bel,27,accused,adj-f2430a8dcab51295,True,not_yet_researched,False,False,False,pending_independent_conduct_and_or_harm_review
cf7206a3d97a77a4f4dc,referral-6aae47e17c294ba7,2018-can,18,accused,adj-1bf13c58d15a0c62,False,not_yet_researched,False,False,False,pending_independent_conduct_and_or_harm_review
5aba643709d8b103a207,referral-6aae47e17c294ba7,2018-can,28,affected,adj-1bf13c58d15a0c62,False,not_yet_researched,False,False,False,pending_independent_conduct_and_or_harm_review
04cdb8b681f008128e73,referral-572ef9f566c02a47,2018-fra,31,affected,adj-edac40e1e7230ec7,False,not_yet_researched,False,False,False,pending_independent_conduct_and_or_harm_review
75ec47d59543f628c553,referral-b8d75cb18fc7f059,2018-fra,10,accused_and_affected,adj-7f9ab5cd4940bce4|adj-ff2eb72501ff888f,True,not_yet_researched,False,False,False,pending_independent_conduct_and_or_harm_review
8bf23a2b984d67f85763,referral-b8d75cb18fc7f059,2018-fra,31,accused_and_affected,adj-7f9ab5cd4940bce4|adj-ff2eb72501ff888f,True,not_yet_researched,False,False,False,pending_independent_conduct_and_or_harm_review
5296734b321fc8bc31df,referral-54d4208235326886,2018-gbr,8,accused_and_affected,adj-5085c3b16294abcf|adj-71bfdbf175be2808,False,not_yet_researched,False,False,False,pending_independent_conduct_and_or_harm_review
6e57ae35a34dff793bb1,referral-735cdd9a62f7643d,2018-gbr,8,accused,adj-e2c907d5f1895cff,False,not_yet_researched,False,False,False,pending_independent_conduct_and_or_harm_review
c6d7003f3211e67679a0,referral-735cdd9a62f7643d,2018-gbr,55,affected,adj-e2c907d5f1895cff,False,not_yet_researched,False,False,False,pending_independent_conduct_and_or_harm_review
9b9a6113e9f1a23cbee2,incident-src-1e31200d5298f217,2018-mco,16,accused,adj-1e31200d5298f217,False,not_yet_researched,False,False,False,pending_independent_conduct_and_or_harm_review
e8fc05b0e22bdbcec279,referral-b77c71894b8712d2,2018-sgp,31,affected,adj-153d9abced4119b1,False,not_yet_researched,False,False,False,pending_independent_conduct_and_or_harm_review
82f9f04759561ffdb672,incident-src-8ac64d49533b4e49,2019-bhr,26,affected,adj-8ac64d49533b4e49,False,not_yet_researched,False,False,False,pending_independent_conduct_and_or_harm_review
1bc9282c81de7f0d2f5c,incident-src-a2465e3be559632e,2019-bhr,26,accused,adj-a2465e3be559632e,False,not_yet_researched,False,False,False,pending_independent_conduct_and_or_harm_review
b3d02a9281c7f7eaa6c1,referral-8eaeadc8694923f5,2019-bra,3,accused,adj-75ad7140f56a82b0,True,not_yet_researched,False,False,False,pending_independent_conduct_and_or_harm_review
dc2fae83e37473563787,referral-e2a1e81ca9f578ea,2019-chn,55,affected,adj-fb33cf1dee9a141c,True,not_yet_researched,False,False,False,pending_independent_conduct_and_or_harm_review
33cb5cc1aae8a93521a5,referral-23100d35fc5906d1,2019-deu,10,accused,adj-f35eb28ba1d26794,False,not_yet_researched,False,False,False,pending_independent_conduct_and_or_harm_review
937888d4f72077967f4a,referral-768f90a84f2bf19b,2019-ita,5,accused,adj-0a2995f1d6aad572,False,not_yet_researched,False,False,False,pending_independent_conduct_and_or_harm_review
3cbb91e3d8f8cf237da3,referral-5fdbc018f02e34db,2019-sgp,63,accused_and_affected,adj-46676d59c4b4733c|adj-cde123f133b0c826,True,not_yet_researched,False,False,False,pending_independent_conduct_and_or_harm_review
0c3796ee64bbdf0eba43,referral-9d11f86984796490,2020-eif,63,affected,adj-cd5bc15f552b8092,False,not_yet_researched,False,False,False,pending_independent_conduct_and_or_harm_review
513a982f2e365e3b35ee,referral-8bdc3080b6a0d7d2,2020-skh,11,affected,adj-f1add43ec601d687,False,not_yet_researched,False,False,False,pending_independent_conduct_and_or_harm_review
d8479c5b42de1561faea,referral-3168b0e2e5a515c1,2020-tus,7,accused_and_affected,adj-3bbbd293cbbdc303|adj-ca80459eed6f3310|adj-d8273ef853fc3e35|adj-fe001d9ef4550a20,False,not_yet_researched,False,False,False,pending_independent_conduct_and_or_harm_review
bea29042ee18243fd5e5,referral-a520c9f861b21016,2021-gbr,33,affected,adj-a02457481a461185,True,not_yet_researched,False,False,False,pending_independent_conduct_and_or_harm_review
f53ef809ef2fcdcddb0a,incident-src-3bb833a815e06668,2021-hun,16,affected,adj-3bb833a815e06668,True,not_yet_researched,False,False,False,pending_independent_conduct_and_or_harm_review
0a16654de466cfa0f534,incident-src-3bb833a815e06668,2021-hun,18,accused,adj-3bb833a815e06668,True,not_yet_researched,False,False,False,pending_independent_conduct_and_or_harm_review
69ed6dabafe0ffc7f083,incident-src-9cf492ef26deae16,2021-hun,77,accused,adj-9cf492ef26deae16,True,not_yet_researched,False,False,False,pending_independent_conduct_and_or_harm_review
2589b3d6f21f0ed1503a,incident-src-f21c53526f851c56,2021-sau,11,accused,adj-f21c53526f851c56,False,not_yet_researched,False,False,False,pending_independent_conduct_and_or_harm_review
e171a3ec7a5114470b11,referral-06f7cbef42a85f11,2022-bel,44,accused,adj-6f98ef40918eece1,False,not_yet_researched,False,False,False,pending_independent_conduct_and_or_harm_review
43dd58954d3271520fb8,referral-77de8f515baa8b7e,2022-fra,6,accused_and_affected,adj-285944dc1f5d725d|adj-91bd2176be4c7ceb,True,not_yet_researched,False,False,False,pending_independent_conduct_and_or_harm_review
693fca6deab94d4af6ba,referral-77de8f515baa8b7e,2022-fra,20,accused_and_affected,adj-285944dc1f5d725d|adj-91bd2176be4c7ceb,True,not_yet_researched,False,False,False,pending_independent_conduct_and_or_harm_review
03725a0dbc34d2b95b8a,referral-ab5ecffd4b1f535b,2022-mia,20,accused_and_affected,adj-28c62e2652e40363|adj-d7bbf8b8f5834a44|adj-ec1cbeb429741336,True,not_yet_researched,False,False,False,pending_independent_conduct_and_or_harm_review
f0638973def8036c0d3d,referral-67780866808a5f6f,2022-sao,3,accused,adj-3700ca1e1401e213,True,not_yet_researched,False,False,False,pending_independent_conduct_and_or_harm_review
eab76cfcc22a95f08e50,referral-67780866808a5f6f,2022-sao,20,affected,adj-3700ca1e1401e213,True,not_yet_researched,False,False,False,pending_independent_conduct_and_or_harm_review
d7362b63560e3dd63984,referral-c7f06201ab374d1f,2022-sgp,24,affected,adj-ef4a6332c1a930b5,True,not_yet_researched,False,False,False,pending_independent_conduct_and_or_harm_review
52da8ac78aa1af3dbf46,referral-52ca5ebc758ae25e,2022-usa,14,affected,adj-cbab2a2368386dd0,True,not_yet_researched,False,False,False,pending_independent_conduct_and_or_harm_review
d348c98064af64152423,referral-52ca5ebc758ae25e,2022-usa,18,accused,adj-cbab2a2368386dd0,True,not_yet_researched,False,False,False,pending_independent_conduct_and_or_harm_review
110c650b42aaf2a8a3ea,referral-570dacabeafaef1c,2023-jpn,20,affected,adj-478d73ac843b6a2b,True,not_yet_researched,False,False,False,pending_independent_conduct_and_or_harm_review
06c7c1cbb50b7c7353ed,referral-03dadc373d8e923f,2023-qat,44,accused,adj-f5b1f1c51a022137,False,not_yet_researched,False,False,False,pending_independent_conduct_and_or_harm_review
28439d82ea2e0c3a0e29,referral-50ed2c378523739f,2023-qat,11,accused_and_affected,adj-2bb6a3e3238bf797|adj-3963f9cb2db8ec33|adj-be81901bac03674e,False,not_yet_researched,False,False,False,pending_independent_conduct_and_or_harm_review
2b194553a21ad2897315,referral-50ed2c378523739f,2023-qat,27,accused_and_affected,adj-2bb6a3e3238bf797|adj-3963f9cb2db8ec33|adj-be81901bac03674e,False,not_yet_researched,False,False,False,pending_independent_conduct_and_or_harm_review
25948e1d01553de38a5a,referral-50ed2c378523739f,2023-qat,31,accused_and_affected,adj-2bb6a3e3238bf797|adj-3963f9cb2db8ec33|adj-be81901bac03674e,False,not_yet_researched,False,False,False,pending_independent_conduct_and_or_harm_review
f9bb7ca2c9d8f1dafcd9,incident-src-2e20778ef64918d5,2024-abu,20,affected,adj-2e20778ef64918d5,False,not_yet_researched,False,False,False,pending_independent_conduct_and_or_harm_review
d0d03d7f4c6b7a8c0b6d,referral-09e39de88467ad49,2024-abu,11,affected,adj-5b76f9299c3d25a5,True,not_yet_researched,False,False,False,pending_independent_conduct_and_or_harm_review
08b46ee79e77607af2b1,referral-09e39de88467ad49,2024-abu,77,accused,adj-5b76f9299c3d25a5,True,not_yet_researched,False,False,False,pending_independent_conduct_and_or_harm_review
05c618e3ca842c4c08f7,referral-8606750ab5c2e36e,2024-aze,11,accused_and_affected,adj-4d9543b8ee4e354b|adj-94905942bca0fa49,False,not_yet_researched,False,False,False,pending_independent_conduct_and_or_harm_review
a0e32bce712785a0325a,referral-8606750ab5c2e36e,2024-aze,55,accused_and_affected,adj-4d9543b8ee4e354b|adj-94905942bca0fa49,False,not_yet_researched,False,False,False,pending_independent_conduct_and_or_harm_review
8f34ee3bfa627a40fd13,referral-bc57992bc49b2fc1,2024-chn,20,accused,adj-e6937a3f0184649f,True,not_yet_researched,False,False,False,pending_independent_conduct_and_or_harm_review
a88ecd64dca5faf70436,referral-bc57992bc49b2fc1,2024-chn,22,affected,adj-e6937a3f0184649f,True,not_yet_researched,False,False,False,pending_independent_conduct_and_or_harm_review
f4788267eea7e545f791,referral-c7bba055f7371459,2024-jpn,18,affected,adj-7a872dc58411ce68,False,not_yet_researched,False,False,False,pending_independent_conduct_and_or_harm_review
87ce78e4698a89129f3e,incident-src-6ea8c11583ab4051,2024-mco,31,accused,adj-6ea8c11583ab4051,False,not_yet_researched,False,False,False,pending_independent_conduct_and_or_harm_review
c7a01d33c13723afd759,incident-group-86e2a514b5312efc,2024-mia,14,accused_and_affected,adj-0a015cee0b31ad67|adj-66a7d8add9666258|adj-c88d0a0133c58194,False,not_yet_researched,False,False,False,pending_independent_conduct_and_or_harm_review
c46e7005ba365e61ce64,incident-group-86e2a514b5312efc,2024-mia,44,accused_and_affected,adj-0a015cee0b31ad67|adj-66a7d8add9666258|adj-c88d0a0133c58194,False,not_yet_researched,False,False,False,pending_independent_conduct_and_or_harm_review
1e47c76270a5d73489b9,referral-4533a764cb46f7af,2024-sao,43,affected,adj-dc9490802ee7ddff,False,not_yet_researched,False,False,False,pending_independent_conduct_and_or_harm_review
60fb11af9308f99743b7,referral-97885793288084e1,2025-gbr,6,accused,adj-e0f8f07ee7a2831d,False,not_yet_researched,False,False,False,pending_independent_conduct_and_or_harm_review
5228f47255202005443b,referral-299f74f832c44e98,2025-lvs,30,accused,adj-2c6f2f495e380077,False,not_yet_researched,False,False,False,pending_independent_conduct_and_or_harm_review
4e7981f921e2d883e4e2,referral-b7a7e983f39b483b,2025-mia,14,affected,adj-5fb4a92076f8efba,True,not_yet_researched,False,False,False,pending_independent_conduct_and_or_harm_review
1d830b0099b71bb57c8a,referral-562b20d8442a7b89,2025-ned,12,accused,adj-8200d1dc5332b417,False,not_yet_researched,False,False,False,pending_independent_conduct_and_or_harm_review
f6e0cd2bfc49df0b483d,referral-562b20d8442a7b89,2025-ned,63,affected,adj-8200d1dc5332b417,False,not_yet_researched,False,False,False,pending_independent_conduct_and_or_harm_review
fcba94f9ce2e7f36d393,referral-6da8a30656674802,2025-ned,30,affected,adj-47e48f725c522344,False,not_yet_researched,False,False,False,pending_independent_conduct_and_or_harm_review
2a603945df0c9318c887,referral-6da8a30656674802,2025-ned,55,accused,adj-47e48f725c522344,False,not_yet_researched,False,False,False,pending_independent_conduct_and_or_harm_review
ed672bd739add0577444,referral-b8d436316d13e265,2025-sao,16,affected,adj-07251667fa91d99d,False,not_yet_researched,False,False,False,pending_independent_conduct_and_or_harm_review
d753a7e096c2124971fc,referral-9ee5a096989b8230,2025-usa,55,accused,adj-d1735787a6532540,True,not_yet_researched,False,False,False,pending_independent_conduct_and_or_harm_review
51f48e458d8ae7cc6298,incident-src-915feddd8ae6b043,2018-aze,11,affected,adj-915feddd8ae6b043,True,not_yet_researched,False,False,False,pending_independent_conduct_and_or_harm_review
4d68e73eecdb4bb03a4c,referral-000a36711d6e5f60,2018-aze,7,affected,adj-2244116a8d1885ec,False,not_yet_researched,False,False,False,pending_independent_conduct_and_or_harm_review
492f5e9332dfeaeaff45,referral-035f8d6260760de8,2018-aze,9,accused,adj-cbb36a04e5932d9a,True,not_yet_researched,False,False,False,pending_independent_conduct_and_or_harm_review
b908bec03fbf0cbb3f3a,referral-035f8d6260760de8,2018-aze,20,affected,adj-cbb36a04e5932d9a,True,not_yet_researched,False,False,False,pending_independent_conduct_and_or_harm_review
71ee79a9b357bc76c399,incident-src-dad7e6d1095a4d05,2018-bel,35,affected,adj-dad7e6d1095a4d05,True,not_yet_researched,False,False,False,pending_independent_conduct_and_or_harm_review
00c15295b4b61843c426,incident-src-dad7e6d1095a4d05,2018-bel,77,accused,adj-dad7e6d1095a4d05,True,not_yet_researched,False,False,False,pending_independent_conduct_and_or_harm_review
60ab83e03f455de762c6,referral-da0e54c0187d0fbe,2018-chn,10,accused,adj-171323b01c7fd2e4,True,not_yet_researched,False,False,False,pending_independent_conduct_and_or_harm_review
7b771c26c4d9cddf9819,referral-3c69a1bc7c5f01a1,2018-fra,5,accused,adj-2528c2aa99cc8fa3,False,not_yet_researched,False,False,False,pending_independent_conduct_and_or_harm_review
1d253adfa47a9c481186,referral-3c69a1bc7c5f01a1,2018-fra,77,affected,adj-2528c2aa99cc8fa3,False,not_yet_researched,False,False,False,pending_independent_conduct_and_or_harm_review
0c0559687a8ea05d82cf,referral-7eee0a9c2ce4a186,2018-ita,5,accused_and_affected,adj-3d3f08ac55cefb43|adj-baf8a03a8e84a2b5,False,not_yet_researched,False,False,False,pending_independent_conduct_and_or_harm_review
b18804b8da774ba2cd2b,referral-dfd7834061de9145,2018-jpn,20,affected,adj-00d141181cb75914,False,not_yet_researched,False,False,False,pending_independent_conduct_and_or_harm_review
7c041a2a0181685fbaad,referral-e9894fb0b2d999fc,2018-usa,18,accused,adj-e7b2995ef053dcc6,True,not_yet_researched,False,False,False,pending_independent_conduct_and_or_harm_review
dfea5fce50a6e79190c6,referral-f3ce5a27bbc5073e,2019-bhr,55,accused_and_affected,adj-5375e3c95251badb|adj-8f6c033b94586d1e,False,pending,False,False,False,pending_independent_conduct_and_or_harm_review
3103dfb37cd7d8fc08ec,referral-ce06795f0b16db3c,2019-bra,5,accused_and_affected,adj-14f4d4ae4c61c0d1|adj-bb68ecdf3fcd7591,False,not_yet_researched,False,False,False,pending_independent_conduct_and_or_harm_review
8634e71497cadd133784,referral-ce06795f0b16db3c,2019-bra,16,accused_and_affected,adj-14f4d4ae4c61c0d1|adj-bb68ecdf3fcd7591,False,not_yet_researched,False,False,False,pending_independent_conduct_and_or_harm_review
1ff44b8732db07a799ff,referral-3e6e7f3786f6d584,2019-esp,4,accused_and_affected,adj-08067a85a17122aa|adj-93a2deb70e9576d9,False,not_yet_researched,False,False,False,pending_independent_conduct_and_or_harm_review
6db4fe1deb14f719dc44,referral-3e6e7f3786f6d584,2019-esp,18,accused_and_affected,adj-08067a85a17122aa|adj-93a2deb70e9576d9,False,not_yet_researched,False,False,False,pending_independent_conduct_and_or_harm_review
ebc1bdfe8272bd6aca66,referral-f400bd65ec68bae4,2019-jpn,16,accused_and_affected,adj-44686757f581c309|adj-634036e33dc05333,True,not_yet_researched,False,False,False,pending_independent_conduct_and_or_harm_review
73d59ea714b74d92bc8e,referral-5fdbc018f02e34db,2019-sgp,8,accused_and_affected,adj-46676d59c4b4733c|adj-cde123f133b0c826,True,not_yet_researched,False,False,False,pending_independent_conduct_and_or_harm_review
c8a6528eb880903810c2,referral-ab30fc15c6ead7d4,2019-sgp,7,accused_and_affected,adj-90a21a4d4da139bd|adj-dc7143e62d2b209e,False,not_yet_researched,False,False,False,pending_independent_conduct_and_or_harm_review
1d1919e9e2a859569f4f,referral-f9b1803598cb0ff8,2019-sgp,27,accused_and_affected,adj-2863482e9bf6ad20|adj-a7bd7c94072cc013,False,not_yet_researched,False,False,False,pending_independent_conduct_and_or_harm_review
554dfe9fc88be01c609e,referral-f9b1803598cb0ff8,2019-sgp,55,accused_and_affected,adj-2863482e9bf6ad20|adj-a7bd7c94072cc013,False,not_yet_researched,False,False,False,pending_independent_conduct_and_or_harm_review
819972ec934f0ab518c4,referral-693d171ad0182cef,2019-usa,23,accused,adj-8fa5a7f8737d47e9,False,not_yet_researched,False,False,False,pending_independent_conduct_and_or_harm_review
0208ef0c723e176f359d,referral-24694eab8506551b,2020-gbr,20,affected,adj-fcd4a7df5c2a7599,True,not_yet_researched,False,False,False,pending_independent_conduct_and_or_harm_review
92b4bdca901d07d3c0e4,referral-a82360ea8c04197a,2020-por,18,accused,adj-51812139587add7e,True,not_yet_researched,False,False,False,pending_independent_conduct_and_or_harm_review
e4e80edd7a3d26cbc1b6,referral-7ad1cab1827db0a6,2021-emi,63,accused,adj-7ff377c3d8f5c74c,False,not_yet_researched,False,False,False,pending_independent_conduct_and_or_harm_review
7cbaaffc5742fb12fee0,referral-7ad1cab1827db0a6,2021-emi,77,affected,adj-7ff377c3d8f5c74c,False,not_yet_researched,False,False,False,pending_independent_conduct_and_or_harm_review
d086308771def4c68ebd,referral-a520c9f861b21016,2021-gbr,44,accused,adj-a02457481a461185,True,not_yet_researched,False,False,False,pending_independent_conduct_and_or_harm_review
ddabc5a0559e1bbc0bda,incident-src-1b5a174b1f09dff2,2021-ita,33,accused,adj-1b5a174b1f09dff2,True,not_yet_researched,False,False,False,pending_independent_conduct_and_or_harm_review
20384b3adf8a7a5ac263,incident-src-1b5a174b1f09dff2,2021-ita,44,affected,adj-1b5a174b1f09dff2,True,not_yet_researched,False,False,False,pending_independent_conduct_and_or_harm_review
906dcca9d39d920b1695,referral-fda2f5daee08c946,2021-rus,10,affected,adj-a2fb74b22534188a,True,not_yet_researched,False,False,False,pending_independent_conduct_and_or_harm_review
a60b07309c4fcac710af,referral-fda2f5daee08c946,2021-rus,18,accused,adj-a2fb74b22534188a,True,not_yet_researched,False,False,False,pending_independent_conduct_and_or_harm_review
7456d5760c4d98f9d8c9,referral-cdea3e9a077a3888,2021-sao,18,affected,adj-3036462c60f0a464,False,not_yet_researched,False,False,False,pending_independent_conduct_and_or_harm_review
9eff0887d55d10d371b3,incident-src-f21c53526f851c56,2021-sau,16,affected,adj-f21c53526f851c56,False,not_yet_researched,False,False,False,pending_independent_conduct_and_or_harm_review
0166d391f750615d9d0b,referral-46569a2fef4fbfcf,2021-sau,5,affected,adj-d7f3f0f646ff62ac,False,not_yet_researched,False,False,False,pending_independent_conduct_and_or_harm_review
89eced0779a560522141,referral-48f6a987a8ba4306,2022-esp,10,accused,adj-b1443a946b9a7bc7,False,not_yet_researched,False,False,False,pending_independent_conduct_and_or_harm_review
68b74a2f654d0e84d02c,referral-48f6a987a8ba4306,2022-esp,18,affected,adj-b1443a946b9a7bc7,False,not_yet_researched,False,False,False,pending_independent_conduct_and_or_harm_review
7b4a98e87e38d6adfd12,referral-835ba4919b26bf62,2022-fra,22,affected,adj-895a772a98e8bd31,True,not_yet_researched,False,False,False,pending_independent_conduct_and_or_harm_review
9ae2bfbca4ef9809e789,referral-876de9dc1b18ea7b,2022-mia,10,affected,adj-03184f34ac76878c,False,not_yet_researched,False,False,False,pending_independent_conduct_and_or_harm_review
42c8946ba9feb5d6c3d5,referral-3ca551749339034b,2022-sau,23,accused,adj-3baf9aacecb5c6e5,False,not_yet_researched,False,False,False,pending_independent_conduct_and_or_harm_review
744517791e3bd951efdc,referral-e92e90fa3199292b,2023-abu,10,affected,adj-2dbfd4a2eafd6834,False,not_yet_researched,False,False,False,pending_independent_conduct_and_or_harm_review
607d3665a9c295af8fae,referral-e92e90fa3199292b,2023-abu,44,accused,adj-2dbfd4a2eafd6834,False,not_yet_researched,False,False,False,pending_independent_conduct_and_or_harm_review
d5f589a2eb608a7016f2,referral-a2c81b2c894dcee9,2023-aus,10,accused_and_affected,adj-3ccb9c1bd9cedb01|adj-90197ab5c6f59cb7,False,not_yet_researched,False,False,False,pending_independent_conduct_and_or_harm_review
9998b1aed873eb97ef93,referral-a2c81b2c894dcee9,2023-aus,31,accused_and_affected,adj-3ccb9c1bd9cedb01|adj-90197ab5c6f59cb7,False,not_yet_researched,False,False,False,pending_independent_conduct_and_or_harm_review
869efe03dd4502b93581,referral-c8d807c438aeb7eb,2023-bel,11,affected,adj-776c2086c0a9c6de,True,not_yet_researched,False,False,False,pending_independent_conduct_and_or_harm_review
858e5173017b39907a8e,referral-242ae7ad2fc0cf31,2023-gbr,10,affected,adj-f17f068e5fcade97,False,not_yet_researched,False,False,False,pending_independent_conduct_and_or_harm_review
8326e6c3b239e018677d,referral-34475639550d3206,2023-ita,81,affected,adj-aa926d6db0e47df5,False,not_yet_researched,False,False,False,pending_independent_conduct_and_or_harm_review
a273d3fc06c1e841309a,referral-6ec078881720fbf5,2023-lvs,1,affected,adj-13ca9edd8c45db6f,False,not_yet_researched,False,False,False,pending_independent_conduct_and_or_harm_review
cf1666e958fb8a5b10df,referral-6ec078881720fbf5,2023-lvs,63,accused,adj-13ca9edd8c45db6f,False,not_yet_researched,False,False,False,pending_independent_conduct_and_or_harm_review
5009d6f65371fda160e8,referral-4e46caea8d8ce0ce,2023-mco,27,accused,adj-dddf2d8d47ab0fc0,False,not_yet_researched,False,False,False,pending_independent_conduct_and_or_harm_review
1544c8b2e6c27828868a,referral-03dadc373d8e923f,2023-qat,63,affected,adj-f5b1f1c51a022137,False,not_yet_researched,False,False,False,pending_independent_conduct_and_or_harm_review
116a6e53af94500dd2d3,referral-9c8afbecf39abe74,2024-chn,3,affected,adj-a3a2dc88b46fb907,True,not_yet_researched,False,False,False,pending_independent_conduct_and_or_harm_review
43f0b43176423941e25f,referral-18b28ee33d7d4967,2024-ita,22,affected,adj-98bfaa1af9372654,False,not_yet_researched,False,False,False,pending_independent_conduct_and_or_harm_review
40ca05f28ff1d7c1ac83,incident-src-6ea8c11583ab4051,2024-mco,10,affected,adj-6ea8c11583ab4051,False,not_yet_researched,False,False,False,pending_independent_conduct_and_or_harm_review
2844f7c79a43b79ef756,incident-src-c66b11904508fc88,2024-mex,30,affected,adj-c66b11904508fc88,True,not_yet_researched,False,False,False,pending_independent_conduct_and_or_harm_review
b454373a619c5f487402,referral-b8e78a86fa8cc024,2024-mia,2,affected,adj-1e58e40badf7452a,False,not_yet_researched,False,False,False,pending_independent_conduct_and_or_harm_review
3a3d4d40ddf3f2443869,referral-f8ec31dc5b84851c,2025-aut,22,accused,adj-1651c96225ee4d5c,True,not_yet_researched,False,False,False,pending_independent_conduct_and_or_harm_review
75ee29dd59ba5b9e426b,referral-d74c2a82eb30d908,2025-bhr,18,affected,adj-f343c8d3c1915d9d,False,not_yet_researched,False,False,False,pending_independent_conduct_and_or_harm_review
911f87d075fb5bf8216e,referral-d74c2a82eb30d908,2025-bhr,30,accused,adj-f343c8d3c1915d9d,False,not_yet_researched,False,False,False,pending_independent_conduct_and_or_harm_review
203ea4e98a0d3a65da20,referral-f49e8069307abb3e,2025-can,4,accused,adj-bfdfb2effacad54c,True,not_yet_researched,False,False,False,pending_independent_conduct_and_or_harm_review
d543b6ec1b1a77cc96ad,referral-b715f3583bfd8d4d,2025-lvs,23,accused,adj-3970a605781c9f8e,False,not_yet_researched,False,False,False,pending_independent_conduct_and_or_harm_review
570f3eeb15d225022159,referral-95d155f18c866d43,2025-mco,10,accused,adj-7d5059e7588e17a9,False,not_yet_researched,False,False,False,pending_independent_conduct_and_or_harm_review
e6d30df0db0273c1806b,incident-src-7a6e06b6a58ea9bf,2025-ned,16,accused,adj-7a6e06b6a58ea9bf,False,not_yet_researched,False,False,False,pending_independent_conduct_and_or_harm_review
bd78ac58dfe8bbc92376,incident-src-8f0780dbba4e36af,2025-ned,16,affected,adj-8f0780dbba4e36af,False,not_yet_researched,False,False,False,pending_independent_conduct_and_or_harm_review
0b76a2a411e5cbb3845e,referral-aa5b2e3498a65c01,2025-qat,27,accused,adj-b5568820681da36b,False,not_yet_researched,False,False,False,pending_independent_conduct_and_or_harm_review
4b04cb60fa502d9027cd,referral-6ad7e4165a21d44e,2025-sao,44,accused,adj-ae58e3cecb00d019,True,not_yet_researched,False,False,False,pending_independent_conduct_and_or_harm_review
5abbe4c3d89a4a115c32,referral-1e360c2dff8943be,2025-usa,18,accused,adj-671ecdc75433b5c4,True,not_yet_researched,False,False,False,pending_independent_conduct_and_or_harm_review
b429a1988bb5812ce10f,referral-1e360c2dff8943be,2025-usa,31,affected,adj-671ecdc75433b5c4,True,not_yet_researched,False,False,False,pending_independent_conduct_and_or_harm_review
850643748b29670a48ed,incident-src-9fe86942c422bf75,2018-esp,20,affected,adj-9fe86942c422bf75,False,not_yet_researched,False,False,False,pending_independent_conduct_and_or_harm_review
b1d9f5b3d414fd37bcac,incident-src-ee4d64c6c65cfaa2,2018-jpn,5,accused,adj-ee4d64c6c65cfaa2,False,not_yet_researched,False,False,False,pending_independent_conduct_and_or_harm_review
f91812934be1b6f535a2,referral-8bae9b55f0749bef,2019-bra,23,affected,adj-7a979b9c5e405e83,False,not_yet_researched,False,False,False,pending_independent_conduct_and_or_harm_review
ef773bb514282262fbdb,referral-8eaeadc8694923f5,2019-bra,20,affected,adj-75ad7140f56a82b0,True,not_yet_researched,False,False,False,pending_independent_conduct_and_or_harm_review
27cdd82ae04f19f0ff36,referral-768f90a84f2bf19b,2019-ita,18,affected,adj-0a2995f1d6aad572,False,not_yet_researched,False,False,False,pending_independent_conduct_and_or_harm_review
a8c5a1907f526064be02,referral-3c7899a89e98a80f,2019-mco,88,affected,adj-d5ff9f7e1e5e3e46,True,not_yet_researched,False,False,False,pending_independent_conduct_and_or_harm_review
fefd3cd245f08c3320a0,referral-3c7899a89e98a80f,2019-mco,99,accused,adj-d5ff9f7e1e5e3e46,True,not_yet_researched,False,False,False,pending_independent_conduct_and_or_harm_review
c19f31157331007a9d1e,referral-c369b6c3f1ce4353,2020-bhr,16,affected,adj-f43e6ce41cf9c965,True,not_yet_researched,False,False,False,pending_independent_conduct_and_or_harm_review
421569da2f06f82a4378,referral-c369b6c3f1ce4353,2020-bhr,26,accused,adj-f43e6ce41cf9c965,True,not_yet_researched,False,False,False,pending_independent_conduct_and_or_harm_review
b7f944e39247d6a6f343,referral-3168b0e2e5a515c1,2020-tus,8,accused_and_affected,adj-3bbbd293cbbdc303|adj-ca80459eed6f3310|adj-d8273ef853fc3e35|adj-fe001d9ef4550a20,False,not_yet_researched,False,False,False,pending_independent_conduct_and_or_harm_review
fc29807975640455021d,referral-3168b0e2e5a515c1,2020-tus,16,affected,adj-3bbbd293cbbdc303|adj-ca80459eed6f3310|adj-d8273ef853fc3e35|adj-fe001d9ef4550a20,False,not_yet_researched,False,False,False,pending_independent_conduct_and_or_harm_review
77e91eeeca16f63ab11d,referral-07ba0521d047f4a1,2021-aut,7,accused,adj-777fb475fb7ad14e,False,not_yet_researched,False,False,False,pending_independent_conduct_and_or_harm_review
3682cdb1be2880fa1af5,referral-36e92eadd8444450,2022-gbr,22,accused,adj-2f0e84f6cc910eed,False,not_yet_researched,False,False,False,pending_independent_conduct_and_or_harm_review
3a6d254ad8b5efe7279b,referral-b56ea8038f408086,2022-hun,3,accused,adj-4a51b4c5ae3b893d,True,not_yet_researched,False,False,False,pending_independent_conduct_and_or_harm_review
9ec6e9af5e03bb98ad89,referral-b56ea8038f408086,2022-hun,18,affected,adj-4a51b4c5ae3b893d,True,not_yet_researched,False,False,False,pending_independent_conduct_and_or_harm_review
fdad77b143c3dd5aafdb,referral-1634cab5349707ea,2022-mia,47,accused_and_affected,adj-73fce9170579e36d|adj-accee74fb15b4fa6,True,not_yet_researched,False,False,False,pending_independent_conduct_and_or_harm_review
e704ee28c2b838f5372c,referral-ab5ecffd4b1f535b,2022-mia,18,accused_and_affected,adj-28c62e2652e40363|adj-d7bbf8b8f5834a44|adj-ec1cbeb429741336,True,not_yet_researched,False,False,False,pending_independent_conduct_and_or_harm_review
6bc2f55ab0146d5704c4,referral-4533a764cb46f7af,2024-sao,50,accused,adj-dc9490802ee7ddff,False,not_yet_researched,False,False,False,pending_independent_conduct_and_or_harm_review
e921e39e54c229c22753,referral-5dcd77f0eab66ae4,2025-aut,30,affected,adj-dc3cbf1b2175e95d,True,not_yet_researched,False,False,False,pending_independent_conduct_and_or_harm_review
4f1525dedd44f56503f3,referral-8fb16f079cf7e00b,2025-aze,43,affected,adj-94d8c357c79994c4,True,not_yet_researched,False,False,False,pending_independent_conduct_and_or_harm_review
f0eb520ebd38055e959a,referral-f5b0ef6d99d368fc,2025-esp,30,accused,adj-6a1ad4e004abe2f1|adj-fd11a3e24a70c2a4,False,not_yet_researched,False,False,False,pending_independent_conduct_and_or_harm_review
e03dd04d9c263efbf768,referral-f5b0ef6d99d368fc,2025-esp,87,affected,adj-6a1ad4e004abe2f1|adj-fd11a3e24a70c2a4,False,not_yet_researched,False,False,False,pending_independent_conduct_and_or_harm_review
f405f1245ddd7ef5147d,referral-39687112b09e6548,2025-gbr,31,accused_and_affected,adj-42e27716f0b6e748|adj-73480aa892b4963c,False,not_yet_researched,False,False,False,pending_independent_conduct_and_or_harm_review
b004d1fdc99ef54a4735,referral-299f74f832c44e98,2025-lvs,55,affected,adj-2c6f2f495e380077,False,not_yet_researched,False,False,False,pending_independent_conduct_and_or_harm_review
f85c26c84d14d57f4283,referral-299f74f832c44e98,2025-lvs,63,affected,adj-2c6f2f495e380077,False,not_yet_researched,False,False,False,pending_independent_conduct_and_or_harm_review
a8de674c3ee8ee455177,referral-299f74f832c44e98,2025-lvs,81,affected,adj-2c6f2f495e380077,False,not_yet_researched,False,False,False,pending_independent_conduct_and_or_harm_review
6fee3fd54ca674a08901,referral-2ba396eba5a59d95,2025-lvs,43,affected,adj-4762dd05c67569c8,False,not_yet_researched,False,False,False,pending_independent_conduct_and_or_harm_review
fe17e749cc30cab56d24,referral-3dcd04109c7befd9,2025-sau,55,affected,adj-47d34770b1ec91cd,False,not_yet_researched,False,False,False,pending_independent_conduct_and_or_harm_review
1059765ca5c15c2f5a84,referral-9ee5a096989b8230,2025-usa,12,affected,adj-d1735787a6532540,True,not_yet_researched,False,False,False,pending_independent_conduct_and_or_harm_review
f13436417c8c2ad4fb89,referral-9b6de88fc350879a,2018-abu,8,affected,adj-2082537af6db5e25,False,not_yet_researched,False,False,False,pending_independent_conduct_and_or_harm_review
06b8d78f9864a63bf019,referral-d039353f8ed48fe0,2018-bhr,11,affected,adj-f085f5d8e175f3e4,True,not_yet_researched,False,False,False,pending_independent_conduct_and_or_harm_review
51934491f889fee9809f,referral-d039353f8ed48fe0,2018-bhr,28,accused,adj-f085f5d8e175f3e4,True,not_yet_researched,False,False,False,pending_independent_conduct_and_or_harm_review
b24fae4387b1e6954349,referral-572ef9f566c02a47,2018-fra,8,accused,adj-edac40e1e7230ec7,False,not_yet_researched,False,False,False,pending_independent_conduct_and_or_harm_review
8d625f36e48e20aafc87,referral-54d4208235326886,2018-gbr,20,accused_and_affected,adj-5085c3b16294abcf|adj-71bfdbf175be2808,False,not_yet_researched,False,False,False,pending_independent_conduct_and_or_harm_review
700d386fec083d7bec38,referral-e1b8f833e205b138,2018-gbr,7,accused,adj-5384303bfd85706c,False,not_yet_researched,False,False,False,pending_independent_conduct_and_or_harm_review
c1f4ebed0fe05cfcd2b5,referral-e1b8f833e205b138,2018-gbr,44,affected,adj-5384303bfd85706c,False,not_yet_researched,False,False,False,pending_independent_conduct_and_or_harm_review
27c46b8ccf2956ff4757,referral-7eee0a9c2ce4a186,2018-ita,44,accused_and_affected,adj-3d3f08ac55cefb43|adj-baf8a03a8e84a2b5,False,not_yet_researched,False,False,False,pending_independent_conduct_and_or_harm_review
6348777a9d5a05c19415,referral-b77c71894b8712d2,2018-sgp,11,accused,adj-153d9abced4119b1,False,not_yet_researched,False,False,False,pending_independent_conduct_and_or_harm_review
553f6a03c95bf4b45a79,referral-8cf1f928a4e60852,2018-usa,3,accused_and_affected,adj-225ff90f36c849d0|adj-99ac5bce501847b9,False,not_yet_researched,False,False,False,pending_independent_conduct_and_or_harm_review
048a0374d1e14b448824,referral-8cf1f928a4e60852,2018-usa,5,accused_and_affected,adj-225ff90f36c849d0|adj-99ac5bce501847b9,False,not_yet_researched,False,False,False,pending_independent_conduct_and_or_harm_review
850d0ed4a70e338236a0,incident-src-8ac64d49533b4e49,2019-bhr,99,accused,adj-8ac64d49533b4e49,False,not_yet_researched,False,False,False,pending_independent_conduct_and_or_harm_review
04a4d16ebbd8df15b9a3,incident-src-a2465e3be559632e,2019-bhr,99,affected,adj-a2465e3be559632e,False,not_yet_researched,False,False,False,pending_independent_conduct_and_or_harm_review
886105cc9d53fe5b4ab2,referral-8bae9b55f0749bef,2019-bra,44,accused,adj-7a979b9c5e405e83,False,not_yet_researched,False,False,False,pending_independent_conduct_and_or_harm_review
b537de1f0e7d088a9bb5,referral-23100d35fc5906d1,2019-deu,23,affected,adj-f35eb28ba1d26794,False,not_yet_researched,False,False,False,pending_independent_conduct_and_or_harm_review
2f7fb87883f60f256d14,referral-f400bd65ec68bae4,2019-jpn,33,accused_and_affected,adj-44686757f581c309|adj-634036e33dc05333,True,not_yet_researched,False,False,False,pending_independent_conduct_and_or_harm_review
8309ceabae7c625089d4,referral-06be9444b527f8ae,2019-mex,26,accused,adj-f96f03bc3f42ded4,False,not_yet_researched,False,False,False,pending_independent_conduct_and_or_harm_review
c87ae0af6f82986ba360,referral-06be9444b527f8ae,2019-mex,27,affected,adj-f96f03bc3f42ded4,False,not_yet_researched,False,False,False,pending_independent_conduct_and_or_harm_review
71cc6edc32679ae97b32,referral-693d171ad0182cef,2019-usa,55,affected,adj-8fa5a7f8737d47e9,False,not_yet_researched,False,False,False,pending_independent_conduct_and_or_harm_review
b295c89bdf228acd114c,referral-b7b1c1628ee7b46b,2019-usa,11,affected,adj-da2c95f3aa831f34,False,not_yet_researched,False,False,False,pending_independent_conduct_and_or_harm_review
8c6d15b550af41eef874,referral-b7b1c1628ee7b46b,2019-usa,26,accused,adj-da2c95f3aa831f34,False,not_yet_researched,False,False,False,pending_independent_conduct_and_or_harm_review
21c0f6570d6bedc66ac4,referral-2b30f84b57227347,2020-eif,23,accused,adj-334b6200470cb5bc,False,not_yet_researched,False,False,False,pending_independent_conduct_and_or_harm_review
638012e5287590651964,referral-d4b42208d21c7a44,2020-emi,5,accused,adj-1b1da487e3a306a9,False,not_yet_researched,False,False,False,pending_independent_conduct_and_or_harm_review
cf2d19edab6198574b77,referral-d4b42208d21c7a44,2020-emi,20,affected,adj-1b1da487e3a306a9,False,not_yet_researched,False,False,False,pending_independent_conduct_and_or_harm_review
38c037e77fb13b94a559,referral-83878e66d84e44ae,2020-ita,8,affected,adj-c473006e0e821fa8,False,not_yet_researched,False,False,False,pending_independent_conduct_and_or_harm_review
71a22e9b681401c06d3e,referral-83878e66d84e44ae,2020-ita,10,affected,adj-c473006e0e821fa8,False,not_yet_researched,False,False,False,pending_independent_conduct_and_or_harm_review
0f643c2c9e24d7378494,referral-83878e66d84e44ae,2020-ita,23,accused,adj-c473006e0e821fa8,False,not_yet_researched,False,False,False,pending_independent_conduct_and_or_harm_review
6a988830deade59099e6,incident-src-02b95aa6fb08b86f,2021-sau,33,accused,adj-02b95aa6fb08b86f,True,not_yet_researched,False,False,False,pending_independent_conduct_and_or_harm_review
ae749b1554b6b633328e,incident-src-02b95aa6fb08b86f,2021-sau,44,affected,adj-02b95aa6fb08b86f,True,not_yet_researched,False,False,False,pending_independent_conduct_and_or_harm_review
f3d996a800caa8943dad,referral-a7d53580889c5904,2021-tur,10,accused,adj-b778b990971d2a47,True,not_yet_researched,False,False,False,pending_independent_conduct_and_or_harm_review
bf250bd9c6481dafb121,referral-a7d53580889c5904,2021-tur,14,affected,adj-b778b990971d2a47,True,not_yet_researched,False,False,False,pending_independent_conduct_and_or_harm_review
528e971b7a07f220b246,referral-92a69d6732b75346,2022-abu,47,accused,adj-5c847c13b64952f6,True,not_yet_researched,False,False,False,pending_independent_conduct_and_or_harm_review
b08170de3e52f4cc2ff7,referral-e53b9398877a9d1c,2022-aut,63,accused,adj-4336ab73c4471912,True,not_yet_researched,False,False,False,pending_independent_conduct_and_or_harm_review
669b103d0ee52691ea09,referral-06f7cbef42a85f11,2022-bel,14,affected,adj-6f98ef40918eece1,False,not_yet_researched,False,False,False,pending_independent_conduct_and_or_harm_review
1ebb2764d294abdf2cf8,referral-3f7afa7fa15b623b,2022-bhr,31,accused,adj-f0d0f579c2d29f95,False,not_yet_researched,False,False,False,pending_independent_conduct_and_or_harm_review
844cc260d4f6c9bcf8a8,referral-3f7afa7fa15b623b,2022-bhr,47,affected,adj-f0d0f579c2d29f95,False,not_yet_researched,False,False,False,pending_independent_conduct_and_or_harm_review
099f3cffa3663a230d49,referral-77de8f515baa8b7e,2022-fra,47,affected,adj-285944dc1f5d725d|adj-91bd2176be4c7ceb,True,not_yet_researched,False,False,False,pending_independent_conduct_and_or_harm_review
5eacf29d0690a7b4c63c,referral-356c0381e1def57c,2022-mex,3,accused,adj-2642da4344825f6e,False,not_yet_researched,False,False,False,pending_independent_conduct_and_or_harm_review
b06dcd5826b6cd510649,referral-ad8b21666896b543,2022-sgp,1,accused,adj-f74ed9090eea7d2d,False,not_yet_researched,False,False,False,pending_independent_conduct_and_or_harm_review
076506823f3875bd3922,referral-ad8b21666896b543,2022-sgp,20,affected,adj-f74ed9090eea7d2d,False,not_yet_researched,False,False,False,pending_independent_conduct_and_or_harm_review
d79b844aa102c5f3953d,referral-c809e324a033e4fc,2022-usa,6,accused,adj-8056dff0ab98fd58,False,not_yet_researched,False,False,False,pending_independent_conduct_and_or_harm_review
c205e74aba5783c16e3a,referral-c809e324a033e4fc,2022-usa,47,affected,adj-8056dff0ab98fd58,False,not_yet_researched,False,False,False,pending_independent_conduct_and_or_harm_review
61473e11678929fadcc6,referral-e1f645df500c1c11,2022-usa,63,accused,adj-9c5057e738e04730,False,not_yet_researched,False,False,False,pending_independent_conduct_and_or_harm_review
1c4a31eac5bda571bc6f,referral-b0b88f305b6da331,2023-hun,3,affected,adj-c8f5cfeb2f7e6b47,False,not_yet_researched,False,False,False,pending_independent_conduct_and_or_harm_review
6badc3049eb9bdab4a73,referral-b0b88f305b6da331,2023-hun,24,accused,adj-c8f5cfeb2f7e6b47,False,not_yet_researched,False,False,False,pending_independent_conduct_and_or_harm_review
e85036e57c7c1df7aa49,referral-34475639550d3206,2023-ita,44,accused,adj-aa926d6db0e47df5,False,not_yet_researched,False,False,False,pending_independent_conduct_and_or_harm_review
02265ae0c5af6b04cd39,referral-4e46caea8d8ce0ce,2023-mco,2,affected,adj-dddf2d8d47ab0fc0,False,not_yet_researched,False,False,False,pending_independent_conduct_and_or_harm_review
d7a8e70f61e402135bcc,referral-2aba8b3f9466325c,2023-mex,77,accused,adj-2e96bcd611e65b6d,True,not_yet_researched,False,False,False,pending_independent_conduct_and_or_harm_review
3f538cf56eedd5319c6c,referral-fa5877ac295331e9,2023-sgp,11,accused,adj-1eae245c11ac871f,True,not_yet_researched,False,False,False,pending_independent_conduct_and_or_harm_review
c28e031e8ad6d1bf775d,referral-fa5877ac295331e9,2023-sgp,23,affected,adj-1eae245c11ac871f,True,not_yet_researched,False,False,False,pending_independent_conduct_and_or_harm_review
0940c515cd74fc6046b1,referral-fa5877ac295331e9,2023-sgp,40,affected,adj-1eae245c11ac871f,True,not_yet_researched,False,False,False,pending_independent_conduct_and_or_harm_review
f7d739a66cd0d2ec5877,referral-77f98b44ca9910e1,2024-abu,1,accused,adj-8ca9eb32832537c5,True,not_yet_researched,False,False,False,pending_independent_conduct_and_or_harm_review
2d31b1d6a321f29cc1dc,referral-77f98b44ca9910e1,2024-abu,81,affected,adj-8ca9eb32832537c5,True,not_yet_researched,False,False,False,pending_independent_conduct_and_or_harm_review
b53a190bffb6908a29fb,referral-c4d62265d08c758d,2024-chn,55,affected,adj-1b908ee0c8888db7,False,not_yet_researched,False,False,False,pending_independent_conduct_and_or_harm_review
da2367d539573d43b7bc,incident-src-c66b11904508fc88,2024-mex,43,accused,adj-c66b11904508fc88,True,not_yet_researched,False,False,False,pending_independent_conduct_and_or_harm_review
988226774f7398f54967,referral-b2dfeca185ec8f72,2024-qat,23,affected,adj-8cd0b8f0391a2018,False,not_yet_researched,False,False,False,pending_independent_conduct_and_or_harm_review
65181bbdf9c70b69eb93,referral-dd7533f75f09690c,2024-qat,20,affected,adj-d55cdfc134f24f71,False,not_yet_researched,False,False,False,pending_independent_conduct_and_or_harm_review
e05f8652f9356499e35d,referral-dd7533f75f09690c,2024-qat,23,accused,adj-d55cdfc134f24f71,False,not_yet_researched,False,False,False,pending_independent_conduct_and_or_harm_review
c81109c3fe647e208d9e,referral-56f9042ef5b6a732,2024-sao,30,affected,adj-c415a16a0b4f8470,True,not_yet_researched,False,False,False,pending_independent_conduct_and_or_harm_review
c314112cf7b237b14758,referral-56f9042ef5b6a732,2024-sao,44,affected,adj-c415a16a0b4f8470,True,not_yet_researched,False,False,False,pending_independent_conduct_and_or_harm_review
78279aa6488f46a9afd4,referral-56f9042ef5b6a732,2024-sao,81,accused,adj-c415a16a0b4f8470,True,not_yet_researched,False,False,False,pending_independent_conduct_and_or_harm_review
5cc594cb90e5c6ef336b,referral-a54b06fbd1bfe5dc,2025-abu,10,accused_and_affected,adj-e4777c2ca2dcd628|adj-e6d0642f2d104bf2,False,not_yet_researched,False,False,False,pending_independent_conduct_and_or_harm_review
b3e9f63c4276a4114c9f,referral-a54b06fbd1bfe5dc,2025-abu,27,accused_and_affected,adj-e4777c2ca2dcd628|adj-e6d0642f2d104bf2,False,not_yet_researched,False,False,False,pending_independent_conduct_and_or_harm_review
1d966aaacb8fc007eb6e,referral-8fb16f079cf7e00b,2025-aze,23,accused,adj-94d8c357c79994c4,True,not_yet_researched,False,False,False,pending_independent_conduct_and_or_harm_review
8e07ac6b43635dab1cee,referral-80b7ad494889ee19,2025-chn,5,affected,adj-f73048c90c90fbee,True,not_yet_researched,False,False,False,pending_independent_conduct_and_or_harm_review
da74b47e4d3f3b7c5400,referral-80b7ad494889ee19,2025-chn,7,accused,adj-f73048c90c90fbee,True,not_yet_researched,False,False,False,pending_independent_conduct_and_or_harm_review
5765d631ee536d013e17,referral-6eacb77df8d2ea39,2025-esp,1,accused_and_affected,adj-412e6ca5aca26ea3|adj-567832bf228e7eb4|adj-6df990a2ab7ddf2d,False,not_yet_researched,False,False,False,pending_independent_conduct_and_or_harm_review
67bd3cc8d9f97a7b2a4b,referral-6eacb77df8d2ea39,2025-esp,16,accused_and_affected,adj-412e6ca5aca26ea3|adj-567832bf228e7eb4|adj-6df990a2ab7ddf2d,False,not_yet_researched,False,False,False,pending_independent_conduct_and_or_harm_review
d3aa0a56b596932e1db0,referral-6eacb77df8d2ea39,2025-esp,63,affected,adj-412e6ca5aca26ea3|adj-567832bf228e7eb4|adj-6df990a2ab7ddf2d,False,not_yet_researched,False,False,False,pending_independent_conduct_and_or_harm_review
6f469253c153aaeb9974,referral-0781a9d0f3e2cf8d,2025-gbr,22,accused,adj-56c508de2d41940c,False,not_yet_researched,False,False,False,pending_independent_conduct_and_or_harm_review
ba158a47ed03b0b191ef,referral-0781a9d0f3e2cf8d,2025-gbr,87,affected,adj-56c508de2d41940c,False,not_yet_researched,False,False,False,pending_independent_conduct_and_or_harm_review
42723cdc94e1af089d8e,referral-39687112b09e6548,2025-gbr,87,accused_and_affected,adj-42e27716f0b6e748|adj-73480aa892b4963c,False,not_yet_researched,False,False,False,pending_independent_conduct_and_or_harm_review
ba12c85ad0e3b468e699,referral-da5b6ae5cfb3c8a1,2025-hun,10,accused,adj-4fb7700e0eacd773,True,not_yet_researched,False,False,False,pending_independent_conduct_and_or_harm_review
87c518f59d6f805614e7,referral-da5b6ae5cfb3c8a1,2025-hun,55,affected,adj-4fb7700e0eacd773,True,not_yet_researched,False,False,False,pending_independent_conduct_and_or_harm_review
21da8e4ca49452c88062,referral-05462a009b963b4e,2025-ita,55,affected,adj-c3132170cde7b7cf,True,not_yet_researched,False,False,False,pending_independent_conduct_and_or_harm_review
15cf88ba6e594bcde961,referral-05462a009b963b4e,2025-ita,87,accused,adj-c3132170cde7b7cf,True,not_yet_researched,False,False,False,pending_independent_conduct_and_or_harm_review
c2fba1f11b254a84e684,referral-6fc136acc0b9e3a0,2025-mia,44,accused_and_affected,adj-324b4967a8663b58|adj-cc7aa990ebfcb644,True,not_yet_researched,False,False,False,pending_independent_conduct_and_or_harm_review
8714e8dc00bd6e57e621,referral-6fc136acc0b9e3a0,2025-mia,55,accused_and_affected,adj-324b4967a8663b58|adj-cc7aa990ebfcb644,True,not_yet_researched,False,False,False,pending_independent_conduct_and_or_harm_review
bd11ad274af6f727511c,referral-b7a7e983f39b483b,2025-mia,30,accused,adj-5fb4a92076f8efba,True,not_yet_researched,False,False,False,pending_independent_conduct_and_or_harm_review
9006c0c8ed75bdab6ec8,referral-b8d436316d13e265,2025-sao,12,affected,adj-07251667fa91d99d,False,not_yet_researched,False,False,False,pending_independent_conduct_and_or_harm_review
f8b9f2dda08136f9294d,referral-b8d436316d13e265,2025-sao,81,accused,adj-07251667fa91d99d,False,not_yet_researched,False,False,False,pending_independent_conduct_and_or_harm_review
fb1e516dc1b227902359,referral-e087a5378e0f0c80,2025-sao,30,accused,adj-a4594db187cf51e4,False,not_yet_researched,False,False,False,pending_independent_conduct_and_or_harm_review
979f009194a977362aa9,referral-e087a5378e0f0c80,2025-sao,87,affected,adj-a4594db187cf51e4,False,not_yet_researched,False,False,False,pending_independent_conduct_and_or_harm_review
250546cf9f3bfb40f9b5,referral-284df2fbe634a719,2018-aze,10,affected,adj-b5b3a795e56fb51d,True,not_yet_researched,False,False,False,pending_independent_conduct_and_or_harm_review
87a105240c08594985fe,referral-284df2fbe634a719,2018-aze,20,accused,adj-b5b3a795e56fb51d,True,not_yet_researched,False,False,False,pending_independent_conduct_and_or_harm_review
62d76bc784bc011bb0cd,referral-396f655648060e9d,2018-bra,31,accused,adj-39523131c9d9684d,False,not_yet_researched,False,False,False,pending_independent_conduct_and_or_harm_review
a04d83ab003985b2e1a1,referral-396f655648060e9d,2018-bra,33,affected,adj-39523131c9d9684d,False,not_yet_researched,False,False,False,pending_independent_conduct_and_or_harm_review
63919f281c6cb574ac1b,referral-db028cc9d0a1469a,2018-can,11,affected,adj-f0841610b6a2725d,False,not_yet_researched,False,False,False,pending_independent_conduct_and_or_harm_review
87a7edb5a1878ca0b4bf,referral-db028cc9d0a1469a,2018-can,55,accused,adj-f0841610b6a2725d,False,not_yet_researched,False,False,False,pending_independent_conduct_and_or_harm_review
2f80666ca681f7a321de,referral-07b5cb573e331c13,2018-chn,5,affected,adj-04b290c26ab9e55d,True,not_yet_researched,False,False,False,pending_independent_conduct_and_or_harm_review
281920ebc2bb11cedd1a,referral-07b5cb573e331c13,2018-chn,33,accused,adj-04b290c26ab9e55d,True,not_yet_researched,False,False,False,pending_independent_conduct_and_or_harm_review
71cdec5853f34aa73197,referral-bc126f304171b19a,2018-gbr,10,accused,adj-f0f6dfe8d6cd5cc8,True,not_yet_researched,False,False,False,pending_independent_conduct_and_or_harm_review
e6f99dc84daaa72499a3,referral-bc126f304171b19a,2018-gbr,11,affected,adj-f0f6dfe8d6cd5cc8,True,not_yet_researched,False,False,False,pending_independent_conduct_and_or_harm_review
12934332a364a51da18b,referral-57858ca3de2f83c6,2018-hun,3,affected,adj-dd118f0c5b27dc3e,False,not_yet_researched,False,False,False,pending_independent_conduct_and_or_harm_review
768d0df885d9cd257988,referral-57858ca3de2f83c6,2018-hun,77,accused,adj-dd118f0c5b27dc3e,False,not_yet_researched,False,False,False,pending_independent_conduct_and_or_harm_review
bc35ac66ce680623e5e2,referral-5d5df20eacae8c4b,2018-ita,33,accused,adj-87372849846bf17f,False,not_yet_researched,False,False,False,pending_independent_conduct_and_or_harm_review
345f50735ff8d4cce6e2,referral-5d5df20eacae8c4b,2018-ita,77,affected,adj-87372849846bf17f,False,not_yet_researched,False,False,False,pending_independent_conduct_and_or_harm_review
9dd9609040a261c642f5,referral-dfd7834061de9145,2018-jpn,16,accused,adj-00d141181cb75914,False,not_yet_researched,False,False,False,pending_independent_conduct_and_or_harm_review
f2670e396cd196c02c57,referral-b17d5267b718b8b8,2018-mex,28,accused,adj-ed88cdc8e4ae5c06,True,not_yet_researched,False,False,False,pending_independent_conduct_and_or_harm_review
6c6d322e7e8b7af800b9,referral-b17d5267b718b8b8,2018-mex,31,affected,adj-ed88cdc8e4ae5c06,True,not_yet_researched,False,False,False,pending_independent_conduct_and_or_harm_review
3fe0c056b95d1b269719,referral-3d0594eb680a4801,2018-sgp,20,accused,adj-793e772ff47ab03e,True,not_yet_researched,False,False,False,pending_independent_conduct_and_or_harm_review
c7a05b861dfde77b19b0,referral-3d0594eb680a4801,2018-sgp,28,affected,adj-793e772ff47ab03e,True,not_yet_researched,False,False,False,pending_independent_conduct_and_or_harm_review
e9b759da4f33ddf555d2,referral-88b4f22aa00ba3db,2018-sgp,11,accused,adj-3ca06449fb896289,False,not_yet_researched,False,False,False,pending_independent_conduct_and_or_harm_review
65af32b19a4b921cdecb,referral-88b4f22aa00ba3db,2018-sgp,35,affected,adj-3ca06449fb896289,False,not_yet_researched,False,False,False,pending_independent_conduct_and_or_harm_review
a4005d10f21238f693f8,referral-a5b57ab7ac444c3e,2019-abu,88,accused_and_affected,adj-995c2c2bf5c5a2da|adj-bff9e3e79b9d2b32,False,not_yet_researched,False,False,False,pending_independent_conduct_and_or_harm_review
5a59b8b2c745d288a0f2,referral-a5b57ab7ac444c3e,2019-abu,99,accused_and_affected,adj-995c2c2bf5c5a2da|adj-bff9e3e79b9d2b32,False,not_yet_researched,False,False,False,pending_independent_conduct_and_or_harm_review
f50c9f194871ee8516ab,referral-4d6ae7323593bcf1,2019-aut,16,accused_and_affected,adj-524c6675088fdc18|adj-a7a3ac083e4cb040,False,not_yet_researched,False,False,False,pending_independent_conduct_and_or_harm_review
775d051b96a6cde6cca9,referral-4d6ae7323593bcf1,2019-aut,33,accused_and_affected,adj-524c6675088fdc18|adj-a7a3ac083e4cb040,False,not_yet_researched,False,False,False,pending_independent_conduct_and_or_harm_review
b309ea786a87aa37caa9,referral-f3ce5a27bbc5073e,2019-bhr,33,accused_and_affected,adj-5375e3c95251badb|adj-8f6c033b94586d1e,False,not_yet_researched,False,False,False,pending_independent_conduct_and_or_harm_review
f2a14f54f54db2ee67dc,referral-b688b56fa9892053,2019-gbr,5,accused,adj-4ae27a945be232f3,True,not_yet_researched,False,False,False,pending_independent_conduct_and_or_harm_review
b0a872c65c632372f8ad,referral-b688b56fa9892053,2019-gbr,33,affected,adj-4ae27a945be232f3,True,not_yet_researched,False,False,False,pending_independent_conduct_and_or_harm_review
ae486b5af3eeb41516c6,referral-a5288224a70f7a28,2019-jpn,10,accused_and_affected,adj-667d6bb8743116ef|adj-acc76c36ad0d55b6,True,not_yet_researched,False,False,False,pending_independent_conduct_and_or_harm_review
0787a21efcf4d120752f,referral-a5288224a70f7a28,2019-jpn,11,accused_and_affected,adj-667d6bb8743116ef|adj-acc76c36ad0d55b6,True,not_yet_researched,False,False,False,pending_independent_conduct_and_or_harm_review
f5a7bf462ea3dc4ccb7e,referral-b74647f09839c78e,2019-mco,33,accused_and_affected,adj-675739cef230a725|adj-76f534567702afe9,False,not_yet_researched,False,False,False,pending_independent_conduct_and_or_harm_review
cd17cb80e5e3e0e93438,referral-b74647f09839c78e,2019-mco,44,accused_and_affected,adj-675739cef230a725|adj-76f534567702afe9,False,not_yet_researched,False,False,False,pending_independent_conduct_and_or_harm_review
5674addeb4c18e6757db,referral-ab30fc15c6ead7d4,2019-sgp,26,accused_and_affected,adj-90a21a4d4da139bd|adj-dc7143e62d2b209e,False,not_yet_researched,False,False,False,pending_independent_conduct_and_or_harm_review
8931decd4d57b1081d7d,referral-4f2acd9877c92ee0,2020-aut,23,affected,adj-f6450ff6c230f5e0,True,not_yet_researched,False,False,False,pending_independent_conduct_and_or_harm_review
5c274c6aa15c12b3346b,referral-4f2acd9877c92ee0,2020-aut,44,accused,adj-f6450ff6c230f5e0,True,not_yet_researched,False,False,False,pending_independent_conduct_and_or_harm_review
189f66782f5bd1c2df7c,referral-2b30f84b57227347,2020-eif,26,affected,adj-334b6200470cb5bc,False,not_yet_researched,False,False,False,pending_independent_conduct_and_or_harm_review
62f7b83b1d8a01c0b76b,referral-9d11f86984796490,2020-eif,7,accused,adj-cd5bc15f552b8092,False,not_yet_researched,False,False,False,pending_independent_conduct_and_or_harm_review
5d23788f359487f68d9e,referral-24694eab8506551b,2020-gbr,23,accused,adj-fcd4a7df5c2a7599,True,not_yet_researched,False,False,False,pending_independent_conduct_and_or_harm_review
9e07821abcd806be56ae,referral-a82360ea8c04197a,2020-por,4,affected,adj-51812139587add7e,True,not_yet_researched,False,False,False,pending_independent_conduct_and_or_harm_review
009fc0c2d7b7e6fc44a1,referral-d4f11c9cc5b2c052,2021-bhr,5,accused,adj-fee2caa67a10b6f2,True,not_yet_researched,False,False,False,pending_independent_conduct_and_or_harm_review
56a5d01b345b06fe89ac,referral-d4f11c9cc5b2c052,2021-bhr,31,affected,adj-fee2caa67a10b6f2,True,not_yet_researched,False,False,False,pending_independent_conduct_and_or_harm_review
3f36324c3952bba127fc,referral-4844ad042f1b4c0d,2021-gbr,55,affected,adj-03b38afbf69e24d1,False,not_yet_researched,False,False,False,pending_independent_conduct_and_or_harm_review
bdfa82e1bccd1847b46c,referral-4844ad042f1b4c0d,2021-gbr,63,accused,adj-03b38afbf69e24d1,False,not_yet_researched,False,False,False,pending_independent_conduct_and_or_harm_review
0f111f6c49b9de9398c2,referral-55a712c657b70d16,2021-ita,5,affected,adj-e4fd8aefb1774911,False,not_yet_researched,False,False,False,pending_independent_conduct_and_or_harm_review
02858002d0f4a6f3bdeb,referral-55a712c657b70d16,2021-ita,31,accused,adj-e4fd8aefb1774911,False,not_yet_researched,False,False,False,pending_independent_conduct_and_or_harm_review
1d8746eef754b4b9d9d5,referral-e9405598e687c390,2021-ita,9,accused,adj-23f9ed84ba3379b7,True,not_yet_researched,False,False,False,pending_independent_conduct_and_or_harm_review
ee24b8d333e5414661d5,referral-e9405598e687c390,2021-ita,47,affected,adj-23f9ed84ba3379b7,True,not_yet_researched,False,False,False,pending_independent_conduct_and_or_harm_review
a41081b8a67b0ac232c3,referral-cdea3e9a077a3888,2021-sao,22,accused,adj-3036462c60f0a464,False,not_yet_researched,False,False,False,pending_independent_conduct_and_or_harm_review
531ae0462e2260f617d8,referral-46569a2fef4fbfcf,2021-sau,22,accused,adj-d7f3f0f646ff62ac,False,not_yet_researched,False,False,False,pending_independent_conduct_and_or_harm_review
158e628748eb5ec71130,referral-96e6a1e44b22f837,2021-tur,14,accused,adj-2c5dc6cc5a2cbef7,True,not_yet_researched,False,False,False,pending_independent_conduct_and_or_harm_review
d768f8c4d031eb10622c,referral-96e6a1e44b22f837,2021-tur,47,affected,adj-2c5dc6cc5a2cbef7,True,not_yet_researched,False,False,False,pending_independent_conduct_and_or_harm_review
37d5268575970ab6b845,referral-9d27e9541cb8b209,2022-aut,5,affected,adj-ea983bef6c710033,True,not_yet_researched,False,False,False,pending_independent_conduct_and_or_harm_review
99e64a92234775db2178,referral-9d27e9541cb8b209,2022-aut,10,accused,adj-ea983bef6c710033,True,not_yet_researched,False,False,False,pending_independent_conduct_and_or_harm_review
720869776b9347021c61,referral-835ba4919b26bf62,2022-fra,31,accused,adj-895a772a98e8bd31,True,not_yet_researched,False,False,False,pending_independent_conduct_and_or_harm_review
9fa74bff86259288f587,referral-be7b03c7781d735e,2022-fra,24,accused,adj-7d3d410e6a4ba360,True,not_yet_researched,False,False,False,pending_independent_conduct_and_or_harm_review
3b9be4cb4da6310c0b4c,referral-be7b03c7781d735e,2022-fra,47,affected,adj-7d3d410e6a4ba360,True,not_yet_researched,False,False,False,pending_independent_conduct_and_or_harm_review
7327b5a14c5794c3d659,referral-49355d675874c5de,2022-mco,31,accused,adj-c7417e575dc4ccd4,False,not_yet_researched,False,False,False,pending_independent_conduct_and_or_harm_review
6706d3af58ecc9d619f2,referral-49355d675874c5de,2022-mco,44,affected,adj-c7417e575dc4ccd4,False,not_yet_researched,False,False,False,pending_independent_conduct_and_or_harm_review
07041a99148ec23e85ad,referral-876de9dc1b18ea7b,2022-mia,14,accused,adj-03184f34ac76878c,False,not_yet_researched,False,False,False,pending_independent_conduct_and_or_harm_review
9a9443e4cdd31638e789,incident-src-e01a3f0d7bc0ac4d,2022-sao,14,accused,adj-e01a3f0d7bc0ac4d,True,not_yet_researched,False,False,False,pending_independent_conduct_and_or_harm_review
76a266bdbbba8b83ec47,incident-src-e01a3f0d7bc0ac4d,2022-sao,31,affected,adj-e01a3f0d7bc0ac4d,True,not_yet_researched,False,False,False,pending_independent_conduct_and_or_harm_review
578579241b509593141d,referral-0dd70d10c29e7dad,2022-sao,1,accused,adj-40c4f3d12c15506c,True,not_yet_researched,False,False,False,pending_independent_conduct_and_or_harm_review
c92b961a528318fbd7f5,referral-0dd70d10c29e7dad,2022-sao,44,affected,adj-40c4f3d12c15506c,True,not_yet_researched,False,False,False,pending_independent_conduct_and_or_harm_review
1836171fe97576d84a5e,referral-aa461e885941c585,2022-sao,4,accused,adj-96f32b26fd720b87,True,not_yet_researched,False,False,False,pending_independent_conduct_and_or_harm_review
abebd254823901d44d90,referral-aa461e885941c585,2022-sao,16,affected,adj-96f32b26fd720b87,True,not_yet_researched,False,False,False,pending_independent_conduct_and_or_harm_review
987edbe6c3b6c065fb54,referral-3ca551749339034b,2022-sau,18,affected,adj-3baf9aacecb5c6e5,False,not_yet_researched,False,False,False,pending_independent_conduct_and_or_harm_review
dad4ef572b4d05633159,referral-243a8bf348f69712,2023-abu,4,affected,adj-476ced553759f1d7,False,not_yet_researched,False,False,False,pending_independent_conduct_and_or_harm_review
89fa010f3fcf0893bcbc,referral-243a8bf348f69712,2023-abu,11,accused,adj-476ced553759f1d7,False,not_yet_researched,False,False,False,pending_independent_conduct_and_or_harm_review
9ae609b21c303c1996d9,referral-819d022d7636c1c8,2023-aus,14,affected,adj-844c3eb0fcd476be,True,not_yet_researched,False,False,False,pending_independent_conduct_and_or_harm_review
add517f614a34ba0164e,referral-819d022d7636c1c8,2023-aus,55,accused,adj-844c3eb0fcd476be,True,not_yet_researched,False,False,False,pending_independent_conduct_and_or_harm_review
668c3ff73c8c8191e014,referral-c8d807c438aeb7eb,2023-bel,44,accused,adj-776c2086c0a9c6de,True,not_yet_researched,False,False,False,pending_independent_conduct_and_or_harm_review
faceb675bedfe55def06,referral-24332aa9bf8ad2fa,2023-can,20,accused_and_affected,adj-59a7fa0595802b73|adj-bc46b8ef7db29a9f,False,not_yet_researched,False,False,False,pending_independent_conduct_and_or_harm_review
797f01ad481763d683cd,referral-24332aa9bf8ad2fa,2023-can,21,accused_and_affected,adj-59a7fa0595802b73|adj-bc46b8ef7db29a9f,False,not_yet_researched,False,False,False,pending_independent_conduct_and_or_harm_review
c1b42fc19beaea0a6e9c,referral-242ae7ad2fc0cf31,2023-gbr,18,accused,adj-f17f068e5fcade97,False,not_yet_researched,False,False,False,pending_independent_conduct_and_or_harm_review
b1e7edd0a78637efdc35,referral-73d82b00531d95b2,2023-ita,2,accused,adj-c44453d1de46285e,False,not_yet_researched,False,False,False,pending_independent_conduct_and_or_harm_review
c839778d656548ae9214,referral-73d82b00531d95b2,2023-ita,77,affected,adj-c44453d1de46285e,False,not_yet_researched,False,False,False,pending_independent_conduct_and_or_harm_review
d37397a7ffc84a7b77d2,referral-92d0632d352eb40b,2023-mex,22,accused_and_affected,adj-2d49e6748d813e58|adj-34174de921925489|adj-ad1abaf93ca48981|adj-dc4289d79e963b95,False,not_yet_researched,False,False,False,pending_independent_conduct_and_or_harm_review
175021c6fa2c85362340,referral-92d0632d352eb40b,2023-mex,81,accused_and_affected,adj-2d49e6748d813e58|adj-34174de921925489|adj-ad1abaf93ca48981|adj-dc4289d79e963b95,False,not_yet_researched,False,False,False,pending_independent_conduct_and_or_harm_review
ae9db7d8c500fbfb6cc8,referral-e53215989816aca5,2023-ned,22,accused,adj-43692d4605090feb,True,not_yet_researched,False,False,False,pending_independent_conduct_and_or_harm_review
06a2c4b4aec7edf1f1a7,referral-e53215989816aca5,2023-ned,63,affected,adj-43692d4605090feb,True,not_yet_researched,False,False,False,pending_independent_conduct_and_or_harm_review
e18036e57cc070665afb,referral-426530d3c0394fff,2024-abu,81,accused,adj-b6f8f8dea3be57fe,True,not_yet_researched,False,False,False,pending_independent_conduct_and_or_harm_review
8134f29b123973589c28,referral-2b2077507b58e645,2024-aut,1,accused,adj-5005242a503c9174,True,not_yet_researched,False,False,False,pending_independent_conduct_and_or_harm_review
0c32f7a02f1ea923ef51,referral-2b2077507b58e645,2024-aut,4,affected,adj-5005242a503c9174,True,not_yet_researched,False,False,False,pending_independent_conduct_and_or_harm_review
d3a22fef12f33d67f02d,referral-ec71cc44d3a01f25,2024-aut,14,accused,adj-b361bfe26bd9fde2,True,not_yet_researched,False,False,False,pending_independent_conduct_and_or_harm_review
2c0ce74fcd0869de8ff7,referral-ec71cc44d3a01f25,2024-aut,24,affected,adj-b361bfe26bd9fde2,True,not_yet_researched,False,False,False,pending_independent_conduct_and_or_harm_review
dcb7bbaa6330d8a28179,referral-c3855a333cd39450,2024-can,63,accused_and_affected,adj-08975f5bf7e53df4|adj-d710238ee5f893bf,False,not_yet_researched,False,False,False,pending_independent_conduct_and_or_harm_review
8e18ecb55d03655d5c0a,referral-c3855a333cd39450,2024-can,81,accused_and_affected,adj-08975f5bf7e53df4|adj-d710238ee5f893bf,False,not_yet_researched,False,False,False,pending_independent_conduct_and_or_harm_review
defc5698f9c0eda6bae8,referral-9c8afbecf39abe74,2024-chn,18,accused,adj-a3a2dc88b46fb907,True,not_yet_researched,False,False,False,pending_independent_conduct_and_or_harm_review
f1e664a16aea92936de1,referral-274dc2c54c49c08f,2024-hun,1,accused,adj-c05dc23d16515f58,False,not_yet_researched,False,False,False,pending_independent_conduct_and_or_harm_review
9f64f7a6b74bc5463c02,referral-274dc2c54c49c08f,2024-hun,44,affected,adj-c05dc23d16515f58,False,not_yet_researched,False,False,False,pending_independent_conduct_and_or_harm_review
41538a1d6b69d09c8ab9,referral-18b28ee33d7d4967,2024-ita,27,accused,adj-98bfaa1af9372654,False,not_yet_researched,False,False,False,pending_independent_conduct_and_or_harm_review
11d85598fc4515523c51,referral-4a82c37c938fc223,2024-ita,10,affected,adj-def027f293e93425,True,not_yet_researched,False,False,False,pending_independent_conduct_and_or_harm_review
aeb58c42fafe6cdf137e,referral-4a82c37c938fc223,2024-ita,20,accused,adj-def027f293e93425,True,not_yet_researched,False,False,False,pending_independent_conduct_and_or_harm_review
52231fb97c8d902ac51a,referral-510c6f779098c322,2024-mia,55,accused,adj-0e32abe64682f839,False,not_yet_researched,False,False,False,pending_independent_conduct_and_or_harm_review
c1d5dd1c6f1a55d42112,referral-510c6f779098c322,2024-mia,81,affected,adj-0e32abe64682f839,False,pending,False,False,False,pending_independent_conduct_and_or_harm_review
5e39ba82156b819e2cba,referral-b8e78a86fa8cc024,2024-mia,20,accused,adj-1e58e40badf7452a,False,not_yet_researched,False,False,False,pending_independent_conduct_and_or_harm_review
a687c435f3304af370ff,referral-af283570cc6acd71,2024-qat,30,accused,adj-244bac6c349c96be,False,not_yet_researched,False,False,False,pending_independent_conduct_and_or_harm_review
239516060d594d90cfc1,referral-af283570cc6acd71,2024-qat,77,affected,adj-244bac6c349c96be,False,not_yet_researched,False,False,False,pending_independent_conduct_and_or_harm_review
9d4a163c13d772e1ea3f,referral-29a925ed0477f06f,2024-sau,20,accused,adj-4b18175e3ab1d349,False,not_yet_researched,False,False,False,pending_independent_conduct_and_or_harm_review
0cf217b912ab99cb9e78,referral-29a925ed0477f06f,2024-sau,23,affected,adj-4b18175e3ab1d349,False,not_yet_researched,False,False,False,pending_independent_conduct_and_or_harm_review
3ded65cd5a590fe1980f,referral-f8ec31dc5b84851c,2025-aut,43,affected,adj-1651c96225ee4d5c,True,not_yet_researched,False,False,False,pending_independent_conduct_and_or_harm_review
c6155117413bc17e7c6d,referral-05b94ced9330672f,2025-bhr,27,affected,adj-ccae0d70c41eed34,False,not_yet_researched,False,False,False,pending_independent_conduct_and_or_harm_review
1914a6b8cccfce8a328c,referral-05b94ced9330672f,2025-bhr,30,accused,adj-ccae0d70c41eed34,False,not_yet_researched,False,False,False,pending_independent_conduct_and_or_harm_review
990947c09d8834b8fd82,referral-f49e8069307abb3e,2025-can,81,affected,adj-bfdfb2effacad54c,True,not_yet_researched,False,False,False,pending_independent_conduct_and_or_harm_review
9e47acf696b28a2e6a94,referral-fbd1c3da9e21b9ae,2025-chn,7,affected,adj-00f21170a32794f2,False,not_yet_researched,False,False,False,pending_independent_conduct_and_or_harm_review
ffe15a86f4f77d6a5df4,referral-fbd1c3da9e21b9ae,2025-chn,30,accused,adj-00f21170a32794f2,False,not_yet_researched,False,False,False,pending_independent_conduct_and_or_harm_review
2b54cb7b1a5ae9848393,referral-b715f3583bfd8d4d,2025-lvs,44,affected,adj-3970a605781c9f8e,False,not_yet_researched,False,False,False,pending_independent_conduct_and_or_harm_review
56aaef05f16a3aa4379f,referral-95d155f18c866d43,2025-mco,22,affected,adj-7d5059e7588e17a9,False,not_yet_researched,False,False,False,pending_independent_conduct_and_or_harm_review
6982a76b43ba8c0c338d,referral-d12c5370eadce05a,2025-mex,1,affected,adj-dba46fa3ca5c210c,False,not_yet_researched,False,False,False,pending_independent_conduct_and_or_harm_review
5d79c8f0f310b464c261,referral-d12c5370eadce05a,2025-mex,44,accused,adj-dba46fa3ca5c210c,False,not_yet_researched,False,False,False,pending_independent_conduct_and_or_harm_review
2afa801613b07990e7e3,incident-src-7a6e06b6a58ea9bf,2025-ned,63,affected,adj-7a6e06b6a58ea9bf,False,not_yet_researched,False,False,False,pending_independent_conduct_and_or_harm_review
2595407e115108f74ed4,incident-src-8f0780dbba4e36af,2025-ned,63,accused,adj-8f0780dbba4e36af,False,not_yet_researched,False,False,False,pending_independent_conduct_and_or_harm_review
c99226d6c26a59a53908,referral-aa5b2e3498a65c01,2025-qat,10,affected,adj-b5568820681da36b,False,not_yet_researched,False,False,False,pending_independent_conduct_and_or_harm_review
e4fe223c0b78428195fd,referral-6ad7e4165a21d44e,2025-sao,43,affected,adj-ae58e3cecb00d019,True,not_yet_researched,False,False,False,pending_independent_conduct_and_or_harm_review
148e3562f0b795f0b8b8,referral-9cd85ab0e35ccaec,2025-sao,18,affected,adj-7f13cd0ba94d7090,True,not_yet_researched,False,False,False,pending_independent_conduct_and_or_harm_review
d2388557c4f0c7b9654f,referral-9cd85ab0e35ccaec,2025-sao,22,accused,adj-7f13cd0ba94d7090,True,not_yet_researched,False,False,False,pending_independent_conduct_and_or_harm_review
