adjudication_instance_id,adjudication_id,incident_id,document_id,event_id,session_type,accused_driver_number,incident_time_raw,event_timezone,clock_lower_utc,clock_upper_utc,possible_accused_laps,possible_lap_count,single_lap_candidate,mapping_basis,known_model_reviewed_lap,known_lap_within_clock_window,clock_mapping_review_status
adjudication-seed-fia-2018-abu-18bc30990ea3-01,adj-b68335d3407c00bc,incident-src-b68335d3407c00bc,fia-2018-abu-18bc30990ea3,2018-abu,Race,14,18:51,+04:00,2018-11-25T14:51:00+00:00,2018-11-25T14:52:00+00:00,53|54,2,,fia_clock_lap_interval,,,algorithmic_pending_human_validation
adjudication-seed-fia-2018-abu-754824eaae10-01,adj-58eaa3eee308cb80,incident-src-58eaa3eee308cb80,fia-2018-abu-754824eaae10,2018-abu,Race,14,18:52,+04:00,2018-11-25T14:52:00+00:00,2018-11-25T14:53:00+00:00,54,1,54,fia_clock_lap_interval,,,algorithmic_pending_human_validation
adjudication-seed-fia-2018-abu-b67f80da207e-01,adj-2082537af6db5e25,incident-src-2082537af6db5e25,fia-2018-abu-b67f80da207e,2018-abu,Race,27,17:14,+04:00,2018-11-25T13:14:00+00:00,2018-11-25T13:15:00+00:00,1,1,1,fia_clock_lap_interval,,,algorithmic_pending_human_validation
adjudication-seed-fia-2018-abu-ba74bbf1e4a2-01,adj-e83d46d8daf5ec73,incident-src-e83d46d8daf5ec73,fia-2018-abu-ba74bbf1e4a2,2018-abu,Race,14,18:47,+04:00,2018-11-25T14:47:00+00:00,2018-11-25T14:48:00+00:00,51,1,51,fia_clock_lap_interval,,,algorithmic_pending_human_validation
adjudication-seed-fia-2018-abu-e3bd8959c0f4-01,adj-9a44d3fc12f61d17,incident-src-9a44d3fc12f61d17,fia-2018-abu-e3bd8959c0f4,2018-abu,Race,31,18:13,+04:00,2018-11-25T14:13:00+00:00,2018-11-25T14:14:00+00:00,31|32,2,,fia_clock_lap_interval,,,algorithmic_pending_human_validation
adjudication-seed-fia-2018-aut-6376daf466a5-01,adj-b25c86494efcda3c,incident-src-b25c86494efcda3c,fia-2018-aut-6376daf466a5,2018-aut,Race,7,15:13,+02:00,2018-07-01T13:13:00+00:00,2018-07-01T13:14:00+00:00,1|2,2,,fia_clock_lap_interval,,,algorithmic_pending_human_validation
adjudication-seed-fia-2018-aut-9c50973f6716-01,adj-42055c7ca321d011,incident-src-42055c7ca321d011,fia-2018-aut-9c50973f6716,2018-aut,Race,55,15:12,+02:00,2018-07-01T13:12:00+00:00,2018-07-01T13:13:00+00:00,1,1,1,fia_clock_lap_interval,,,algorithmic_pending_human_validation
adjudication-seed-fia-2018-aze-1bbf84530187-01,adj-e467c6122d516580,incident-src-e467c6122d516580,fia-2018-aze-1bbf84530187,2018-aze,Race,33,17:29,+04:00,2018-04-29T13:29:00+00:00,2018-04-29T13:30:00+00:00,40,1,40,fia_clock_lap_interval,,,algorithmic_pending_human_validation
adjudication-seed-fia-2018-aze-23f8b0b5b715-01,adj-cbb36a04e5932d9a,incident-src-cbb36a04e5932d9a,fia-2018-aze-23f8b0b5b715,2018-aze,Race,9,16:14,+04:00,2018-04-29T12:14:00+00:00,2018-04-29T12:15:00+00:00,1,1,1,fia_clock_lap_interval,,,algorithmic_pending_human_validation
adjudication-seed-fia-2018-aze-3e59a6773794-01,adj-2244116a8d1885ec,incident-src-2244116a8d1885ec,fia-2018-aze-3e59a6773794,2018-aze,Race,31,16:14,+04:00,2018-04-29T12:14:00+00:00,2018-04-29T12:15:00+00:00,1,1,1,fia_clock_lap_interval,,,algorithmic_pending_human_validation
adjudication-seed-fia-2018-aze-4fbe7e105140-01,adj-915feddd8ae6b043,incident-src-915feddd8ae6b043,fia-2018-aze-4fbe7e105140,2018-aze,Race,35,16:14,+04:00,2018-04-29T12:14:00+00:00,2018-04-29T12:15:00+00:00,1,1,1,fia_clock_lap_interval,,,algorithmic_pending_human_validation
adjudication-seed-fia-2018-aze-94399ce60452-01,adj-fb216d7f0fbf8ff1,incident-src-fb216d7f0fbf8ff1,fia-2018-aze-94399ce60452,2018-aze,Race,3,17:29,+04:00,2018-04-29T13:29:00+00:00,2018-04-29T13:30:00+00:00,40,1,40,fia_clock_lap_interval,,,algorithmic_pending_human_validation
adjudication-seed-fia-2018-aze-b6df36c282b7-01,adj-b5b3a795e56fb51d,incident-src-b5b3a795e56fb51d,fia-2018-aze-b6df36c282b7,2018-aze,Race,20,17:50,+04:00,2018-04-29T13:50:00+00:00,2018-04-29T13:51:00+00:00,47|48,2,,fia_clock_lap_interval,,,algorithmic_pending_human_validation
adjudication-seed-fia-2018-bel-5f9336c3c23e-01,adj-dad7e6d1095a4d05,incident-src-dad7e6d1095a4d05,fia-2018-bel-5f9336c3c23e,2018-bel,Race,77,15:13,+02:00,2018-08-26T13:13:00+00:00,2018-08-26T13:14:00+00:00,1,1,1,fia_clock_lap_interval,,,algorithmic_pending_human_validation
adjudication-seed-fia-2018-bel-6346000a9777-01,adj-f2430a8dcab51295,incident-src-f2430a8dcab51295,fia-2018-bel-6346000a9777,2018-bel,Race,27,15:13,+02:00,2018-08-26T13:13:00+00:00,2018-08-26T13:14:00+00:00,1,1,1,fia_clock_lap_interval,,,algorithmic_pending_human_validation
adjudication-seed-fia-2018-bhr-37959695abd9-01,adj-f085f5d8e175f3e4,incident-src-f085f5d8e175f3e4,fia-2018-bhr-37959695abd9,2018-bhr,Race,28,18:14,+03:00,2018-04-08T15:14:00+00:00,2018-04-08T15:15:00+00:00,1,1,1,fia_clock_pre_start_first_lap_tolerance,,,algorithmic_pending_human_validation
adjudication-seed-fia-2018-bra-1cf7293f9bee-01,adj-39523131c9d9684d,incident-src-39523131c9d9684d,fia-2018-bra-1cf7293f9bee,2018-bra,Race,31,16:06,-02:00,2018-11-11T18:06:00+00:00,2018-11-11T18:07:00+00:00,42|43,2,,fia_clock_lap_interval,,,algorithmic_pending_human_validation
adjudication-seed-fia-2018-can-6ea0e0275da8-01,adj-1bf13c58d15a0c62,incident-src-1bf13c58d15a0c62,fia-2018-can-6ea0e0275da8,2018-can,Race,18,14:13,-04:00,2018-06-10T18:13:00+00:00,2018-06-10T18:14:00+00:00,1,1,1,fia_clock_lap_interval,,,algorithmic_pending_human_validation
adjudication-seed-fia-2018-can-fa41432364aa-01,adj-f0841610b6a2725d,incident-src-f0841610b6a2725d,fia-2018-can-fa41432364aa,2018-can,Race,55,14:21,-04:00,2018-06-10T18:21:00+00:00,2018-06-10T18:22:00+00:00,4|5,2,,fia_clock_lap_interval,,,algorithmic_pending_human_validation
adjudication-seed-fia-2018-chn-ad3c0076d583-01,adj-171323b01c7fd2e4,incident-src-171323b01c7fd2e4,fia-2018-chn-ad3c0076d583,2018-chn,Race,10,15:02,+08:00,2018-04-15T07:02:00+00:00,2018-04-15T07:03:00+00:00,29,1,29,fia_clock_lap_interval,,,algorithmic_pending_human_validation
adjudication-seed-fia-2018-chn-e98fbe4695b8-01,adj-04b290c26ab9e55d,incident-src-04b290c26ab9e55d,fia-2018-chn-e98fbe4695b8,2018-chn,Race,33,15:28,+08:00,2018-04-15T07:28:00+00:00,2018-04-15T07:29:00+00:00,43|44,2,,fia_clock_lap_interval,,,algorithmic_pending_human_validation
adjudication-seed-fia-2018-esp-231d287cafcd-01,adj-9fe86942c422bf75,incident-src-9fe86942c422bf75,fia-2018-esp-231d287cafcd,2018-esp,Race,8,15:13,+02:00,2018-05-13T13:13:00+00:00,2018-05-13T13:14:00+00:00,1,1,1,fia_clock_lap_interval,,,algorithmic_pending_human_validation
adjudication-seed-fia-2018-fra-505561fd0edc-01,adj-7f9ab5cd4940bce4,incident-src-7f9ab5cd4940bce4,fia-2018-fra-505561fd0edc,2018-fra,Race,31,16:13,+02:00,2018-06-24T14:13:00+00:00,2018-06-24T14:14:00+00:00,1,1,1,fia_clock_lap_interval,,,algorithmic_pending_human_validation
adjudication-seed-fia-2018-fra-80f5d9447315-01,adj-edac40e1e7230ec7,incident-src-edac40e1e7230ec7,fia-2018-fra-80f5d9447315,2018-fra,Race,8,16:13,+02:00,2018-06-24T14:13:00+00:00,2018-06-24T14:14:00+00:00,1,1,1,fia_clock_lap_interval,,,algorithmic_pending_human_validation
adjudication-seed-fia-2018-fra-db6e1870bc40-01,adj-ff2eb72501ff888f,incident-src-ff2eb72501ff888f,fia-2018-fra-db6e1870bc40,2018-fra,Race,10,16:13,+02:00,2018-06-24T14:13:00+00:00,2018-06-24T14:14:00+00:00,1,1,1,fia_clock_lap_interval,,,algorithmic_pending_human_validation
adjudication-seed-fia-2018-fra-e65d0d06dbb7-01,adj-2528c2aa99cc8fa3,incident-src-2528c2aa99cc8fa3,fia-2018-fra-e65d0d06dbb7,2018-fra,Race,5,16:13,+02:00,2018-06-24T14:13:00+00:00,2018-06-24T14:14:00+00:00,1,1,1,fia_clock_lap_interval,,,algorithmic_pending_human_validation
adjudication-seed-fia-2018-gbr-33466a876bdd-01,adj-f0f6dfe8d6cd5cc8,incident-src-f0f6dfe8d6cd5cc8,fia-2018-gbr-33466a876bdd,2018-gbr,Race,10,15:38,+01:00,2018-07-08T14:38:00+00:00,2018-07-08T14:39:00+00:00,50|51,2,,fia_clock_lap_interval,,,algorithmic_pending_human_validation
adjudication-seed-fia-2018-gbr-70534cc8d2b4-01,adj-e2c907d5f1895cff,incident-src-e2c907d5f1895cff,fia-2018-gbr-70534cc8d2b4,2018-gbr,Race,8,15:18,+01:00,2018-07-08T14:18:00+00:00,2018-07-08T14:19:00+00:00,,0,,fia_clock_unmatched_to_lap_interval,,,algorithmic_pending_human_validation
adjudication-seed-fia-2018-gbr-c4ec3bfd58d1-01,adj-71bfdbf175be2808,incident-group-5f15a97b01053cd7,fia-2018-gbr-c4ec3bfd58d1,2018-gbr,Race,20,14:13,+01:00,2018-07-08T13:13:00+00:00,2018-07-08T13:14:00+00:00,1,1,1,fia_clock_lap_interval,,,algorithmic_pending_human_validation
adjudication-seed-fia-2018-gbr-dbd297e3a1ec-01,adj-5085c3b16294abcf,incident-group-5f15a97b01053cd7,fia-2018-gbr-dbd297e3a1ec,2018-gbr,Race,8,14:13,+01:00,2018-07-08T13:13:00+00:00,2018-07-08T13:14:00+00:00,1,1,1,fia_clock_lap_interval,,,algorithmic_pending_human_validation
adjudication-seed-fia-2018-gbr-f20a2f7cd356-01,adj-5384303bfd85706c,incident-src-5384303bfd85706c,fia-2018-gbr-f20a2f7cd356,2018-gbr,Race,7,14:13,+01:00,2018-07-08T13:13:00+00:00,2018-07-08T13:14:00+00:00,1,1,1,fia_clock_lap_interval,,,algorithmic_pending_human_validation
adjudication-seed-fia-2018-hun-4bfaca494290-01,adj-dd118f0c5b27dc3e,incident-src-dd118f0c5b27dc3e,fia-2018-hun-4bfaca494290,2018-hun,Race,77,16:46,+02:00,2018-07-29T14:46:00+00:00,2018-07-29T14:47:00+00:00,67|68,2,,fia_clock_lap_interval,,,algorithmic_pending_human_validation
adjudication-seed-fia-2018-ita-46eec3615f40-01,adj-baf8a03a8e84a2b5,incident-group-dc038f07ea0cd46a,fia-2018-ita-46eec3615f40,2018-ita,Race,44,15:14,+02:00,2018-09-02T13:14:00+00:00,2018-09-02T13:15:00+00:00,1,1,1,fia_clock_lap_interval,,,algorithmic_pending_human_validation
adjudication-seed-fia-2018-ita-4bcc40bb113b-01,adj-87372849846bf17f,incident-src-87372849846bf17f,fia-2018-ita-4bcc40bb113b,2018-ita,Race,33,16:15,+02:00,2018-09-02T14:15:00+00:00,2018-09-02T14:16:00+00:00,42|43,2,,fia_clock_lap_interval,,,algorithmic_pending_human_validation
adjudication-seed-fia-2018-ita-a3456e32915c-01,adj-3d3f08ac55cefb43,incident-group-dc038f07ea0cd46a,fia-2018-ita-a3456e32915c,2018-ita,Race,5,15:14,+02:00,2018-09-02T13:14:00+00:00,2018-09-02T13:15:00+00:00,1,1,1,fia_clock_lap_interval,,,algorithmic_pending_human_validation
adjudication-seed-fia-2018-jpn-81677672dab7-01,adj-ee4d64c6c65cfaa2,incident-src-ee4d64c6c65cfaa2,fia-2018-jpn-81677672dab7,2018-jpn,Race,5,14:28,+09:00,2018-10-07T05:28:00+00:00,2018-10-07T05:29:00+00:00,8,1,8,fia_clock_lap_interval,,,algorithmic_pending_human_validation
adjudication-seed-fia-2018-jpn-a4bf4fc25a1f-01,adj-98570c1c2d9d82a6,incident-src-98570c1c2d9d82a6,fia-2018-jpn-a4bf4fc25a1f,2018-jpn,Race,18,14:15,+09:00,2018-10-07T05:15:00+00:00,2018-10-07T05:16:00+00:00,1|2,2,,fia_clock_lap_interval,,,algorithmic_pending_human_validation
adjudication-seed-fia-2018-jpn-af0be8505555-01,adj-590d4355a3039791,incident-src-590d4355a3039791,fia-2018-jpn-af0be8505555,2018-jpn,Race,14,14:15,+09:00,2018-10-07T05:15:00+00:00,2018-10-07T05:16:00+00:00,1|2,2,,fia_clock_lap_interval,,,algorithmic_pending_human_validation
adjudication-seed-fia-2018-jpn-b456aafdefec-01,adj-00d141181cb75914,incident-src-00d141181cb75914,fia-2018-jpn-b456aafdefec,2018-jpn,Race,16,14:15,+09:00,2018-10-07T05:15:00+00:00,2018-10-07T05:16:00+00:00,1|2,2,,fia_clock_lap_interval,,,algorithmic_pending_human_validation
adjudication-seed-fia-2018-jpn-d5d56e0426c6-01,adj-d87dc3e3ddc100a9,incident-src-d87dc3e3ddc100a9,fia-2018-jpn-d5d56e0426c6,2018-jpn,Race,33,14:15,+09:00,2018-10-07T05:15:00+00:00,2018-10-07T05:16:00+00:00,1|2,2,,fia_clock_lap_interval,,,algorithmic_pending_human_validation
adjudication-seed-fia-2018-mco-a3c31b11ff12-01,adj-1e31200d5298f217,incident-src-1e31200d5298f217,fia-2018-mco-a3c31b11ff12,2018-mco,Race,16,16:46,+02:00,2018-05-27T14:46:00+00:00,2018-05-27T14:47:00+00:00,71,1,71,fia_clock_lap_interval,,,algorithmic_pending_human_validation
adjudication-seed-fia-2018-mex-3075233c69d9-01,adj-f55b2703a638bc6a,incident-src-f55b2703a638bc6a,fia-2018-mex-3075233c69d9,2018-mex,Race,31,14:25,-06:00,2018-10-28T20:25:00+00:00,2018-10-28T20:26:00+00:00,50|51,2,,fia_clock_lap_interval,,,algorithmic_pending_human_validation
adjudication-seed-fia-2018-mex-9fdf8480489c-01,adj-ed88cdc8e4ae5c06,incident-src-ed88cdc8e4ae5c06,fia-2018-mex-9fdf8480489c,2018-mex,Race,28,14:08,-06:00,2018-10-28T20:08:00+00:00,2018-10-28T20:09:00+00:00,38|39,2,,fia_clock_lap_interval,,,algorithmic_pending_human_validation
adjudication-seed-fia-2018-rus-cf28ebf731bb-01,adj-76bf6d21078e4ab1,incident-src-76bf6d21078e4ab1,fia-2018-rus-cf28ebf731bb,2018-rus,Race,5,14:39,+03:00,2018-09-30T11:39:00+00:00,2018-09-30T11:40:00+00:00,16,1,16,fia_clock_lap_interval,,,algorithmic_pending_human_validation
adjudication-seed-fia-2018-sgp-21e75b934044-01,adj-793e772ff47ab03e,incident-src-793e772ff47ab03e,fia-2018-sgp-21e75b934044,2018-sgp,Race,20,21:19,+08:00,2018-09-16T13:19:00+00:00,2018-09-16T13:20:00+00:00,34|35,2,,fia_clock_lap_interval,,,algorithmic_pending_human_validation
adjudication-seed-fia-2018-sgp-329a49e8cbe6-01,adj-e07caee25859dbf7,incident-src-e07caee25859dbf7,fia-2018-sgp-329a49e8cbe6,2018-sgp,Race,35,21:35,+08:00,2018-09-16T13:35:00+00:00,2018-09-16T13:36:00+00:00,43,1,43,fia_clock_lap_interval,,,algorithmic_pending_human_validation
adjudication-seed-fia-2018-sgp-bcfc0b21409a-01,adj-153d9abced4119b1,incident-src-153d9abced4119b1,fia-2018-sgp-bcfc0b21409a,2018-sgp,Race,11,20:13,+08:00,2018-09-16T12:13:00+00:00,2018-09-16T12:14:00+00:00,1,1,1,fia_clock_lap_interval,1,True,algorithmic_pending_human_validation
adjudication-seed-fia-2018-sgp-d22646811c1a-01,adj-3ca06449fb896289,incident-src-3ca06449fb896289,fia-2018-sgp-d22646811c1a,2018-sgp,Race,11,21:17,+08:00,2018-09-16T13:17:00+00:00,2018-09-16T13:18:00+00:00,33|34,2,,fia_clock_lap_interval,,,algorithmic_pending_human_validation
adjudication-seed-fia-2018-usa-2f4f21fa003f-01,adj-f66c13b6dc6edb50,incident-src-f66c13b6dc6edb50,fia-2018-usa-2f4f21fa003f,2018-usa,Race,8,13:14,-05:00,2018-10-21T18:14:00+00:00,2018-10-21T18:15:00+00:00,1,1,1,fia_clock_lap_interval,,,algorithmic_pending_human_validation
adjudication-seed-fia-2018-usa-49d225f5fb07-01,adj-8c049b3df629e78e,incident-src-8c049b3df629e78e,fia-2018-usa-49d225f5fb07,2018-usa,Race,55,13:13,-05:00,2018-10-21T18:13:00+00:00,2018-10-21T18:14:00+00:00,1,1,1,fia_clock_lap_interval,,,algorithmic_pending_human_validation
adjudication-seed-fia-2018-usa-856ae8b1622a-01,adj-e7b2995ef053dcc6,incident-src-e7b2995ef053dcc6,fia-2018-usa-856ae8b1622a,2018-usa,Race,18,13:14,-05:00,2018-10-21T18:14:00+00:00,2018-10-21T18:15:00+00:00,1,1,1,fia_clock_lap_interval,,,algorithmic_pending_human_validation
adjudication-seed-fia-2018-usa-b97b2be7b15e-01,adj-225ff90f36c849d0,incident-src-225ff90f36c849d0,fia-2018-usa-b97b2be7b15e,2018-usa,Race,3,13:14,-05:00,2018-10-21T18:14:00+00:00,2018-10-21T18:15:00+00:00,1,1,1,fia_clock_lap_interval,,,algorithmic_pending_human_validation
adjudication-seed-fia-2018-usa-dc3270dd6cb6-01,adj-99ac5bce501847b9,incident-src-99ac5bce501847b9,fia-2018-usa-dc3270dd6cb6,2018-usa,Race,5,13:14,-05:00,2018-10-21T18:14:00+00:00,2018-10-21T18:15:00+00:00,1,1,1,fia_clock_lap_interval,,,algorithmic_pending_human_validation
adjudication-seed-fia-2019-abu-e94aca06904a-01,adj-995c2c2bf5c5a2da,incident-group-8adf0ddcdc980b9a,fia-2019-abu-e94aca06904a,2019-abu,Race,88,17:52,+04:00,2019-12-01T13:52:00+00:00,2019-12-01T13:53:00+00:00,22|23,2,,fia_clock_lap_interval,,,algorithmic_pending_human_validation
adjudication-seed-fia-2019-abu-eed6b57f5b3f-01,adj-bff9e3e79b9d2b32,incident-group-8adf0ddcdc980b9a,fia-2019-abu-eed6b57f5b3f,2019-abu,Race,99,17:52,+04:00,2019-12-01T13:52:00+00:00,2019-12-01T13:53:00+00:00,22|23,2,,fia_clock_lap_interval,,,algorithmic_pending_human_validation
adjudication-seed-fia-2019-aut-529bae08f480-01,adj-524c6675088fdc18,incident-src-524c6675088fdc18,fia-2019-aut-529bae08f480,2019-aut,Race,33,16:31,+02:00,2019-06-30T14:31:00+00:00,2019-06-30T14:32:00+00:00,68|69,2,,fia_clock_lap_interval,69,True,algorithmic_pending_human_validation
adjudication-seed-fia-2019-aut-f8011f674d7f-01,adj-a7a3ac083e4cb040,incident-src-a7a3ac083e4cb040,fia-2019-aut-f8011f674d7f,2019-aut,Race,16,16:31,+02:00,2019-06-30T14:31:00+00:00,2019-06-30T14:32:00+00:00,68|69,2,,fia_clock_lap_interval,69,True,algorithmic_pending_human_validation
adjudication-seed-fia-2019-aze-9a6772a3acaf-01,adj-58045adf2d642c7b,incident-src-58045adf2d642c7b,fia-2019-aze-9a6772a3acaf,2019-aze,Race,3,17:09,+04:00,2019-04-28T13:09:00+00:00,2019-04-28T13:10:00+00:00,31,1,31,fia_clock_lap_interval,,,algorithmic_pending_human_validation
adjudication-seed-fia-2019-bel-0c5b8806e8e5-01,adj-12ea78eb0fa53af2,incident-src-12ea78eb0fa53af2,fia-2019-bel-0c5b8806e8e5,2019-bel,Race,11,16:37,+02:00,2019-09-01T14:37:00+00:00,2019-09-01T14:38:00+00:00,44,1,44,fia_clock_lap_interval,,,algorithmic_pending_human_validation
adjudication-seed-fia-2019-bhr-132a9d8aa9de-01,adj-8f6c033b94586d1e,incident-src-8f6c033b94586d1e,fia-2019-bhr-132a9d8aa9de,2019-bhr,Race,33,18:18,+03:00,2019-03-31T15:18:00+00:00,2019-03-31T15:19:00+00:00,3|4,2,,fia_clock_lap_interval,,,algorithmic_pending_human_validation
adjudication-seed-fia-2019-bhr-1365948cf7e0-01,adj-8ac64d49533b4e49,incident-src-8ac64d49533b4e49,fia-2019-bhr-1365948cf7e0,2019-bhr,Race,99,18:32,+03:00,2019-03-31T15:32:00+00:00,2019-03-31T15:33:00+00:00,12,1,12,fia_clock_lap_interval,,,algorithmic_pending_human_validation
adjudication-seed-fia-2019-bhr-2a5a65873384-01,adj-5375e3c95251badb,incident-src-5375e3c95251badb,fia-2019-bhr-2a5a65873384,2019-bhr,Race,55,18:18,+03:00,2019-03-31T15:18:00+00:00,2019-03-31T15:19:00+00:00,3|4,2,,fia_clock_lap_interval,,,algorithmic_pending_human_validation
adjudication-seed-fia-2019-bhr-afcfec60fa35-01,adj-a2465e3be559632e,incident-src-a2465e3be559632e,fia-2019-bhr-afcfec60fa35,2019-bhr,Race,26,18:32,+03:00,2019-03-31T15:32:00+00:00,2019-03-31T15:33:00+00:00,12,1,12,fia_clock_lap_interval,,,algorithmic_pending_human_validation
adjudication-seed-fia-2019-bra-0197a870d5b2-01,adj-bb68ecdf3fcd7591,incident-group-0717c3bfd5f08779,fia-2019-bra-0197a870d5b2,2019-bra,Race,16,15:36,-03:00,2019-11-17T18:36:00+00:00,2019-11-17T18:37:00+00:00,65|66,2,,fia_clock_lap_interval,,,algorithmic_pending_human_validation
adjudication-seed-fia-2019-bra-38ee05c4fb59-01,adj-14f4d4ae4c61c0d1,incident-group-0717c3bfd5f08779,fia-2019-bra-38ee05c4fb59,2019-bra,Race,5,15:36,-03:00,2019-11-17T18:36:00+00:00,2019-11-17T18:37:00+00:00,65|66,2,,fia_clock_lap_interval,,,algorithmic_pending_human_validation
adjudication-seed-fia-2019-bra-810d6e70c069-01,adj-7a979b9c5e405e83,incident-src-7a979b9c5e405e83,fia-2019-bra-810d6e70c069,2019-bra,Race,44,15:44,-03:00,2019-11-17T18:44:00+00:00,2019-11-17T18:45:00+00:00,70,1,70,fia_clock_lap_interval,,,algorithmic_pending_human_validation
adjudication-seed-fia-2019-bra-b956905dbc4f-01,adj-75ad7140f56a82b0,incident-src-75ad7140f56a82b0,fia-2019-bra-b956905dbc4f,2019-bra,Race,3,14:22,-03:00,2019-11-17T17:22:00+00:00,2019-11-17T17:23:00+00:00,8,1,8,fia_clock_lap_interval,,,algorithmic_pending_human_validation
adjudication-seed-fia-2019-can-dceb9101c747-01,adj-5a2a22f5fc1a849d,incident-src-5a2a22f5fc1a849d,fia-2019-can-dceb9101c747,2019-can,Race,5,15:13,-04:00,2019-06-09T19:13:00+00:00,2019-06-09T19:14:00+00:00,47|48,2,,fia_clock_lap_interval,,,algorithmic_pending_human_validation
adjudication-seed-fia-2019-chn-50a2b4dfbc09-01,adj-fb33cf1dee9a141c,incident-src-fb33cf1dee9a141c,fia-2019-chn-50a2b4dfbc09,2019-chn,Race,26,14:14,+08:00,2019-04-14T06:14:00+00:00,2019-04-14T06:15:00+00:00,1,1,1,fia_clock_lap_interval,,,algorithmic_pending_human_validation
adjudication-seed-fia-2019-deu-439337838994-01,adj-f35eb28ba1d26794,incident-src-f35eb28ba1d26794,fia-2019-deu-439337838994,2019-deu,Race,10,17:01,+02:00,2019-07-28T15:01:00+00:00,2019-07-28T15:02:00+00:00,62,1,62,fia_clock_lap_interval,,,algorithmic_pending_human_validation
adjudication-seed-fia-2019-esp-1de5310a284d-01,adj-93a2deb70e9576d9,incident-src-93a2deb70e9576d9,fia-2019-esp-1de5310a284d,2019-esp,Race,18,16:15,+02:00,2019-05-12T14:15:00+00:00,2019-05-12T14:16:00+00:00,44|45,2,,fia_clock_lap_interval,,,algorithmic_pending_human_validation
adjudication-seed-fia-2019-esp-c8e31ce09c58-01,adj-08067a85a17122aa,incident-src-08067a85a17122aa,fia-2019-esp-c8e31ce09c58,2019-esp,Race,4,16:15,+02:00,2019-05-12T14:15:00+00:00,2019-05-12T14:16:00+00:00,44|45,2,,fia_clock_lap_interval,,,algorithmic_pending_human_validation
adjudication-seed-fia-2019-fra-457ded17de98-01,adj-ea059e019eeba972,incident-src-ea059e019eeba972,fia-2019-fra-457ded17de98,2019-fra,Race,3,16:37,+02:00,2019-06-23T14:37:00+00:00,2019-06-23T14:38:00+00:00,52,1,52,fia_clock_lap_interval,,,algorithmic_pending_human_validation
adjudication-seed-fia-2019-fra-a0c241fafdd8-01,adj-d573e773779fee7e,incident-src-d573e773779fee7e,fia-2019-fra-a0c241fafdd8,2019-fra,Race,11,15:13,+02:00,2019-06-23T13:13:00+00:00,2019-06-23T13:14:00+00:00,1,1,1,fia_clock_lap_interval,,,algorithmic_pending_human_validation
adjudication-seed-fia-2019-fra-a2fbe5bfb237-01,adj-9cc41bec5ee322a6,incident-src-9cc41bec5ee322a6,fia-2019-fra-a2fbe5bfb237,2019-fra,Race,3,16:37,+02:00,2019-06-23T14:37:00+00:00,2019-06-23T14:38:00+00:00,52,1,52,fia_clock_lap_interval,,,algorithmic_pending_human_validation
adjudication-seed-fia-2019-gbr-9cce23a29f05-01,adj-4ae27a945be232f3,incident-src-4ae27a945be232f3,fia-2019-gbr-9cce23a29f05,2019-gbr,Race,5,15:12,+01:00,2019-07-14T14:12:00+00:00,2019-07-14T14:13:00+00:00,37|38,2,,fia_clock_lap_interval,,,algorithmic_pending_human_validation
adjudication-seed-fia-2019-ita-5d8bd476d009-01,adj-0a2995f1d6aad572,incident-src-0a2995f1d6aad572,fia-2019-ita-5d8bd476d009,2019-ita,Race,5,15:21,+02:00,2019-09-08T13:21:00+00:00,2019-09-08T13:22:00+00:00,6,1,6,fia_clock_lap_interval,,,algorithmic_pending_human_validation
adjudication-seed-fia-2019-ita-e4746c5c634f-01,adj-c74375d6086c31ed,incident-src-c74375d6086c31ed,fia-2019-ita-e4746c5c634f,2019-ita,Race,23,15:24,+02:00,2019-09-08T13:24:00+00:00,2019-09-08T13:25:00+00:00,8,1,8,fia_clock_lap_interval,,,algorithmic_pending_human_validation
adjudication-seed-fia-2019-ita-ef49a857f7de-01,adj-fce27d672a231903,incident-src-fce27d672a231903,fia-2019-ita-ef49a857f7de,2019-ita,Race,18,15:21,+02:00,2019-09-08T13:21:00+00:00,2019-09-08T13:22:00+00:00,6,1,6,fia_clock_lap_interval,,,algorithmic_pending_human_validation
adjudication-seed-fia-2019-jpn-4a022963168d-01,adj-44686757f581c309,incident-group-dee3045f08ed8de7,fia-2019-jpn-4a022963168d,2019-jpn,Race,16,14:13,+09:00,2019-10-13T05:13:00+00:00,2019-10-13T05:14:00+00:00,1,1,1,fia_clock_lap_interval,1,True,algorithmic_pending_human_validation
adjudication-seed-fia-2019-jpn-8f4df880b95b-01,adj-667d6bb8743116ef,incident-group-9d7ca07e87909a4b,fia-2019-jpn-8f4df880b95b,2019-jpn,Race,10,15:35,+09:00,2019-10-13T06:35:00+00:00,2019-10-13T06:36:00+00:00,51|52,2,,fia_clock_lap_interval,,,algorithmic_pending_human_validation
adjudication-seed-fia-2019-jpn-9be40f8bba4d-01,adj-634036e33dc05333,incident-group-dee3045f08ed8de7,fia-2019-jpn-9be40f8bba4d,2019-jpn,Race,33,14:13,+09:00,2019-10-13T05:13:00+00:00,2019-10-13T05:14:00+00:00,1,1,1,fia_clock_lap_interval,1,True,algorithmic_pending_human_validation
adjudication-seed-fia-2019-jpn-ddc6b3eef5b1-01,adj-acc76c36ad0d55b6,incident-group-9d7ca07e87909a4b,fia-2019-jpn-ddc6b3eef5b1,2019-jpn,Race,11,15:35,+09:00,2019-10-13T06:35:00+00:00,2019-10-13T06:36:00+00:00,51|52,2,,fia_clock_lap_interval,,,algorithmic_pending_human_validation
adjudication-seed-fia-2019-mco-6d869f39c68e-01,adj-a0cb65d072c5b6a8,incident-src-a0cb65d072c5b6a8,fia-2019-mco-6d869f39c68e,2019-mco,Race,20,16:12,+02:00,2019-05-26T14:12:00+00:00,2019-05-26T14:13:00+00:00,43|44,2,,fia_clock_lap_interval,,,algorithmic_pending_human_validation
adjudication-seed-fia-2019-mco-8441c7d5dbef-01,adj-d5ff9f7e1e5e3e46,incident-src-d5ff9f7e1e5e3e46,fia-2019-mco-8441c7d5dbef,2019-mco,Race,99,15:34,+02:00,2019-05-26T13:34:00+00:00,2019-05-26T13:35:00+00:00,15,1,15,fia_clock_lap_interval,,,algorithmic_pending_human_validation
adjudication-seed-fia-2019-mco-93dff725c78b-01,adj-76f534567702afe9,incident-src-76f534567702afe9,fia-2019-mco-93dff725c78b,2019-mco,Race,33,16:53,+02:00,2019-05-26T14:53:00+00:00,2019-05-26T14:54:00+00:00,76|77,2,,fia_clock_lap_interval,,,algorithmic_pending_human_validation
adjudication-seed-fia-2019-mco-b0bed801d3e3-01,adj-1647a94a71c5efa4,incident-src-1647a94a71c5efa4,fia-2019-mco-b0bed801d3e3,2019-mco,Race,18,15:03,+02:00,2019-05-26T13:03:00+00:00,2019-05-26T13:04:00+00:00,,0,,fia_clock_unmatched_to_lap_interval,,,algorithmic_pending_human_validation
adjudication-seed-fia-2019-mco-bf9eeec70400-01,adj-675739cef230a725,incident-src-675739cef230a725,fia-2019-mco-bf9eeec70400,2019-mco,Race,44,16:53,+02:00,2019-05-26T14:53:00+00:00,2019-05-26T14:54:00+00:00,76|77,2,,fia_clock_lap_interval,,,algorithmic_pending_human_validation
adjudication-seed-fia-2019-mex-9a84e5496c6b-01,adj-f96f03bc3f42ded4,incident-src-f96f03bc3f42ded4,fia-2019-mex-9a84e5496c6b,2019-mex,Race,26,14:50,-06:00,2019-10-27T20:50:00+00:00,2019-10-27T20:51:00+00:00,70,1,70,fia_clock_lap_interval,,,algorithmic_pending_human_validation
adjudication-seed-fia-2019-sgp-4f116694a24c-01,adj-dc7143e62d2b209e,incident-group-17fe6df1bdd9aad8,fia-2019-sgp-4f116694a24c,2019-sgp,Race,7,21:50,+08:00,2019-09-22T13:50:00+00:00,2019-09-22T13:51:00+00:00,49|50,2,,fia_clock_lap_interval,,,algorithmic_pending_human_validation
adjudication-seed-fia-2019-sgp-6c9e26d4cab3-01,adj-cde123f133b0c826,incident-group-3e6d04cc117846eb,fia-2019-sgp-6c9e26d4cab3,2019-sgp,Race,63,21:17,+08:00,2019-09-22T13:17:00+00:00,2019-09-22T13:18:00+00:00,35,1,35,fia_clock_lap_interval,,,algorithmic_pending_human_validation
adjudication-seed-fia-2019-sgp-6db2310a0bec-01,adj-46676d59c4b4733c,incident-group-3e6d04cc117846eb,fia-2019-sgp-6db2310a0bec,2019-sgp,Race,8,21:17,+08:00,2019-09-22T13:17:00+00:00,2019-09-22T13:18:00+00:00,35,1,35,fia_clock_lap_interval,,,algorithmic_pending_human_validation
adjudication-seed-fia-2019-sgp-ab76599fc615-01,adj-90a21a4d4da139bd,incident-group-17fe6df1bdd9aad8,fia-2019-sgp-ab76599fc615,2019-sgp,Race,26,21:50,+08:00,2019-09-22T13:50:00+00:00,2019-09-22T13:51:00+00:00,49|50,2,,fia_clock_lap_interval,,,algorithmic_pending_human_validation
adjudication-seed-fia-2019-sgp-d456f4419d4f-01,adj-2863482e9bf6ad20,incident-group-baa04254fb857cd2,fia-2019-sgp-d456f4419d4f,2019-sgp,Race,27,20:10,+08:00,2019-09-22T12:10:00+00:00,2019-09-22T12:11:00+00:00,1,1,1,fia_clock_pre_start_first_lap_tolerance,1,True,algorithmic_pending_human_validation
adjudication-seed-fia-2019-sgp-e6c461804492-01,adj-a7bd7c94072cc013,incident-group-baa04254fb857cd2,fia-2019-sgp-e6c461804492,2019-sgp,Race,55,20:10,+08:00,2019-09-22T12:10:00+00:00,2019-09-22T12:11:00+00:00,1,1,1,fia_clock_pre_start_first_lap_tolerance,1,True,algorithmic_pending_human_validation
adjudication-seed-fia-2019-usa-d3bdd32ef24c-01,adj-da2c95f3aa831f34,incident-src-da2c95f3aa831f34,fia-2019-usa-d3bdd32ef24c,2019-usa,Race,26,14:47,-06:00,2019-11-03T20:47:00+00:00,2019-11-03T20:48:00+00:00,55,1,55,fia_clock_lap_interval,,,algorithmic_pending_human_validation
adjudication-seed-fia-2019-usa-e8891601d008-01,adj-8fa5a7f8737d47e9,incident-src-8fa5a7f8737d47e9,fia-2019-usa-e8891601d008,2019-usa,Race,23,13:13,-06:00,2019-11-03T19:13:00+00:00,2019-11-03T19:14:00+00:00,1,1,1,fia_clock_lap_interval,1,True,algorithmic_pending_human_validation
adjudication-seed-fia-2020-70a-2f908d545c9e-01,adj-70745e64b862fd6a,incident-src-70745e64b862fd6a,fia-2020-70a-2f908d545c9e,2020-70a,Race,20,14:40,+01:00,2020-08-09T13:40:00+00:00,2020-08-09T13:41:00+00:00,17|18,2,,fia_clock_lap_interval,,,algorithmic_pending_human_validation
adjudication-seed-fia-2020-aut-61b974e38056-01,adj-f6450ff6c230f5e0,incident-src-f6450ff6c230f5e0,fia-2020-aut-61b974e38056,2020-aut,Race,44,16:31,+02:00,2020-07-05T14:31:00+00:00,2020-07-05T14:32:00+00:00,60|61,2,,fia_clock_lap_interval,,,algorithmic_pending_human_validation
adjudication-seed-fia-2020-bhr-5b520e69cfdd-01,adj-f43e6ce41cf9c965,incident-src-f43e6ce41cf9c965,fia-2020-bhr-5b520e69cfdd,2020-bhr,Race,26,18:40,+03:00,2020-11-29T15:40:00+00:00,2020-11-29T15:41:00+00:00,3,1,3,fia_clock_lap_interval,,,algorithmic_pending_human_validation
adjudication-seed-fia-2020-eif-3377de36ccd9-01,adj-cd5bc15f552b8092,incident-src-cd5bc15f552b8092,fia-2020-eif-3377de36ccd9,2020-eif,Race,7,14:34,+02:00,2020-10-11T12:34:00+00:00,2020-10-11T12:35:00+00:00,13|14,2,,fia_clock_lap_interval,,,algorithmic_pending_human_validation
adjudication-seed-fia-2020-eif-588d347b498e-01,adj-334b6200470cb5bc,incident-src-334b6200470cb5bc,fia-2020-eif-588d347b498e,2020-eif,Race,23,14:41,+02:00,2020-10-11T12:41:00+00:00,2020-10-11T12:42:00+00:00,18,1,18,fia_clock_lap_interval,,,algorithmic_pending_human_validation
adjudication-seed-fia-2020-emi-399ca2a328b0-01,adj-1b1da487e3a306a9,incident-src-1b1da487e3a306a9,fia-2020-emi-399ca2a328b0,2020-emi,Race,5,13:13,+01:00,2020-11-01T12:13:00+00:00,2020-11-01T12:14:00+00:00,1,1,1,fia_clock_lap_interval,,,algorithmic_pending_human_validation
adjudication-seed-fia-2020-esp-bc594cf0008c-01,adj-c1cfa4c6f7b7d14c,incident-src-c1cfa4c6f7b7d14c,fia-2020-esp-bc594cf0008c,2020-esp,Race,99,16:38,+02:00,2020-08-16T14:38:00+00:00,2020-08-16T14:39:00+00:00,60,1,60,fia_clock_lap_interval,,,algorithmic_pending_human_validation
adjudication-seed-fia-2020-gbr-09d0b07d741a-01,adj-e605aead612094fc,incident-src-e605aead612094fc,fia-2020-gbr-09d0b07d741a,2020-gbr,Race,8,14:50,+01:00,2020-08-02T13:50:00+00:00,2020-08-02T13:51:00+00:00,18|19,2,,fia_clock_lap_interval,,,algorithmic_pending_human_validation
adjudication-seed-fia-2020-gbr-319c8c2d52b9-01,adj-fcd4a7df5c2a7599,incident-src-fcd4a7df5c2a7599,fia-2020-gbr-319c8c2d52b9,2020-gbr,Race,23,14:15,+01:00,2020-08-02T13:15:00+00:00,2020-08-02T13:16:00+00:00,1|2,2,,fia_clock_lap_interval,,,algorithmic_pending_human_validation
adjudication-seed-fia-2020-ita-3d5494c6edc8-01,adj-c473006e0e821fa8,incident-src-c473006e0e821fa8,fia-2020-ita-3d5494c6edc8,2020-ita,Race,23,15:15,+02:00,2020-09-06T13:15:00+00:00,2020-09-06T13:16:00+00:00,1|2,2,,fia_clock_lap_interval,,,algorithmic_pending_human_validation
adjudication-seed-fia-2020-ita-5e5acd0fdb41-01,adj-0b5349f408329019,incident-src-0b5349f408329019,fia-2020-ita-5e5acd0fdb41,2020-ita,Race,33,15:49,+02:00,2020-09-06T13:49:00+00:00,2020-09-06T13:50:00+00:00,24,1,24,fia_clock_lap_interval,,,algorithmic_pending_human_validation
adjudication-seed-fia-2020-por-69db98466a96-01,adj-51812139587add7e,incident-src-51812139587add7e,fia-2020-por-69db98466a96,2020-por,Race,18,13:37,+00:00,2020-10-25T13:37:00+00:00,2020-10-25T13:38:00+00:00,17|18,2,,fia_clock_lap_interval,,,algorithmic_pending_human_validation
adjudication-seed-fia-2020-skh-9e2651e5d5ba-01,adj-f1add43ec601d687,incident-src-f1add43ec601d687,fia-2020-skh-9e2651e5d5ba,2020-skh,Race,16,20:13,+03:00,2020-12-06T17:13:00+00:00,2020-12-06T17:14:00+00:00,1,1,1,fia_clock_lap_interval,,,algorithmic_pending_human_validation
adjudication-seed-fia-2020-sty-965461bfbe13-01,adj-e29cbda3e8d0967d,incident-src-e29cbda3e8d0967d,fia-2020-sty-965461bfbe13,2020-sty,Race,18,16:34,+02:00,2020-07-12T14:34:00+00:00,2020-07-12T14:35:00+00:00,69|70,2,,fia_clock_lap_interval,,,algorithmic_pending_human_validation
adjudication-seed-fia-2020-tus-3299714baba8-01,adj-ca80459eed6f3310,incident-src-ca80459eed6f3310,fia-2020-tus-3299714baba8,2020-tus,Race,8,15:14,+02:00,2020-09-13T13:14:00+00:00,2020-09-13T13:15:00+00:00,1,1,1,fia_clock_lap_interval,,,algorithmic_pending_human_validation
adjudication-seed-fia-2020-tus-65bfe923f953-01,adj-fe001d9ef4550a20,incident-src-fe001d9ef4550a20,fia-2020-tus-65bfe923f953,2020-tus,Race,33,15:14,+02:00,2020-09-13T13:14:00+00:00,2020-09-13T13:15:00+00:00,1,1,1,fia_clock_lap_interval,,,algorithmic_pending_human_validation
adjudication-seed-fia-2020-tus-8b2908d46c54-01,adj-3bbbd293cbbdc303,incident-src-3bbbd293cbbdc303,fia-2020-tus-8b2908d46c54,2020-tus,Race,10,15:14,+02:00,2020-09-13T13:14:00+00:00,2020-09-13T13:15:00+00:00,1,1,1,fia_clock_lap_interval,,,algorithmic_pending_human_validation
adjudication-seed-fia-2020-tus-8f4aa7153d82-01,adj-d8273ef853fc3e35,incident-src-d8273ef853fc3e35,fia-2020-tus-8f4aa7153d82,2020-tus,Race,7,15:14,+02:00,2020-09-13T13:14:00+00:00,2020-09-13T13:15:00+00:00,1,1,1,fia_clock_lap_interval,,,algorithmic_pending_human_validation
adjudication-seed-fia-2021-aut-01e04f2a38ce-01,adj-abdb85bbc64ee3ce,incident-src-abdb85bbc64ee3ce,fia-2021-aut-01e04f2a38ce,2021-aut,Race,11,15:58,+02:00,2021-07-04T13:58:00+00:00,2021-07-04T13:59:00+00:00,46,1,46,fia_clock_lap_interval,,,algorithmic_pending_human_validation
adjudication-seed-fia-2021-aut-5bb9fcd0e3b6-01,adj-777fb475fb7ad14e,incident-src-777fb475fb7ad14e,fia-2021-aut-5bb9fcd0e3b6,2021-aut,Race,7,16:26,+02:00,2021-07-04T14:26:00+00:00,2021-07-04T14:27:00+00:00,70,1,70,fia_clock_lap_interval,,,algorithmic_pending_human_validation
adjudication-seed-fia-2021-aut-5c20f18ec25e-01,adj-49f9f1c21c411724,incident-src-49f9f1c21c411724,fia-2021-aut-5c20f18ec25e,2021-aut,Race,11,15:51,+02:00,2021-07-04T13:51:00+00:00,2021-07-04T13:52:00+00:00,40,1,40,fia_clock_lap_interval,,,algorithmic_pending_human_validation
adjudication-seed-fia-2021-aut-634bfff34401-01,adj-54aa1906bbba2dd4,incident-src-54aa1906bbba2dd4,fia-2021-aut-634bfff34401,2021-aut,Race,63,16:24,+02:00,2021-07-04T14:24:00+00:00,2021-07-04T14:25:00+00:00,68|69,2,,fia_clock_lap_interval,,,algorithmic_pending_human_validation
adjudication-seed-fia-2021-aut-f412d61f822f-01,adj-1e536209371259a3,incident-src-1e536209371259a3,fia-2021-aut-f412d61f822f,2021-aut,Race,4,15:08,+02:00,2021-07-04T13:08:00+00:00,2021-07-04T13:09:00+00:00,3|4,2,,fia_clock_lap_interval,,,algorithmic_pending_human_validation
adjudication-seed-fia-2021-bhr-4c375a5d45e3-01,adj-fee2caa67a10b6f2,incident-src-fee2caa67a10b6f2,fia-2021-bhr-4c375a5d45e3,2021-bhr,Race,5,19:20,+03:00,2021-03-28T16:20:00+00:00,2021-03-28T16:21:00+00:00,43|44,2,,fia_clock_lap_interval,,,algorithmic_pending_human_validation
adjudication-seed-fia-2021-emi-791fd6e0a7e9-01,adj-3651fb62c9bcfb6e,incident-src-3651fb62c9bcfb6e,fia-2021-emi-791fd6e0a7e9,2021-emi,Race,18,15:22,+02:00,2021-04-18T13:22:00+00:00,2021-04-18T13:23:00+00:00,9|10,2,,fia_clock_lap_interval,,,algorithmic_pending_human_validation
adjudication-seed-fia-2021-emi-ac5240ba7d02-01,adj-7ff377c3d8f5c74c,incident-src-7ff377c3d8f5c74c,fia-2021-emi-ac5240ba7d02,2021-emi,Race,63,15:54,+02:00,2021-04-18T13:54:00+00:00,2021-04-18T13:55:00+00:00,30|31,2,,fia_clock_lap_interval,,,algorithmic_pending_human_validation
adjudication-seed-fia-2021-esp-fee027bbec83-01,adj-6e832bed12ff975e,incident-src-6e832bed12ff975e,fia-2021-esp-fee027bbec83,2021-esp,Race,14,16:28,+02:00,2021-05-09T14:28:00+00:00,2021-05-09T14:29:00+00:00,59|60,2,,fia_clock_lap_interval,,,algorithmic_pending_human_validation
adjudication-seed-fia-2021-gbr-2edd347d5de5-01,adj-a02457481a461185,incident-src-a02457481a461185,fia-2021-gbr-2edd347d5de5,2021-gbr,Race,44,15:04,+01:00,2021-07-18T14:04:00+00:00,2021-07-18T14:05:00+00:00,1,1,1,fia_clock_lap_interval,,,algorithmic_pending_human_validation
adjudication-seed-fia-2021-gbr-74d32cf58767-01,adj-ef78b859db624c3b,incident-src-ef78b859db624c3b,fia-2021-gbr-74d32cf58767,2021-gbr,Race,11,16:53,+01:00,2021-07-18T15:53:00+00:00,2021-07-18T15:54:00+00:00,46|47,2,,fia_clock_lap_interval,,,algorithmic_pending_human_validation
adjudication-seed-fia-2021-gbr-2ca2a34d14e0-01,adj-03b38afbf69e24d1,incident-src-03b38afbf69e24d1,fia-2021-gbr-2ca2a34d14e0,2021-gbr,Sprint,63,16:36,+01:00,2021-07-17T15:36:00+00:00,2021-07-17T15:37:00+00:00,2|3,2,,fia_clock_lap_interval,,,algorithmic_pending_human_validation
adjudication-seed-fia-2021-gbr-8b960af59804-01,adj-30cd37fefdf5a1b2,incident-src-30cd37fefdf5a1b2,fia-2021-gbr-8b960af59804,2021-gbr,Sprint,55,16:36,+01:00,2021-07-17T15:36:00+00:00,2021-07-17T15:37:00+00:00,2|3,2,,fia_clock_lap_interval,,,algorithmic_pending_human_validation
adjudication-seed-fia-2021-hun-06f5959922b8-01,adj-9cf492ef26deae16,incident-src-9cf492ef26deae16,fia-2021-hun-06f5959922b8,2021-hun,Race,77,15:03,+02:00,2021-08-01T13:03:00+00:00,2021-08-01T13:04:00+00:00,1,1,1,fia_clock_lap_interval,,,algorithmic_pending_human_validation
adjudication-seed-fia-2021-hun-62b291657006-01,adj-3bb833a815e06668,incident-src-3bb833a815e06668,fia-2021-hun-62b291657006,2021-hun,Race,18,15:03,+02:00,2021-08-01T13:03:00+00:00,2021-08-01T13:04:00+00:00,1,1,1,fia_clock_lap_interval,,,algorithmic_pending_human_validation
adjudication-seed-fia-2021-ita-4c12fa91b10c-01,adj-e4fd8aefb1774911,incident-src-e4fd8aefb1774911,fia-2021-ita-4c12fa91b10c,2021-ita,Race,31,15:24,+02:00,2021-09-12T13:24:00+00:00,2021-09-12T13:25:00+00:00,14|15,2,,fia_clock_lap_interval,,,algorithmic_pending_human_validation
adjudication-seed-fia-2021-ita-7d9dacc5104e-01,adj-f60d03c08c0d59ec,incident-src-f60d03c08c0d59ec,fia-2021-ita-7d9dacc5104e,2021-ita,Race,11,15:53,+02:00,2021-09-12T13:53:00+00:00,2021-09-12T13:54:00+00:00,31|32,2,,fia_clock_lap_interval,,,algorithmic_pending_human_validation
adjudication-seed-fia-2021-ita-7df29923e8ce-01,adj-fca50105e4c6d3fe,incident-src-fca50105e4c6d3fe,fia-2021-ita-7df29923e8ce,2021-ita,Race,99,15:03,+02:00,2021-09-12T13:03:00+00:00,2021-09-12T13:04:00+00:00,1,1,1,fia_clock_lap_interval,,,algorithmic_pending_human_validation
adjudication-seed-fia-2021-ita-92b2944f6398-01,adj-23f9ed84ba3379b7,incident-src-23f9ed84ba3379b7,fia-2021-ita-92b2944f6398,2021-ita,Race,9,17:01,+02:00,2021-09-12T15:01:00+00:00,2021-09-12T15:02:00+00:00,,0,,fia_clock_unmatched_to_lap_interval,,,algorithmic_pending_human_validation
adjudication-seed-fia-2021-ita-d726c5d4355d-01,adj-1b5a174b1f09dff2,incident-src-1b5a174b1f09dff2,fia-2021-ita-d726c5d4355d,2021-ita,Race,33,16:10,+02:00,2021-09-12T14:10:00+00:00,2021-09-12T14:11:00+00:00,,0,,fia_clock_unmatched_to_lap_interval,,,algorithmic_pending_human_validation
adjudication-seed-fia-2021-ita-c67ef61c2b22-01,adj-19a168f046f62aee,incident-src-19a168f046f62aee,fia-2021-ita-c67ef61c2b22,2021-ita,Sprint,11,16:47,+02:00,2021-09-11T14:47:00+00:00,2021-09-11T14:48:00+00:00,8|9,2,,fia_clock_lap_interval,,,algorithmic_pending_human_validation
adjudication-seed-fia-2021-rus-cc74bb905576-01,adj-a2fb74b22534188a,incident-src-a2fb74b22534188a,fia-2021-rus-cc74bb905576,2021-rus,Race,18,16:25,+03:00,2021-09-26T13:25:00+00:00,2021-09-26T13:26:00+00:00,48,1,48,fia_clock_lap_interval,,,algorithmic_pending_human_validation
adjudication-seed-fia-2021-sao-2a5ecda10fa1-01,adj-3036462c60f0a464,incident-src-3036462c60f0a464,fia-2021-sao-2a5ecda10fa1,2021-sao,Race,22,14:06,-03:00,2021-11-14T17:06:00+00:00,2021-11-14T17:07:00+00:00,3|4,2,,fia_clock_lap_interval,,,algorithmic_pending_human_validation
adjudication-seed-fia-2021-sau-0959688f5106-01,adj-02b95aa6fb08b86f,incident-src-02b95aa6fb08b86f,fia-2021-sau-0959688f5106,2021-sau,Race,33,22:19,+03:00,2021-12-05T19:19:00+00:00,2021-12-05T19:20:00+00:00,37,1,37,fia_clock_lap_interval,,,algorithmic_pending_human_validation
adjudication-seed-fia-2021-sau-d305cebeff15-01,adj-f21c53526f851c56,incident-src-f21c53526f851c56,fia-2021-sau-d305cebeff15,2021-sau,Race,11,21:19,+03:00,2021-12-05T18:19:00+00:00,2021-12-05T18:20:00+00:00,15,1,15,fia_clock_lap_interval,,,algorithmic_pending_human_validation
adjudication-seed-fia-2021-sau-df60d44ca35e-01,adj-d7f3f0f646ff62ac,incident-src-d7f3f0f646ff62ac,fia-2021-sau-df60d44ca35e,2021-sau,Race,22,21:54,+03:00,2021-12-05T18:54:00+00:00,2021-12-05T18:55:00+00:00,22|23,2,,fia_clock_lap_interval,,,algorithmic_pending_human_validation
adjudication-seed-fia-2021-sau-e76c180b19e5-01,adj-d4ae4911fc1c3cf8,incident-src-d4ae4911fc1c3cf8,fia-2021-sau-e76c180b19e5,2021-sau,Race,33,22:18,+03:00,2021-12-05T19:18:00+00:00,2021-12-05T19:19:00+00:00,36|37,2,,fia_clock_lap_interval,,,algorithmic_pending_human_validation
adjudication-seed-fia-2021-tur-8316f5ba45fb-01,adj-2c5dc6cc5a2cbef7,incident-src-2c5dc6cc5a2cbef7,fia-2021-tur-8316f5ba45fb,2021-tur,Race,14,15:05,+03:00,2021-10-10T12:05:00+00:00,2021-10-10T12:06:00+00:00,1|2,2,,fia_clock_lap_interval,2,True,algorithmic_pending_human_validation
adjudication-seed-fia-2021-tur-93d16b7d94df-01,adj-b778b990971d2a47,incident-src-b778b990971d2a47,fia-2021-tur-93d16b7d94df,2021-tur,Race,10,15:03,+03:00,2021-10-10T12:03:00+00:00,2021-10-10T12:04:00+00:00,1,1,1,fia_clock_lap_interval,1,True,algorithmic_pending_human_validation
adjudication-seed-fia-2022-abu-6afd5d82f378-01,adj-5c847c13b64952f6,incident-src-5c847c13b64952f6,fia-2022-abu-6afd5d82f378,2022-abu,Race,47,18:01,+04:00,2022-11-20T14:01:00+00:00,2022-11-20T14:02:00+00:00,38,1,38,fia_clock_lap_interval,,,algorithmic_pending_human_validation
adjudication-seed-fia-2022-aus-49ed71794697-01,adj-e9708326fa11c315,incident-src-e9708326fa11c315,fia-2022-aus-49ed71794697,2022-aus,Race,18,16:02,+10:00,2022-04-10T06:02:00+00:00,2022-04-10T06:03:00+00:00,37|38,2,,fia_clock_lap_interval,,,algorithmic_pending_human_validation
adjudication-seed-fia-2022-aus-60118fcf81d1-01,adj-752796dd8601031a,incident-src-752796dd8601031a,fia-2022-aus-60118fcf81d1,2022-aus,Race,20,16:22,+10:00,2022-04-10T06:22:00+00:00,2022-04-10T06:23:00+00:00,51|52,2,,fia_clock_lap_interval,,,algorithmic_pending_human_validation
adjudication-seed-fia-2022-aut-0b612be0b626-01,adj-ea983bef6c710033,incident-src-ea983bef6c710033,fia-2022-aut-0b612be0b626,2022-aut,Race,10,15:49,+02:00,2022-07-10T13:49:00+00:00,2022-07-10T13:50:00+00:00,38|39,2,,fia_clock_lap_interval,,,algorithmic_pending_human_validation
adjudication-seed-fia-2022-aut-116bb7866055-01,adj-4336ab73c4471912,incident-src-4336ab73c4471912,fia-2022-aut-116bb7866055,2022-aut,Race,63,15:03,+02:00,2022-07-10T13:03:00+00:00,2022-07-10T13:04:00+00:00,1,1,1,fia_clock_lap_interval,,,algorithmic_pending_human_validation
adjudication-seed-fia-2022-aut-ab1a77f87104-01,adj-543da3861599debe,incident-src-543da3861599debe,fia-2022-aut-ab1a77f87104,2022-aut,Sprint,23,16:40,+02:00,2022-07-09T14:40:00+00:00,2022-07-09T14:41:00+00:00,4|5,2,,fia_clock_lap_interval,,,algorithmic_pending_human_validation
adjudication-seed-fia-2022-bel-dac27d1c3f36-01,adj-6f98ef40918eece1,incident-src-6f98ef40918eece1,fia-2022-bel-dac27d1c3f36,2022-bel,Race,44,15:04,+02:00,2022-08-28T13:04:00+00:00,2022-08-28T13:05:00+00:00,1,1,1,fia_clock_lap_interval,,,algorithmic_pending_human_validation
adjudication-seed-fia-2022-bhr-139703df6539-01,adj-f0d0f579c2d29f95,incident-src-f0d0f579c2d29f95,fia-2022-bhr-139703df6539,2022-bhr,Race,31,18:04,+03:00,2022-03-20T15:04:00+00:00,2022-03-20T15:05:00+00:00,1,1,1,fia_clock_lap_interval,1,True,algorithmic_pending_human_validation
adjudication-seed-fia-2022-bhr-3f720bfded90-01,adj-005169f6535a0e91,incident-src-005169f6535a0e91,fia-2022-bhr-3f720bfded90,2022-bhr,Race,18,18:05,+03:00,2022-03-20T15:05:00+00:00,2022-03-20T15:06:00+00:00,1|2,2,,fia_clock_lap_interval,,,algorithmic_pending_human_validation
adjudication-seed-fia-2022-can-cf2e6248bf5e-01,adj-ce81011ac9b394b9,incident-src-ce81011ac9b394b9,fia-2022-can-cf2e6248bf5e,2022-can,Race,14,15:39,-04:00,2022-06-19T19:39:00+00:00,2022-06-19T19:40:00+00:00,70,1,70,fia_clock_lap_interval,,,algorithmic_pending_human_validation
adjudication-seed-fia-2022-esp-9eba7bd2599a-01,adj-b1443a946b9a7bc7,incident-src-b1443a946b9a7bc7,fia-2022-esp-9eba7bd2599a,2022-esp,Race,10,15:43,+02:00,2022-05-22T13:43:00+00:00,2022-05-22T13:44:00+00:00,27,1,27,fia_clock_lap_interval,,,algorithmic_pending_human_validation
adjudication-seed-fia-2022-fra-21ed142c13a0-01,adj-7d3d410e6a4ba360,incident-src-7d3d410e6a4ba360,fia-2022-fra-21ed142c13a0,2022-fra,Race,24,15:42,+02:00,,,,0,,clock_or_timing_unavailable,,,algorithmic_pending_human_validation
adjudication-seed-fia-2022-fra-5b00af9baee5-01,adj-895a772a98e8bd31,incident-src-895a772a98e8bd31,fia-2022-fra-5b00af9baee5,2022-fra,Race,31,15:04,+02:00,,,,0,,clock_or_timing_unavailable,,,algorithmic_pending_human_validation
adjudication-seed-fia-2022-fra-832a818ac903-01,adj-91bd2176be4c7ceb,incident-group-57d76c19243d2b20,fia-2022-fra-832a818ac903,2022-fra,Race,6,16:06,+02:00,,,,0,,clock_or_timing_unavailable,,,algorithmic_pending_human_validation
adjudication-seed-fia-2022-fra-f29d68ccd9b0-01,adj-285944dc1f5d725d,incident-group-57d76c19243d2b20,fia-2022-fra-f29d68ccd9b0,2022-fra,Race,20,16:08,+02:00,,,,0,,clock_or_timing_unavailable,,,algorithmic_pending_human_validation
adjudication-seed-fia-2022-gbr-81e6a9badf51-01,adj-2f0e84f6cc910eed,incident-src-2f0e84f6cc910eed,fia-2022-gbr-81e6a9badf51,2022-gbr,Race,22,16:13,+01:00,2022-07-03T15:13:00+00:00,2022-07-03T15:14:00+00:00,11,1,11,fia_clock_lap_interval,,,algorithmic_pending_human_validation
adjudication-seed-fia-2022-hun-12e2b5910b5d-01,adj-c2798a8076b05840,incident-src-c2798a8076b05840,fia-2022-hun-12e2b5910b5d,2022-hun,Race,24,16:43,+02:00,2022-07-31T14:43:00+00:00,2022-07-31T14:44:00+00:00,69,1,69,fia_clock_lap_interval,,,algorithmic_pending_human_validation
adjudication-seed-fia-2022-hun-3dec8ba58233-01,adj-4a51b4c5ae3b893d,incident-src-4a51b4c5ae3b893d,fia-2022-hun-3dec8ba58233,2022-hun,Race,3,16:10,+02:00,2022-07-31T14:10:00+00:00,2022-07-31T14:11:00+00:00,47,1,47,fia_clock_lap_interval,,,algorithmic_pending_human_validation
adjudication-seed-fia-2022-ita-cd52e475af6e-01,adj-fddccc34ecc40f6c,incident-src-fddccc34ecc40f6c,fia-2022-ita-cd52e475af6e,2022-ita,Race,20,15:03,+02:00,2022-09-11T13:03:00+00:00,2022-09-11T13:04:00+00:00,1,1,1,fia_clock_lap_interval,,,algorithmic_pending_human_validation
adjudication-seed-fia-2022-jpn-786e23bdcd54-01,adj-b8d4324786805037,incident-src-b8d4324786805037,fia-2022-jpn-786e23bdcd54,2022-jpn,Race,16,17:05,+09:00,2022-10-09T08:05:00+00:00,2022-10-09T08:06:00+00:00,28,1,28,fia_clock_lap_interval,,,algorithmic_pending_human_validation
adjudication-seed-fia-2022-mco-97b07e9513b1-01,adj-c7417e575dc4ccd4,incident-src-c7417e575dc4ccd4,fia-2022-mco-97b07e9513b1,2022-mco,Race,31,16:34,+02:00,2022-05-29T14:34:00+00:00,2022-05-29T14:35:00+00:00,17|18,2,,fia_clock_lap_interval,,,algorithmic_pending_human_validation
adjudication-seed-fia-2022-mco-a85320aa2719-01,adj-a3cd03fc1f19e87d,incident-src-a3cd03fc1f19e87d,fia-2022-mco-a85320aa2719,2022-mco,Race,23,16:43,+02:00,2022-05-29T14:43:00+00:00,2022-05-29T14:44:00+00:00,22,1,22,fia_clock_lap_interval,,,algorithmic_pending_human_validation
adjudication-seed-fia-2022-mex-0c20b3af2f45-01,adj-e25cec29abffafb1,incident-src-e25cec29abffafb1,fia-2022-mex-0c20b3af2f45,2022-mex,Race,10,14:20,-06:00,2022-10-30T20:20:00+00:00,2022-10-30T20:21:00+00:00,12|13,2,,fia_clock_lap_interval,,,algorithmic_pending_human_validation
adjudication-seed-fia-2022-mex-9975b4f5dd0e-01,adj-2642da4344825f6e,incident-src-2642da4344825f6e,fia-2022-mex-9975b4f5dd0e,2022-mex,Race,3,15:13,-06:00,2022-10-30T21:13:00+00:00,2022-10-30T21:14:00+00:00,50,1,50,fia_clock_lap_interval,,,algorithmic_pending_human_validation
adjudication-seed-fia-2022-mia-200cbc833915-01,adj-28c62e2652e40363,incident-src-28c62e2652e40363,fia-2022-mia-200cbc833915,2022-mia,Race,20,16:51,-04:00,2022-05-08T20:51:00+00:00,2022-05-08T20:52:00+00:00,47,1,47,fia_clock_lap_interval,,,algorithmic_pending_human_validation
adjudication-seed-fia-2022-mia-2f9a772ddfb1-01,adj-d7bbf8b8f5834a44,incident-src-d7bbf8b8f5834a44,fia-2022-mia-2f9a772ddfb1,2022-mia,Race,18,16:51,-04:00,2022-05-08T20:51:00+00:00,2022-05-08T20:52:00+00:00,47,1,47,fia_clock_lap_interval,,,algorithmic_pending_human_validation
adjudication-seed-fia-2022-mia-36df1eeb5c9c-01,adj-ec1cbeb429741336,incident-src-ec1cbeb429741336,fia-2022-mia-36df1eeb5c9c,2022-mia,Race,20,17:05,-04:00,2022-05-08T21:05:00+00:00,2022-05-08T21:06:00+00:00,55|56,2,,fia_clock_lap_interval,,,algorithmic_pending_human_validation
adjudication-seed-fia-2022-mia-3a5e6c955052-01,adj-c2b66e044c2c2a46,incident-src-c2b66e044c2c2a46,fia-2022-mia-3a5e6c955052,2022-mia,Race,3,16:54,-04:00,2022-05-08T20:54:00+00:00,2022-05-08T20:55:00+00:00,48|49,2,,fia_clock_lap_interval,,,algorithmic_pending_human_validation
adjudication-seed-fia-2022-mia-3ef5fd2c5510-01,adj-a738d13a55b1a41c,incident-src-a738d13a55b1a41c,fia-2022-mia-3ef5fd2c5510,2022-mia,Race,14,17:01,-04:00,2022-05-08T21:01:00+00:00,2022-05-08T21:02:00+00:00,53|54,2,,fia_clock_lap_interval,,,algorithmic_pending_human_validation
adjudication-seed-fia-2022-mia-4865bb704728-01,adj-03184f34ac76878c,incident-src-03184f34ac76878c,fia-2022-mia-4865bb704728,2022-mia,Race,14,16:34,-04:00,2022-05-08T20:34:00+00:00,2022-05-08T20:35:00+00:00,38|39,2,,fia_clock_lap_interval,,,algorithmic_pending_human_validation
adjudication-seed-fia-2022-mia-604f9861a2a2-01,adj-73fce9170579e36d,incident-src-73fce9170579e36d,fia-2022-mia-604f9861a2a2,2022-mia,Race,47,16:53,-04:00,2022-05-08T20:53:00+00:00,2022-05-08T20:54:00+00:00,48,1,48,fia_clock_lap_interval,,,algorithmic_pending_human_validation
adjudication-seed-fia-2022-mia-bbafb6bcc091-01,adj-edbdab17f12114c7,incident-src-edbdab17f12114c7,fia-2022-mia-bbafb6bcc091,2022-mia,Race,14,17:05,-04:00,2022-05-08T21:05:00+00:00,2022-05-08T21:06:00+00:00,55|56,2,,fia_clock_lap_interval,,,algorithmic_pending_human_validation
adjudication-seed-fia-2022-mia-f80da2ca1128-01,adj-accee74fb15b4fa6,incident-src-accee74fb15b4fa6,fia-2022-mia-f80da2ca1128,2022-mia,Race,5,16:53,-04:00,2022-05-08T20:53:00+00:00,2022-05-08T20:54:00+00:00,48,1,48,fia_clock_lap_interval,,,algorithmic_pending_human_validation
adjudication-seed-fia-2022-sao-695fd61e1d50-01,adj-96f32b26fd720b87,incident-src-96f32b26fd720b87,fia-2022-sao-695fd61e1d50,2022-sao,Race,4,15:14,-03:00,2022-11-13T18:14:00+00:00,2022-11-13T18:15:00+00:00,6|7,2,,fia_clock_lap_interval,,,algorithmic_pending_human_validation
adjudication-seed-fia-2022-sao-912114518455-01,adj-40c4f3d12c15506c,incident-src-40c4f3d12c15506c,fia-2022-sao-912114518455,2022-sao,Race,1,15:14,-03:00,2022-11-13T18:14:00+00:00,2022-11-13T18:15:00+00:00,6|7,2,,fia_clock_lap_interval,,,algorithmic_pending_human_validation
adjudication-seed-fia-2022-sao-b61d2a302ed0-01,adj-3700ca1e1401e213,incident-src-3700ca1e1401e213,fia-2022-sao-b61d2a302ed0,2022-sao,Race,3,15:03,-03:00,2022-11-13T18:03:00+00:00,2022-11-13T18:04:00+00:00,1,1,1,fia_clock_lap_interval,,,algorithmic_pending_human_validation
adjudication-seed-fia-2022-sao-002711fb5ae0-01,adj-a3a7fbd881640e16,incident-src-a3a7fbd881640e16,fia-2022-sao-002711fb5ae0,2022-sao,Sprint,18,16:44,-03:00,2022-11-12T19:44:00+00:00,2022-11-12T19:45:00+00:00,9|10,2,,fia_clock_lap_interval,,,algorithmic_pending_human_validation
adjudication-seed-fia-2022-sao-1389f4a1ad53-01,adj-e01a3f0d7bc0ac4d,incident-src-e01a3f0d7bc0ac4d,fia-2022-sao-1389f4a1ad53,2022-sao,Sprint,14,16:34,-03:00,2022-11-12T19:34:00+00:00,2022-11-12T19:35:00+00:00,1|2,2,,fia_clock_lap_interval,,,algorithmic_pending_human_validation
adjudication-seed-fia-2022-sau-626edbbd5a3a-01,adj-3baf9aacecb5c6e5,incident-src-3baf9aacecb5c6e5,fia-2022-sau-626edbbd5a3a,2022-sau,Race,23,21:24,+03:00,2022-03-27T18:24:00+00:00,2022-03-27T18:25:00+00:00,47|48,2,,fia_clock_lap_interval,48,True,algorithmic_pending_human_validation
adjudication-seed-fia-2022-sau-fa0b9513331c-01,adj-9cb2c84260f7e56e,incident-src-9cb2c84260f7e56e,fia-2022-sau-fa0b9513331c,2022-sau,Race,24,20:10,+03:00,2022-03-27T17:10:00+00:00,2022-03-27T17:11:00+00:00,4|5,2,,fia_clock_lap_interval,,,algorithmic_pending_human_validation
adjudication-seed-fia-2022-sgp-43a8ea523d85-01,adj-f74ed9090eea7d2d,incident-src-f74ed9090eea7d2d,fia-2022-sgp-43a8ea523d85,2022-sgp,Race,1,21:09,+08:00,2022-10-02T13:09:00+00:00,2022-10-02T13:10:00+00:00,1,1,1,fia_clock_lap_interval,1,True,algorithmic_pending_human_validation
adjudication-seed-fia-2022-sgp-f8928d0688eb-01,adj-ef4a6332c1a930b5,incident-src-ef4a6332c1a930b5,fia-2022-sgp-f8928d0688eb,2022-sgp,Race,6,21:22,+08:00,2022-10-02T13:22:00+00:00,2022-10-02T13:23:00+00:00,7,1,7,fia_clock_lap_interval,,,algorithmic_pending_human_validation
adjudication-seed-fia-2022-usa-06bd3fce2943-01,adj-e828b49af09e3c17,incident-src-e828b49af09e3c17,fia-2022-usa-06bd3fce2943,2022-usa,Race,23,15:41,-05:00,2022-10-23T20:41:00+00:00,2022-10-23T20:42:00+00:00,53|54,2,,fia_clock_lap_interval,,,algorithmic_pending_human_validation
adjudication-seed-fia-2022-usa-3fa875d5a85e-01,adj-8056dff0ab98fd58,incident-src-8056dff0ab98fd58,fia-2022-usa-3fa875d5a85e,2022-usa,Race,6,15:15,-05:00,2022-10-23T20:15:00+00:00,2022-10-23T20:16:00+00:00,38,1,38,fia_clock_lap_interval,,,algorithmic_pending_human_validation
adjudication-seed-fia-2022-usa-77995d83458f-01,adj-9c5057e738e04730,incident-src-9c5057e738e04730,fia-2022-usa-77995d83458f,2022-usa,Race,63,14:03,-05:00,2022-10-23T19:03:00+00:00,2022-10-23T19:04:00+00:00,1,1,1,fia_clock_lap_interval,,,algorithmic_pending_human_validation
adjudication-seed-fia-2022-usa-be8d3f7fc123-01,adj-cbab2a2368386dd0,incident-src-cbab2a2368386dd0,fia-2022-usa-be8d3f7fc123,2022-usa,Race,18,14:44,-05:00,2022-10-23T19:44:00+00:00,2022-10-23T19:45:00+00:00,22,1,22,fia_clock_lap_interval,,,algorithmic_pending_human_validation
adjudication-seed-fia-2023-abu-61d6bbfe959e-01,adj-2dbfd4a2eafd6834,incident-src-2dbfd4a2eafd6834,fia-2023-abu-61d6bbfe959e,2023-abu,Race,44,17:25,+04:00,2023-11-26T13:25:00+00:00,2023-11-26T13:26:00+00:00,15,1,15,fia_clock_lap_interval,,,algorithmic_pending_human_validation
adjudication-seed-fia-2023-abu-bceb18192f57-01,adj-476ced553759f1d7,incident-src-476ced553759f1d7,fia-2023-abu-bceb18192f57,2023-abu,Race,11,18:13,+04:00,2023-11-26T14:13:00+00:00,2023-11-26T14:14:00+00:00,46|47,2,,fia_clock_lap_interval,,,algorithmic_pending_human_validation
adjudication-seed-fia-2023-aus-0144b2323236-01,adj-3ccb9c1bd9cedb01,incident-group-fba25307a3d5ad50,fia-2023-aus-0144b2323236,2023-aus,Race,31,17:00,+10:00,2023-04-02T07:00:00+00:00,2023-04-02T07:01:00+00:00,56|57,2,,fia_clock_lap_interval,,,algorithmic_pending_human_validation
adjudication-seed-fia-2023-aus-039df3ca41c2-01,adj-844c3eb0fcd476be,incident-src-844c3eb0fcd476be,fia-2023-aus-039df3ca41c2,2023-aus,Race,55,17:00,+10:00,2023-04-02T07:00:00+00:00,2023-04-02T07:01:00+00:00,56|57,2,,fia_clock_lap_interval,,,algorithmic_pending_human_validation
adjudication-seed-fia-2023-aus-500bb4f284ba-01,adj-90197ab5c6f59cb7,incident-group-fba25307a3d5ad50,fia-2023-aus-500bb4f284ba,2023-aus,Race,10,17:00,+10:00,2023-04-02T07:00:00+00:00,2023-04-02T07:01:00+00:00,56|57,2,,fia_clock_lap_interval,,,algorithmic_pending_human_validation
adjudication-seed-fia-2023-aut-b9a48d1d47b0-01,adj-322e1b8d35cf5618,incident-src-322e1b8d35cf5618,fia-2023-aut-b9a48d1d47b0,2023-aut,Race,21,15:45,+02:00,2023-07-02T13:45:00+00:00,2023-07-02T13:46:00+00:00,34,1,34,fia_clock_lap_interval,,,algorithmic_pending_human_validation
adjudication-seed-fia-2023-bel-114852357eb8-01,adj-776c2086c0a9c6de,incident-src-776c2086c0a9c6de,fia-2023-bel-114852357eb8,2023-bel,Sprint,44,18:05,+02:00,2023-07-29T16:05:00+00:00,2023-07-29T16:06:00+00:00,6|7,2,,fia_clock_lap_interval,,,algorithmic_pending_human_validation
adjudication-seed-fia-2023-can-572578a57a9b-01,adj-bc46b8ef7db29a9f,incident-src-bc46b8ef7db29a9f,fia-2023-can-572578a57a9b,2023-can,Race,20,14:51,-04:00,2023-06-18T18:51:00+00:00,2023-06-18T18:52:00+00:00,34|35,2,,fia_clock_lap_interval,,,algorithmic_pending_human_validation
adjudication-seed-fia-2023-can-79ff129eac93-01,adj-59a7fa0595802b73,incident-src-59a7fa0595802b73,fia-2023-can-79ff129eac93,2023-can,Race,21,14:51,-04:00,2023-06-18T18:51:00+00:00,2023-06-18T18:52:00+00:00,34|35,2,,fia_clock_lap_interval,,,algorithmic_pending_human_validation
adjudication-seed-fia-2023-esp-d60c194c8ff7-01,adj-b762034ba93ba8b3,incident-src-b762034ba93ba8b3,fia-2023-esp-d60c194c8ff7,2023-esp,Race,22,16:18,+02:00,2023-06-04T14:18:00+00:00,2023-06-04T14:19:00+00:00,56,1,56,fia_clock_lap_interval,,,algorithmic_pending_human_validation
adjudication-seed-fia-2023-gbr-c357ab019929-01,adj-f17f068e5fcade97,incident-src-f17f068e5fcade97,fia-2023-gbr-c357ab019929,2023-gbr,Race,18,16:18,+01:00,2023-07-09T15:18:00+00:00,2023-07-09T15:19:00+00:00,45|46,2,,fia_clock_lap_interval,,,algorithmic_pending_human_validation
adjudication-seed-fia-2023-hun-0707a92a8ea9-01,adj-c8f5cfeb2f7e6b47,incident-src-c8f5cfeb2f7e6b47,fia-2023-hun-0707a92a8ea9,2023-hun,Race,24,15:03,+02:00,2023-07-23T13:03:00+00:00,2023-07-23T13:04:00+00:00,1,1,1,fia_clock_lap_interval,,,algorithmic_pending_human_validation
adjudication-seed-fia-2023-ita-06048f646efe-01,adj-c44453d1de46285e,incident-src-c44453d1de46285e,fia-2023-ita-06048f646efe,2023-ita,Race,2,16:25,+02:00,2023-09-03T14:25:00+00:00,2023-09-03T14:26:00+00:00,42|43,2,,fia_clock_lap_interval,,,algorithmic_pending_human_validation
adjudication-seed-fia-2023-ita-695ef0d50644-01,adj-54e879286ae14a87,incident-src-54e879286ae14a87,fia-2023-ita-695ef0d50644,2023-ita,Race,63,15:51,+02:00,2023-09-03T13:51:00+00:00,2023-09-03T13:52:00+00:00,19|20,2,,fia_clock_lap_interval,,,algorithmic_pending_human_validation
adjudication-seed-fia-2023-ita-c07ce16b4e46-01,adj-aa926d6db0e47df5,incident-src-aa926d6db0e47df5,fia-2023-ita-c07ce16b4e46,2023-ita,Race,44,16:22,+02:00,2023-09-03T14:22:00+00:00,2023-09-03T14:23:00+00:00,41,1,41,fia_clock_lap_interval,,,algorithmic_pending_human_validation
adjudication-seed-fia-2023-ita-de884677f296-01,adj-abd5652e3930b04c,incident-src-abd5652e3930b04c,fia-2023-ita-de884677f296,2023-ita,Race,81,16:34,+02:00,2023-09-03T14:34:00+00:00,2023-09-03T14:35:00+00:00,49,1,49,fia_clock_lap_interval,,,algorithmic_pending_human_validation
adjudication-seed-fia-2023-jpn-45592291a09c-01,adj-478d73ac843b6a2b,incident-src-478d73ac843b6a2b,fia-2023-jpn-45592291a09c,2023-jpn,Race,11,14:27,+09:00,2023-09-24T05:27:00+00:00,2023-09-24T05:28:00+00:00,12,1,12,fia_clock_lap_interval,,,algorithmic_pending_human_validation
adjudication-seed-fia-2023-jpn-ce0c4d6ce752-01,adj-ac7b841c1ea1648e,incident-src-ac7b841c1ea1648e,fia-2023-jpn-ce0c4d6ce752,2023-jpn,Race,2,14:15,+09:00,2023-09-24T05:15:00+00:00,2023-09-24T05:16:00+00:00,5,1,5,fia_clock_lap_interval,,,algorithmic_pending_human_validation
adjudication-seed-fia-2023-lvs-477cbe1a4d5c-01,adj-d7ab78271e2eba13,incident-src-d7ab78271e2eba13,fia-2023-lvs-477cbe1a4d5c,2023-lvs,Race,1,22:04,-08:00,2023-11-19T06:04:00+00:00,2023-11-19T06:05:00+00:00,1,1,1,fia_clock_lap_interval,,,algorithmic_pending_human_validation
adjudication-seed-fia-2023-lvs-a4a270ae6fd0-01,adj-13ca9edd8c45db6f,incident-src-13ca9edd8c45db6f,fia-2023-lvs-a4a270ae6fd0,2023-lvs,Race,63,22:49,-08:00,2023-11-19T06:49:00+00:00,2023-11-19T06:50:00+00:00,25,1,25,fia_clock_lap_interval,,,algorithmic_pending_human_validation
adjudication-seed-fia-2023-mco-4b0df1c86e92-01,adj-dddf2d8d47ab0fc0,incident-src-dddf2d8d47ab0fc0,fia-2023-mco-4b0df1c86e92,2023-mco,Race,27,15:03,+02:00,2023-05-28T13:03:00+00:00,2023-05-28T13:04:00+00:00,1,1,1,fia_clock_lap_interval,,,algorithmic_pending_human_validation
adjudication-seed-fia-2023-mco-714f0af99f3c-01,adj-fbe0c3835d72fcf2,incident-src-fbe0c3835d72fcf2,fia-2023-mco-714f0af99f3c,2023-mco,Race,63,16:15,+02:00,2023-05-28T14:15:00+00:00,2023-05-28T14:16:00+00:00,55,1,55,fia_clock_lap_interval,,,algorithmic_pending_human_validation
adjudication-seed-fia-2023-mex-1b2fb3ec7748-01,adj-dc4289d79e963b95,incident-src-dc4289d79e963b95,fia-2023-mex-1b2fb3ec7748,2023-mex,Race,81,15:34,-06:00,2023-10-29T21:34:00+00:00,2023-10-29T21:35:00+00:00,48|49,2,,fia_clock_lap_interval,,,algorithmic_pending_human_validation
adjudication-seed-fia-2023-mex-35cdf2b38073-01,adj-34174de921925489,incident-src-34174de921925489,fia-2023-mex-35cdf2b38073,2023-mex,Race,22,15:34,-06:00,2023-10-29T21:34:00+00:00,2023-10-29T21:35:00+00:00,48|49,2,,fia_clock_lap_interval,,,algorithmic_pending_human_validation
adjudication-seed-fia-2023-mex-6b86d52dd897-01,adj-2d49e6748d813e58,incident-src-2d49e6748d813e58,fia-2023-mex-6b86d52dd897,2023-mex,Race,22,15:33,-06:00,2023-10-29T21:33:00+00:00,2023-10-29T21:34:00+00:00,47|48,2,,fia_clock_lap_interval,,,algorithmic_pending_human_validation
adjudication-seed-fia-2023-mex-8f576b6655ce-01,adj-2e96bcd611e65b6d,incident-src-2e96bcd611e65b6d,fia-2023-mex-8f576b6655ce,2023-mex,Race,77,15:59,-06:00,2023-10-29T21:59:00+00:00,2023-10-29T22:00:00+00:00,66,1,66,fia_clock_lap_interval,,,algorithmic_pending_human_validation
adjudication-seed-fia-2023-mex-9aa5ef85abc1-01,adj-ad1abaf93ca48981,incident-src-ad1abaf93ca48981,fia-2023-mex-9aa5ef85abc1,2023-mex,Race,81,15:33,-06:00,2023-10-29T21:33:00+00:00,2023-10-29T21:34:00+00:00,47|48,2,,fia_clock_lap_interval,,,algorithmic_pending_human_validation
adjudication-seed-fia-2023-ned-26a60af9f412-01,adj-43692d4605090feb,incident-src-43692d4605090feb,fia-2023-ned-26a60af9f412,2023-ned,Race,22,16:15,+02:00,2023-08-27T14:15:00+00:00,2023-08-27T14:16:00+00:00,51|52,2,,fia_clock_lap_interval,,,algorithmic_pending_human_validation
adjudication-seed-fia-2023-qat-04250e16f5a2-01,adj-f5b1f1c51a022137,incident-src-f5b1f1c51a022137,fia-2023-qat-04250e16f5a2,2023-qat,Race,44,20:03,+03:00,2023-10-08T17:03:00+00:00,2023-10-08T17:04:00+00:00,1,1,1,fia_clock_lap_interval,1,True,algorithmic_pending_human_validation
adjudication-seed-fia-2023-qat-925cce82b462-01,adj-b485215d0d2901c7,incident-src-b485215d0d2901c7,fia-2023-qat-925cce82b462,2023-qat,Race,14,20:55,+03:00,2023-10-08T17:55:00+00:00,2023-10-08T17:56:00+00:00,32|33,2,,fia_clock_lap_interval,,,algorithmic_pending_human_validation
adjudication-seed-fia-2023-qat-002060120e1b-01,adj-2bb6a3e3238bf797,incident-group-3d3328a390c3ac33,fia-2023-qat-002060120e1b,2023-qat,Sprint,11,20:52,+03:00,2023-10-07T17:52:00+00:00,2023-10-07T17:53:00+00:00,10|11,2,,fia_clock_lap_interval,,,algorithmic_pending_human_validation
adjudication-seed-fia-2023-qat-8a64aec7daf5-01,adj-3963f9cb2db8ec33,incident-group-3d3328a390c3ac33,fia-2023-qat-8a64aec7daf5,2023-qat,Sprint,31,20:52,+03:00,2023-10-07T17:52:00+00:00,2023-10-07T17:53:00+00:00,10|11,2,,fia_clock_lap_interval,,,algorithmic_pending_human_validation
adjudication-seed-fia-2023-qat-9b045d16fdac-01,adj-be81901bac03674e,incident-group-3d3328a390c3ac33,fia-2023-qat-9b045d16fdac,2023-qat,Sprint,27,20:52,+03:00,2023-10-07T17:52:00+00:00,2023-10-07T17:53:00+00:00,10|11,2,,fia_clock_lap_interval,,,algorithmic_pending_human_validation
adjudication-seed-fia-2023-sgp-f4e066ac44c1-01,adj-1eae245c11ac871f,incident-src-1eae245c11ac871f,fia-2023-sgp-f4e066ac44c1,2023-sgp,Race,11,21:44,+08:00,2023-09-17T13:44:00+00:00,2023-09-17T13:45:00+00:00,58|59,2,,fia_clock_lap_interval,,,algorithmic_pending_human_validation
adjudication-seed-fia-2023-usa-4b0f79bc4886-01,adj-0b22a250d896b161,incident-src-0b22a250d896b161,fia-2023-usa-4b0f79bc4886,2023-usa,Race,18,14:48,-05:00,2023-10-22T19:48:00+00:00,2023-10-22T19:49:00+00:00,26,1,26,fia_clock_lap_interval,,,algorithmic_pending_human_validation
adjudication-seed-fia-2023-usa-0349556641dc-01,adj-935cbd4cd614af87,incident-src-935cbd4cd614af87,fia-2023-usa-0349556641dc,2023-usa,Sprint,23,17:14,-05:00,2023-10-21T22:14:00+00:00,2023-10-21T22:15:00+00:00,6|7,2,,fia_clock_lap_interval,,,algorithmic_pending_human_validation
adjudication-seed-fia-2023-usa-233ee024e884-01,adj-69521e50d0d556b6,incident-src-69521e50d0d556b6,fia-2023-usa-233ee024e884,2023-usa,Sprint,63,17:08,-05:00,2023-10-21T22:08:00+00:00,2023-10-21T22:09:00+00:00,3|4,2,,fia_clock_lap_interval,,,algorithmic_pending_human_validation
adjudication-seed-fia-2023-usa-cf78524f4683-01,adj-b34bfbde37e56841,incident-src-b34bfbde37e56841,fia-2023-usa-cf78524f4683,2023-usa,Sprint,24,17:22,-05:00,2023-10-21T22:22:00+00:00,2023-10-21T22:23:00+00:00,11|12,2,,fia_clock_lap_interval,,,algorithmic_pending_human_validation
adjudication-seed-fia-2023-usa-f78ade45f844-01,adj-b05ba7caf0f910d9,incident-src-b05ba7caf0f910d9,fia-2023-usa-f78ade45f844,2023-usa,Sprint,24,17:25,-05:00,2023-10-21T22:25:00+00:00,2023-10-21T22:26:00+00:00,13,1,13,fia_clock_lap_interval,,,algorithmic_pending_human_validation
adjudication-seed-fia-2024-abu-1738c094dc27-01,adj-2e20778ef64918d5,incident-src-2e20778ef64918d5,fia-2024-abu-1738c094dc27,2024-abu,Race,77,17:49,+04:00,2024-12-08T13:49:00+00:00,2024-12-08T13:50:00+00:00,30,1,30,fia_clock_lap_interval,,,algorithmic_pending_human_validation
adjudication-seed-fia-2024-abu-4ec5bc83f9fa-01,adj-8ca9eb32832537c5,incident-src-8ca9eb32832537c5,fia-2024-abu-4ec5bc83f9fa,2024-abu,Race,1,17:03,+04:00,2024-12-08T13:03:00+00:00,2024-12-08T13:04:00+00:00,1,1,1,fia_clock_lap_interval,,,algorithmic_pending_human_validation
adjudication-seed-fia-2024-abu-62aed0693198-01,adj-5b76f9299c3d25a5,incident-src-5b76f9299c3d25a5,fia-2024-abu-62aed0693198,2024-abu,Race,77,17:04,+04:00,2024-12-08T13:04:00+00:00,2024-12-08T13:05:00+00:00,1,1,1,fia_clock_lap_interval,1,True,algorithmic_pending_human_validation
adjudication-seed-fia-2024-abu-b8e37d9fdbe9-01,adj-b6f8f8dea3be57fe,incident-src-b6f8f8dea3be57fe,fia-2024-abu-b8e37d9fdbe9,2024-abu,Race,81,17:08,+04:00,2024-12-08T13:08:00+00:00,2024-12-08T13:09:00+00:00,3|4,2,,fia_clock_lap_interval,,,algorithmic_pending_human_validation
adjudication-seed-fia-2024-aut-0da607b84c40-01,adj-5005242a503c9174,incident-src-5005242a503c9174,fia-2024-aut-0da607b84c40,2024-aut,Race,1,16:17,+02:00,2024-06-30T14:17:00+00:00,2024-06-30T14:18:00+00:00,63|64,2,,fia_clock_lap_interval,,,algorithmic_pending_human_validation
adjudication-seed-fia-2024-aut-4b3df85c59ad-01,adj-330069d582c20001,incident-src-330069d582c20001,fia-2024-aut-4b3df85c59ad,2024-aut,Race,44,15:03,+02:00,2024-06-30T13:03:00+00:00,2024-06-30T13:04:00+00:00,1,1,1,fia_clock_lap_interval,,,algorithmic_pending_human_validation
adjudication-seed-fia-2024-aut-4d4962053c25-01,adj-b361bfe26bd9fde2,incident-src-b361bfe26bd9fde2,fia-2024-aut-4d4962053c25,2024-aut,Race,14,15:26,+02:00,2024-06-30T13:26:00+00:00,2024-06-30T13:27:00+00:00,19|20,2,,fia_clock_lap_interval,,,algorithmic_pending_human_validation
adjudication-seed-fia-2024-aut-1386e9236666-01,adj-f388f903abd92138,incident-src-f388f903abd92138,fia-2024-aut-1386e9236666,2024-aut,Sprint,27,12:30,+02:00,2024-06-29T10:30:00+00:00,2024-06-29T10:31:00+00:00,21,1,21,fia_clock_lap_interval,,,algorithmic_pending_human_validation
adjudication-seed-fia-2024-aze-51d6849b52fb-01,adj-4d9543b8ee4e354b,incident-src-4d9543b8ee4e354b,fia-2024-aze-51d6849b52fb,2024-aze,Race,11,16:33,+04:00,2024-09-15T12:33:00+00:00,2024-09-15T12:34:00+00:00,50,1,50,fia_clock_lap_interval,50,True,algorithmic_pending_human_validation
adjudication-seed-fia-2024-aze-ebeab05b8b9a-01,adj-94905942bca0fa49,incident-src-94905942bca0fa49,fia-2024-aze-ebeab05b8b9a,2024-aze,Race,55,16:33,+04:00,2024-09-15T12:33:00+00:00,2024-09-15T12:34:00+00:00,50,1,50,fia_clock_lap_interval,50,True,algorithmic_pending_human_validation
adjudication-seed-fia-2024-can-119e41abd9ba-01,adj-e0e2c5e41cf687bb,incident-src-e0e2c5e41cf687bb,fia-2024-can-119e41abd9ba,2024-can,Race,4,15:07,-04:00,2024-06-09T19:07:00+00:00,2024-06-09T19:08:00+00:00,41|42,2,,fia_clock_lap_interval,,,algorithmic_pending_human_validation
adjudication-seed-fia-2024-can-2d45bb0945a9-01,adj-08975f5bf7e53df4,incident-group-1f0e1655ef842f90,fia-2024-can-2d45bb0945a9,2024-can,Race,81,15:40,-04:00,2024-06-09T19:40:00+00:00,2024-06-09T19:41:00+00:00,63|64,2,,fia_clock_lap_interval,,,algorithmic_pending_human_validation
adjudication-seed-fia-2024-can-546aad3f9319-01,adj-d710238ee5f893bf,incident-group-1f0e1655ef842f90,fia-2024-can-546aad3f9319,2024-can,Race,63,15:40,-04:00,2024-06-09T19:40:00+00:00,2024-06-09T19:41:00+00:00,63|64,2,,fia_clock_lap_interval,,,algorithmic_pending_human_validation
adjudication-seed-fia-2024-chn-4196fcc2964f-01,adj-d73632383a18fd68,incident-src-d73632383a18fd68,fia-2024-chn-4196fcc2964f,2024-chn,Race,18,15:05,+08:00,2024-04-21T07:05:00+00:00,2024-04-21T07:06:00+00:00,1|2,2,,fia_clock_lap_interval,,,algorithmic_pending_human_validation
adjudication-seed-fia-2024-chn-6d2ca4d46d70-01,adj-e6937a3f0184649f,incident-src-e6937a3f0184649f,fia-2024-chn-6d2ca4d46d70,2024-chn,Race,20,15:52,+08:00,2024-04-21T07:52:00+00:00,2024-04-21T07:53:00+00:00,27,1,27,fia_clock_lap_interval,,,algorithmic_pending_human_validation
adjudication-seed-fia-2024-chn-b693963070bc-01,adj-f8191026c986c048,incident-src-f8191026c986c048,fia-2024-chn-b693963070bc,2024-chn,Race,23,15:10,+08:00,2024-04-21T07:10:00+00:00,2024-04-21T07:11:00+00:00,4|5,2,,fia_clock_lap_interval,,,algorithmic_pending_human_validation
adjudication-seed-fia-2024-chn-e03c15c85429-01,adj-a3a2dc88b46fb907,incident-src-a3a2dc88b46fb907,fia-2024-chn-e03c15c85429,2024-chn,Race,18,15:51,+08:00,2024-04-21T07:51:00+00:00,2024-04-21T07:52:00+00:00,26|27,2,,fia_clock_lap_interval,,,algorithmic_pending_human_validation
adjudication-seed-fia-2024-chn-d3b9af164caf-01,adj-1b908ee0c8888db7,incident-src-1b908ee0c8888db7,fia-2024-chn-d3b9af164caf,2024-chn,Sprint,14,11:30,+08:00,2024-04-20T03:30:00+00:00,2024-04-20T03:31:00+00:00,16,1,16,fia_clock_lap_interval,,,algorithmic_pending_human_validation
adjudication-seed-fia-2024-hun-3048d0b101d3-01,adj-776eb15ec333fda5,incident-src-776eb15ec333fda5,fia-2024-hun-3048d0b101d3,2024-hun,Race,1,15:03,+02:00,2024-07-21T13:03:00+00:00,2024-07-21T13:04:00+00:00,1,1,1,fia_clock_lap_interval,,,algorithmic_pending_human_validation
adjudication-seed-fia-2024-hun-46b193d4af90-01,adj-c05dc23d16515f58,incident-src-c05dc23d16515f58,fia-2024-hun-46b193d4af90,2024-hun,Race,1,16:30,+02:00,2024-07-21T14:30:00+00:00,2024-07-21T14:31:00+00:00,62|63,2,,fia_clock_lap_interval,,,algorithmic_pending_human_validation
adjudication-seed-fia-2024-ita-5562671d826a-01,adj-98bfaa1af9372654,incident-src-98bfaa1af9372654,fia-2024-ita-5562671d826a,2024-ita,Race,27,15:09,+02:00,2024-09-01T13:09:00+00:00,2024-09-01T13:10:00+00:00,4|5,2,,fia_clock_lap_interval,,,algorithmic_pending_human_validation
adjudication-seed-fia-2024-ita-5774aa14322d-01,adj-f93d1bf0be920795,incident-src-f93d1bf0be920795,fia-2024-ita-5774aa14322d,2024-ita,Race,3,15:04,+02:00,2024-09-01T13:04:00+00:00,2024-09-01T13:05:00+00:00,1,1,1,fia_clock_lap_interval,,,algorithmic_pending_human_validation
adjudication-seed-fia-2024-ita-9747ddf1dc7b-01,adj-def027f293e93425,incident-src-def027f293e93425,fia-2024-ita-9747ddf1dc7b,2024-ita,Race,20,15:29,+02:00,2024-09-01T13:29:00+00:00,2024-09-01T13:30:00+00:00,18|19,2,,fia_clock_lap_interval,,,algorithmic_pending_human_validation
adjudication-seed-fia-2024-jpn-7c7c61a7ed8e-01,adj-cac143763ee20168,incident-src-cac143763ee20168,fia-2024-jpn-7c7c61a7ed8e,2024-jpn,Race,63,15:52,+09:00,2024-04-07T06:52:00+00:00,2024-04-07T06:53:00+00:00,49|50,2,,fia_clock_lap_interval,,,algorithmic_pending_human_validation
adjudication-seed-fia-2024-jpn-9cf103b985c9-01,adj-7a872dc58411ce68,incident-src-7a872dc58411ce68,fia-2024-jpn-9cf103b985c9,2024-jpn,Race,3,14:04,+09:00,2024-04-07T05:04:00+00:00,2024-04-07T05:05:00+00:00,1,1,1,fia_clock_lap_interval,,,algorithmic_pending_human_validation
adjudication-seed-fia-2024-mco-8f89aba81bd5-01,adj-6ea8c11583ab4051,incident-src-6ea8c11583ab4051,fia-2024-mco-8f89aba81bd5,2024-mco,Race,31,15:04,+02:00,2024-05-26T13:04:00+00:00,2024-05-26T13:05:00+00:00,1,1,1,fia_clock_lap_interval,,,algorithmic_pending_human_validation
adjudication-seed-fia-2024-mex-11839f036c68-01,adj-90ff433e4a6ee78a,incident-src-90ff433e4a6ee78a,fia-2024-mex-11839f036c68,2024-mex,Race,11,14:33,-06:00,2024-10-27T20:33:00+00:00,2024-10-27T20:34:00+00:00,18|19,2,,fia_clock_lap_interval,,,algorithmic_pending_human_validation
adjudication-seed-fia-2024-mex-9398d22e8e7e-01,adj-10a8c59210b937e3,incident-src-10a8c59210b937e3,fia-2024-mex-9398d22e8e7e,2024-mex,Race,1,14:20,-06:00,2024-10-27T20:20:00+00:00,2024-10-27T20:21:00+00:00,9|10,2,,fia_clock_lap_interval,,,algorithmic_pending_human_validation
adjudication-seed-fia-2024-mex-a4340456d96a-01,adj-692b411e9f958d1d,incident-src-692b411e9f958d1d,fia-2024-mex-a4340456d96a,2024-mex,Race,11,14:32,-06:00,2024-10-27T20:32:00+00:00,2024-10-27T20:33:00+00:00,18,1,18,fia_clock_lap_interval,,,algorithmic_pending_human_validation
adjudication-seed-fia-2024-mex-c52d53ba8a48-01,adj-c66b11904508fc88,incident-src-c66b11904508fc88,fia-2024-mex-c52d53ba8a48,2024-mex,Race,43,15:37,-06:00,2024-10-27T21:37:00+00:00,2024-10-27T21:38:00+00:00,65,1,65,fia_clock_lap_interval,,,algorithmic_pending_human_validation
adjudication-seed-fia-2024-mex-f2d0b4da1ba3-01,adj-e29345f3745be8dd,incident-src-e29345f3745be8dd,fia-2024-mex-f2d0b4da1ba3,2024-mex,Race,1,14:21,-06:00,2024-10-27T20:21:00+00:00,2024-10-27T20:22:00+00:00,10|11,2,,fia_clock_lap_interval,,,algorithmic_pending_human_validation
adjudication-seed-fia-2024-mia-429b87bfdb1b-01,adj-4c476899a4894e96,incident-src-4c476899a4894e96,fia-2024-mia-429b87bfdb1b,2024-mia,Race,18,17:25,-04:00,2024-05-05T21:25:00+00:00,2024-05-05T21:26:00+00:00,51|52,2,,fia_clock_lap_interval,,,algorithmic_pending_human_validation
adjudication-seed-fia-2024-mia-bb1a3715e072-01,adj-1e58e40badf7452a,incident-src-1e58e40badf7452a,fia-2024-mia-bb1a3715e072,2024-mia,Race,20,16:46,-04:00,2024-05-05T20:46:00+00:00,2024-05-05T20:47:00+00:00,27|28,2,,fia_clock_lap_interval,,,algorithmic_pending_human_validation
adjudication-seed-fia-2024-mia-d65987c13425-01,adj-0e32abe64682f839,incident-src-0e32abe64682f839,fia-2024-mia-d65987c13425,2024-mia,Race,55,17:06,-04:00,2024-05-05T21:06:00+00:00,2024-05-05T21:07:00+00:00,39|40,2,,fia_clock_lap_interval,,,algorithmic_pending_human_validation
adjudication-seed-fia-2024-mia-54507686b24f-01,adj-662202a5b879f049,incident-src-662202a5b879f049,fia-2024-mia-54507686b24f,2024-mia,Sprint,20,12:18,-04:00,2024-05-04T16:18:00+00:00,2024-05-04T16:19:00+00:00,8|9,2,,fia_clock_lap_interval,,,algorithmic_pending_human_validation
adjudication-seed-fia-2024-mia-86547ded7d12-01,adj-66a7d8add9666258,incident-group-86e2a514b5312efc,fia-2024-mia-86547ded7d12,2024-mia,Sprint,18,12:03,-04:00,2024-05-04T16:03:00+00:00,2024-05-04T16:04:00+00:00,1,1,1,fia_clock_lap_interval,1,True,algorithmic_pending_human_validation
adjudication-seed-fia-2024-mia-a149f4a3c2c5-01,adj-909aa84ac351505f,incident-src-909aa84ac351505f,fia-2024-mia-a149f4a3c2c5,2024-mia,Sprint,20,12:27,-04:00,2024-05-04T16:27:00+00:00,2024-05-04T16:28:00+00:00,14|15,2,,fia_clock_lap_interval,,,algorithmic_pending_human_validation
adjudication-seed-fia-2024-mia-b115633c9ba0-01,adj-c88d0a0133c58194,incident-group-86e2a514b5312efc,fia-2024-mia-b115633c9ba0,2024-mia,Sprint,14,12:03,-04:00,2024-05-04T16:03:00+00:00,2024-05-04T16:04:00+00:00,1,1,1,fia_clock_lap_interval,1,True,algorithmic_pending_human_validation
adjudication-seed-fia-2024-mia-badde45f9141-01,adj-0a015cee0b31ad67,incident-group-86e2a514b5312efc,fia-2024-mia-badde45f9141,2024-mia,Sprint,44,12:03,-04:00,2024-05-04T16:03:00+00:00,2024-05-04T16:04:00+00:00,1,1,1,fia_clock_lap_interval,1,True,algorithmic_pending_human_validation
adjudication-seed-fia-2024-mia-feb431961f72-01,adj-2c2dff8fa5835c89,incident-src-2c2dff8fa5835c89,fia-2024-mia-feb431961f72,2024-mia,Sprint,20,12:24,-04:00,2024-05-04T16:24:00+00:00,2024-05-04T16:25:00+00:00,12|13,2,,fia_clock_lap_interval,,,algorithmic_pending_human_validation
adjudication-seed-fia-2024-qat-3c549ce8f3dd-01,adj-8cd0b8f0391a2018,incident-src-8cd0b8f0391a2018,fia-2024-qat-3c549ce8f3dd,2024-qat,Race,18,19:04,+03:00,2024-12-01T16:04:00+00:00,2024-12-01T16:05:00+00:00,1,1,1,fia_clock_lap_interval,1,True,algorithmic_pending_human_validation
adjudication-seed-fia-2024-qat-ac0687a82537-01,adj-d55cdfc134f24f71,incident-src-d55cdfc134f24f71,fia-2024-qat-ac0687a82537,2024-qat,Race,23,20:14,+03:00,2024-12-01T17:14:00+00:00,2024-12-01T17:15:00+00:00,43,1,43,fia_clock_lap_interval,,,algorithmic_pending_human_validation
adjudication-seed-fia-2024-qat-ea0ded916e32-01,adj-244bac6c349c96be,incident-src-244bac6c349c96be,fia-2024-qat-ea0ded916e32,2024-qat,Race,30,19:12,+03:00,2024-12-01T16:12:00+00:00,2024-12-01T16:13:00+00:00,4|5,2,,fia_clock_lap_interval,5,True,algorithmic_pending_human_validation
adjudication-seed-fia-2024-sao-77a08cd10ed4-01,adj-c415a16a0b4f8470,incident-src-c415a16a0b4f8470,fia-2024-sao-77a08cd10ed4,2024-sao,Race,81,13:25,-03:00,2024-11-03T16:25:00+00:00,2024-11-03T16:26:00+00:00,25|26,2,,fia_clock_lap_interval,,,algorithmic_pending_human_validation
adjudication-seed-fia-2024-sao-b822c02eabd2-01,adj-dc9490802ee7ddff,incident-src-dc9490802ee7ddff,fia-2024-sao-b822c02eabd2,2024-sao,Race,50,12:55,-03:00,2024-11-03T15:55:00+00:00,2024-11-03T15:56:00+00:00,4,1,4,fia_clock_lap_interval,,,algorithmic_pending_human_validation
adjudication-seed-fia-2024-sau-27fea0cbbfa4-01,adj-6d8e823e259176bd,incident-src-6d8e823e259176bd,fia-2024-sau-27fea0cbbfa4,2024-sau,Race,20,20:32,+03:00,2024-03-09T17:32:00+00:00,2024-03-09T17:33:00+00:00,16|17,2,,fia_clock_lap_interval,,,algorithmic_pending_human_validation
adjudication-seed-fia-2024-sau-675654dfe88e-01,adj-4b18175e3ab1d349,incident-src-4b18175e3ab1d349,fia-2024-sau-675654dfe88e,2024-sau,Race,20,20:21,+03:00,2024-03-09T17:21:00+00:00,2024-03-09T17:22:00+00:00,9|10,2,,fia_clock_lap_interval,,,algorithmic_pending_human_validation
adjudication-seed-fia-2024-usa-1d5ba0527e94-01,adj-780b464e1e0142e6,incident-src-780b464e1e0142e6,fia-2024-usa-1d5ba0527e94,2024-usa,Race,10,14:51,-05:00,2024-10-20T19:51:00+00:00,2024-10-20T19:52:00+00:00,27,1,27,fia_clock_lap_interval,,,algorithmic_pending_human_validation
adjudication-seed-fia-2024-usa-2de48d9656fa-01,adj-b0fa781c22c3b3f8,incident-src-b0fa781c22c3b3f8,fia-2024-usa-2de48d9656fa,2024-usa,Race,4,15:32,-05:00,2024-10-20T20:32:00+00:00,2024-10-20T20:33:00+00:00,52|53,2,,fia_clock_lap_interval,,,algorithmic_pending_human_validation
adjudication-seed-fia-2024-usa-7a56202d170c-01,adj-607fddba182aaa3f,incident-src-607fddba182aaa3f,fia-2024-usa-7a56202d170c,2024-usa,Race,22,14:51,-05:00,2024-10-20T19:51:00+00:00,2024-10-20T19:52:00+00:00,27,1,27,fia_clock_lap_interval,,,algorithmic_pending_human_validation
adjudication-seed-fia-2024-usa-7e333c44293a-01,adj-278d019dd7501a79,incident-src-278d019dd7501a79,fia-2024-usa-7e333c44293a,2024-usa,Race,63,14:27,-05:00,2024-10-20T19:27:00+00:00,2024-10-20T19:28:00+00:00,13,1,13,fia_clock_lap_interval,,,algorithmic_pending_human_validation
adjudication-seed-fia-2024-usa-4828e63a6c32-01,adj-649fecee52ee4f6f,incident-src-649fecee52ee4f6f,fia-2024-usa-4828e63a6c32,2024-usa,Sprint,81,13:10,-05:00,2024-10-19T18:10:00+00:00,2024-10-19T18:11:00+00:00,4|5,2,,fia_clock_lap_interval,,,algorithmic_pending_human_validation
adjudication-seed-fia-2024-usa-9eecf3efc1f8-01,adj-84b5a008e264b8d6,incident-src-84b5a008e264b8d6,fia-2024-usa-9eecf3efc1f8,2024-usa,Sprint,20,13:04,-05:00,2024-10-19T18:04:00+00:00,2024-10-19T18:05:00+00:00,1,1,1,fia_clock_lap_interval,1,True,algorithmic_pending_human_validation
adjudication-seed-fia-2024-usa-f7d16a7e6e6e-01,adj-c40383a758a57293,incident-src-c40383a758a57293,fia-2024-usa-f7d16a7e6e6e,2024-usa,Sprint,22,13:24,-05:00,2024-10-19T18:24:00+00:00,2024-10-19T18:25:00+00:00,13,1,13,fia_clock_lap_interval,,,algorithmic_pending_human_validation
adjudication-seed-fia-2025-abu-5a289d5d001e-01,adj-c87d6a167a0b882c,incident-src-c87d6a167a0b882c,fia-2025-abu-5a289d5d001e,2025-abu,Race,87,18:30,+04:00,2025-12-07T14:30:00+00:00,2025-12-07T14:31:00+00:00,58,1,58,fia_clock_lap_interval,,,algorithmic_pending_human_validation
adjudication-seed-fia-2025-abu-90b14b4ed0c9-01,adj-862c5abf64138d26,incident-src-862c5abf64138d26,fia-2025-abu-90b14b4ed0c9,2025-abu,Race,4,17:37,+04:00,2025-12-07T13:37:00+00:00,2025-12-07T13:38:00+00:00,23,1,23,fia_clock_lap_interval,,,algorithmic_pending_human_validation
adjudication-seed-fia-2025-abu-9913dc5c7021-01,adj-e4777c2ca2dcd628,incident-src-e4777c2ca2dcd628,fia-2025-abu-9913dc5c7021,2025-abu,Race,27,17:04,+04:00,2025-12-07T13:04:00+00:00,2025-12-07T13:05:00+00:00,1,1,1,fia_clock_lap_interval,,,algorithmic_pending_human_validation
adjudication-seed-fia-2025-abu-9c20002be5b0-01,adj-e6d0642f2d104bf2,incident-src-e6d0642f2d104bf2,fia-2025-abu-9c20002be5b0,2025-abu,Race,10,17:04,+04:00,2025-12-07T13:04:00+00:00,2025-12-07T13:05:00+00:00,1,1,1,fia_clock_lap_interval,,,algorithmic_pending_human_validation
adjudication-seed-fia-2025-abu-af797fd2ecc9-01,adj-cdd3611fe7080482,incident-src-cdd3611fe7080482,fia-2025-abu-af797fd2ecc9,2025-abu,Race,18,18:24,+04:00,2025-12-07T14:24:00+00:00,2025-12-07T14:25:00+00:00,54|55,2,,fia_clock_lap_interval,,,algorithmic_pending_human_validation
adjudication-seed-fia-2025-abu-bfa018c9c8e1-01,adj-d9617718c7032a69,incident-src-d9617718c7032a69,fia-2025-abu-bfa018c9c8e1,2025-abu,Race,22,17:37,+04:00,2025-12-07T13:37:00+00:00,2025-12-07T13:38:00+00:00,23,1,23,fia_clock_lap_interval,,,algorithmic_pending_human_validation
adjudication-seed-fia-2025-aut-1b2cf15490ab-01,adj-dc3cbf1b2175e95d,incident-src-dc3cbf1b2175e95d,fia-2025-aut-1b2cf15490ab,2025-aut,Race,12,15:18,+02:00,2025-06-29T13:18:00+00:00,2025-06-29T13:19:00+00:00,1,1,1,fia_clock_lap_interval,1,True,algorithmic_pending_human_validation
adjudication-seed-fia-2025-aut-3666395a2885-01,adj-2197497836f6c46a,incident-src-2197497836f6c46a,fia-2025-aut-3666395a2885,2025-aut,Race,22,15:36,+02:00,2025-06-29T13:36:00+00:00,2025-06-29T13:37:00+00:00,14|15,2,,fia_clock_lap_interval,,,algorithmic_pending_human_validation
adjudication-seed-fia-2025-aut-41aebded7db6-01,adj-1651c96225ee4d5c,incident-src-1651c96225ee4d5c,fia-2025-aut-41aebded7db6,2025-aut,Race,22,15:55,+02:00,2025-06-29T13:55:00+00:00,2025-06-29T13:56:00+00:00,30,1,30,fia_clock_lap_interval,,,algorithmic_pending_human_validation
adjudication-seed-fia-2025-aut-5f0b9bc97e16-01,adj-f304cec4c251df69,incident-src-f304cec4c251df69,fia-2025-aut-5f0b9bc97e16,2025-aut,Race,43,15:23,+02:00,2025-06-29T13:23:00+00:00,2025-06-29T13:24:00+00:00,3|4,2,,fia_clock_lap_interval,,,algorithmic_pending_human_validation
adjudication-seed-fia-2025-aut-a1f29843f018-01,adj-10a1869690dc7622,incident-src-10a1869690dc7622,fia-2025-aut-a1f29843f018,2025-aut,Race,43,16:22,+02:00,2025-06-29T14:22:00+00:00,2025-06-29T14:23:00+00:00,52|53,2,,fia_clock_lap_interval,,,algorithmic_pending_human_validation
adjudication-seed-fia-2025-aze-0d1070d6a1c6-01,adj-94d8c357c79994c4,incident-src-94d8c357c79994c4,fia-2025-aze-0d1070d6a1c6,2025-aze,Race,23,15:37,+04:00,2025-09-21T11:37:00+00:00,2025-09-21T11:38:00+00:00,17,1,17,fia_clock_lap_interval,,,algorithmic_pending_human_validation
adjudication-seed-fia-2025-bhr-03bfd7816342-01,adj-ccae0d70c41eed34,incident-src-ccae0d70c41eed34,fia-2025-bhr-03bfd7816342,2025-bhr,Race,30,19:12,+03:00,2025-04-13T16:12:00+00:00,2025-04-13T16:13:00+00:00,40|41,2,,fia_clock_lap_interval,,,algorithmic_pending_human_validation
adjudication-seed-fia-2025-bhr-732dd8183412-01,adj-f343c8d3c1915d9d,incident-src-f343c8d3c1915d9d,fia-2025-bhr-732dd8183412,2025-bhr,Race,30,18:56,+03:00,2025-04-13T15:56:00+00:00,2025-04-13T15:57:00+00:00,32,1,32,fia_clock_lap_interval,,,algorithmic_pending_human_validation
adjudication-seed-fia-2025-bhr-fadfd5ceb9c2-01,adj-55f2f483dc86216e,incident-src-55f2f483dc86216e,fia-2025-bhr-fadfd5ceb9c2,2025-bhr,Race,55,19:05,+03:00,2025-04-13T16:05:00+00:00,2025-04-13T16:06:00+00:00,36|37,2,,fia_clock_lap_interval,,,algorithmic_pending_human_validation
adjudication-seed-fia-2025-can-acdc79e65cc6-01,adj-bfdfb2effacad54c,incident-src-bfdfb2effacad54c,fia-2025-can-acdc79e65cc6,2025-can,Race,4,15:27,-04:00,2025-06-15T19:27:00+00:00,2025-06-15T19:28:00+00:00,66|67,2,,fia_clock_lap_interval,,,algorithmic_pending_human_validation
adjudication-seed-fia-2025-can-cb1693dfcc0a-01,adj-aafbbe06da3e5c01,incident-src-aafbbe06da3e5c01,fia-2025-can-cb1693dfcc0a,2025-can,Race,18,15:00,-04:00,2025-06-15T19:00:00+00:00,2025-06-15T19:01:00+00:00,44|45,2,,fia_clock_lap_interval,,,algorithmic_pending_human_validation
adjudication-seed-fia-2025-chn-795784acfef6-01,adj-8788c51da20ae484,incident-src-8788c51da20ae484,fia-2025-chn-795784acfef6,2025-chn,Race,7,16:17,+08:00,2025-03-23T08:17:00+00:00,2025-03-23T08:18:00+00:00,45,1,45,fia_clock_lap_interval,,,algorithmic_pending_human_validation
adjudication-seed-fia-2025-chn-5f2ef54b24c3-01,adj-f73048c90c90fbee,incident-src-f73048c90c90fbee,fia-2025-chn-5f2ef54b24c3,2025-chn,Sprint,7,11:34,+08:00,2025-03-22T03:34:00+00:00,2025-03-22T03:35:00+00:00,19,1,19,fia_clock_lap_interval,,,algorithmic_pending_human_validation
adjudication-seed-fia-2025-chn-c6a27ca62eb2-01,adj-00f21170a32794f2,incident-src-00f21170a32794f2,fia-2025-chn-c6a27ca62eb2,2025-chn,Sprint,30,11:10,+08:00,2025-03-22T03:10:00+00:00,2025-03-22T03:11:00+00:00,4|5,2,,fia_clock_lap_interval,,,algorithmic_pending_human_validation
adjudication-seed-fia-2025-emi-97ce0e850a70-01,adj-97c5411ec4864978,incident-src-97c5411ec4864978,fia-2025-emi-97ce0e850a70,2025-emi,Race,16,16:30,+02:00,2025-05-18T14:30:00+00:00,2025-05-18T14:31:00+00:00,59|60,2,,fia_clock_lap_interval,,,algorithmic_pending_human_validation
adjudication-seed-fia-2025-esp-099b030b67a2-01,adj-412e6ca5aca26ea3,incident-src-412e6ca5aca26ea3,fia-2025-esp-099b030b67a2,2025-esp,Race,1,16:28,+02:00,2025-06-01T14:28:00+00:00,2025-06-01T14:29:00+00:00,60|61,2,,fia_clock_lap_interval,,,algorithmic_pending_human_validation
adjudication-seed-fia-2025-esp-0fd436b99af1-01,adj-6df990a2ab7ddf2d,incident-src-6df990a2ab7ddf2d,fia-2025-esp-0fd436b99af1,2025-esp,Race,16,16:28,+02:00,2025-06-01T14:28:00+00:00,2025-06-01T14:29:00+00:00,60|61,2,,fia_clock_lap_interval,,,algorithmic_pending_human_validation
adjudication-seed-fia-2025-esp-15cd2122312e-01,adj-413c9757dacacb88,incident-src-413c9757dacacb88,fia-2025-esp-15cd2122312e,2025-esp,Race,87,16:12,+02:00,2025-06-01T14:12:00+00:00,2025-06-01T14:13:00+00:00,50|51,2,,fia_clock_lap_interval,,,algorithmic_pending_human_validation
adjudication-seed-fia-2025-esp-34abd90169ab-01,adj-fd11a3e24a70c2a4,incident-src-fd11a3e24a70c2a4,fia-2025-esp-34abd90169ab,2025-esp,Race,30,15:36,+02:00,2025-06-01T13:36:00+00:00,2025-06-01T13:37:00+00:00,24|25,2,,fia_clock_lap_interval,,,algorithmic_pending_human_validation
adjudication-seed-fia-2025-esp-45b994ae68b4-01,adj-153a4612c0b20d81,incident-src-153a4612c0b20d81,fia-2025-esp-45b994ae68b4,2025-esp,Race,1,16:28,+02:00,2025-06-01T14:28:00+00:00,2025-06-01T14:29:00+00:00,60|61,2,,fia_clock_lap_interval,,,algorithmic_pending_human_validation
adjudication-seed-fia-2025-esp-4693ce9dbdc4-01,adj-479d79e5865e135e,incident-src-479d79e5865e135e,fia-2025-esp-4693ce9dbdc4,2025-esp,Race,23,15:35,+02:00,2025-06-01T13:35:00+00:00,2025-06-01T13:36:00+00:00,23|24,2,,fia_clock_lap_interval,,,algorithmic_pending_human_validation
adjudication-seed-fia-2025-esp-8cd31c466963-01,adj-567832bf228e7eb4,incident-src-567832bf228e7eb4,fia-2025-esp-8cd31c466963,2025-esp,Race,1,16:33,+02:00,2025-06-01T14:33:00+00:00,2025-06-01T14:34:00+00:00,64|65,2,,fia_clock_lap_interval,,,algorithmic_pending_human_validation
adjudication-seed-fia-2025-esp-f89ab19eeac5-01,adj-6a1ad4e004abe2f1,incident-src-6a1ad4e004abe2f1,fia-2025-esp-f89ab19eeac5,2025-esp,Race,30,15:45,+02:00,2025-06-01T13:45:00+00:00,2025-06-01T13:46:00+00:00,31,1,31,fia_clock_lap_interval,,,algorithmic_pending_human_validation
adjudication-seed-fia-2025-gbr-07f4a9af8016-01,adj-e0f8f07ee7a2831d,incident-src-e0f8f07ee7a2831d,fia-2025-gbr-07f4a9af8016,2025-gbr,Race,6,15:41,+01:00,2025-07-06T14:41:00+00:00,2025-07-06T14:42:00+00:00,18,1,18,fia_clock_lap_interval,,,algorithmic_pending_human_validation
adjudication-seed-fia-2025-gbr-66f857d6d3d7-01,adj-56c508de2d41940c,incident-src-56c508de2d41940c,fia-2025-gbr-66f857d6d3d7,2025-gbr,Race,22,15:50,+01:00,2025-07-06T14:50:00+00:00,2025-07-06T14:51:00+00:00,22,1,22,fia_clock_lap_interval,,,algorithmic_pending_human_validation
adjudication-seed-fia-2025-gbr-b43775ce7468-01,adj-42e27716f0b6e748,incident-src-42e27716f0b6e748,fia-2025-gbr-b43775ce7468,2025-gbr,Race,31,16:27,+01:00,2025-07-06T15:27:00+00:00,2025-07-06T15:28:00+00:00,43,1,43,fia_clock_lap_interval,,,algorithmic_pending_human_validation
adjudication-seed-fia-2025-gbr-bde5afff8b9e-01,adj-73480aa892b4963c,incident-src-73480aa892b4963c,fia-2025-gbr-bde5afff8b9e,2025-gbr,Race,87,16:27,+01:00,2025-07-06T15:27:00+00:00,2025-07-06T15:28:00+00:00,43,1,43,fia_clock_lap_interval,,,algorithmic_pending_human_validation
adjudication-seed-fia-2025-hun-3fbd14c36cd7-01,adj-4fb7700e0eacd773,incident-src-4fb7700e0eacd773,fia-2025-hun-3fbd14c36cd7,2025-hun,Race,10,16:27,+02:00,2025-08-03T14:27:00+00:00,2025-08-03T14:28:00+00:00,61,1,61,fia_clock_lap_interval,,,algorithmic_pending_human_validation
adjudication-seed-fia-2025-hun-cafb664d4278-01,adj-6a67a6327b949573,incident-src-6a67a6327b949573,fia-2025-hun-cafb664d4278,2025-hun,Race,22,16:10,+02:00,2025-08-03T14:10:00+00:00,2025-08-03T14:11:00+00:00,48|49,2,,fia_clock_lap_interval,,,algorithmic_pending_human_validation
adjudication-seed-fia-2025-hun-f1ff0743742b-01,adj-f09cc8aab8d224ac,incident-src-f09cc8aab8d224ac,fia-2025-hun-f1ff0743742b,2025-hun,Race,1,15:42,+02:00,2025-08-03T13:42:00+00:00,2025-08-03T13:43:00+00:00,28|29,2,,fia_clock_lap_interval,29,True,algorithmic_pending_human_validation
adjudication-seed-fia-2025-ita-3a096d05b5d9-01,adj-c1ca0f988c06f7ac,incident-src-c1ca0f988c06f7ac,fia-2025-ita-3a096d05b5d9,2025-ita,Race,31,15:05,+02:00,2025-09-07T13:05:00+00:00,2025-09-07T13:06:00+00:00,1|2,2,,fia_clock_lap_interval,,,algorithmic_pending_human_validation
adjudication-seed-fia-2025-ita-9d19bb5350fc-01,adj-c3132170cde7b7cf,incident-src-c3132170cde7b7cf,fia-2025-ita-9d19bb5350fc,2025-ita,Race,87,15:59,+02:00,2025-09-07T13:59:00+00:00,2025-09-07T14:00:00+00:00,40,1,40,fia_clock_lap_interval,,,algorithmic_pending_human_validation
adjudication-seed-fia-2025-lvs-462a2bce3a3a-01,adj-4762dd05c67569c8,incident-src-4762dd05c67569c8,fia-2025-lvs-462a2bce3a3a,2025-lvs,Race,5,20:04,-08:00,2025-11-23T04:04:00+00:00,2025-11-23T04:05:00+00:00,1,1,1,fia_clock_lap_interval,1,True,algorithmic_pending_human_validation
adjudication-seed-fia-2025-lvs-930d412442e7-01,adj-2c6f2f495e380077,incident-src-2c6f2f495e380077,fia-2025-lvs-930d412442e7,2025-lvs,Race,30,20:04,-08:00,2025-11-23T04:04:00+00:00,2025-11-23T04:05:00+00:00,1,1,1,fia_clock_lap_interval,1,True,algorithmic_pending_human_validation
adjudication-seed-fia-2025-lvs-9874a99bc7cd-01,adj-3970a605781c9f8e,incident-src-3970a605781c9f8e,fia-2025-lvs-9874a99bc7cd,2025-lvs,Race,23,20:26,-08:00,2025-11-23T04:26:00+00:00,2025-11-23T04:27:00+00:00,13|14,2,,fia_clock_lap_interval,,,algorithmic_pending_human_validation
adjudication-seed-fia-2025-mco-637ae2b682ba-01,adj-bcb17f8b041a82e3,incident-src-bcb17f8b041a82e3,fia-2025-mco-637ae2b682ba,2025-mco,Race,63,16:07,+02:00,2025-05-25T14:07:00+00:00,2025-05-25T14:08:00+00:00,48,1,48,fia_clock_lap_interval,,,algorithmic_pending_human_validation
adjudication-seed-fia-2025-mco-b201d5cbcdc6-01,adj-7d5059e7588e17a9,incident-src-7d5059e7588e17a9,fia-2025-mco-b201d5cbcdc6,2025-mco,Race,10,15:14,+02:00,2025-05-25T13:14:00+00:00,2025-05-25T13:15:00+00:00,7|8,2,,fia_clock_lap_interval,,,algorithmic_pending_human_validation
adjudication-seed-fia-2025-mex-47fc1c3a7137-01,adj-29e0c768f162cabc,incident-src-29e0c768f162cabc,fia-2025-mex-47fc1c3a7137,2025-mex,Race,44,14:10,-06:00,2025-10-26T20:10:00+00:00,2025-10-26T20:11:00+00:00,5|6,2,,fia_clock_lap_interval,,,algorithmic_pending_human_validation
adjudication-seed-fia-2025-mex-f947a135cd58-01,adj-dba46fa3ca5c210c,incident-src-dba46fa3ca5c210c,fia-2025-mex-f947a135cd58,2025-mex,Race,44,14:10,-06:00,2025-10-26T20:10:00+00:00,2025-10-26T20:11:00+00:00,5|6,2,,fia_clock_lap_interval,6,True,algorithmic_pending_human_validation
adjudication-seed-fia-2025-mia-2fbe65f9cac5-01,adj-cc7aa990ebfcb644,incident-src-cc7aa990ebfcb644,fia-2025-mia-2fbe65f9cac5,2025-mia,Race,44,17:33,-04:00,2025-05-04T21:33:00+00:00,2025-05-04T21:34:00+00:00,57,1,57,fia_clock_lap_interval,,,algorithmic_pending_human_validation
adjudication-seed-fia-2025-mia-45845998ca54-01,adj-324b4967a8663b58,incident-src-324b4967a8663b58,fia-2025-mia-45845998ca54,2025-mia,Race,55,17:33,-04:00,2025-05-04T21:33:00+00:00,2025-05-04T21:34:00+00:00,57,1,57,fia_clock_lap_interval,,,algorithmic_pending_human_validation
adjudication-seed-fia-2025-mia-257f8720a641-01,adj-5fb4a92076f8efba,incident-src-5fb4a92076f8efba,fia-2025-mia-257f8720a641,2025-mia,Sprint,30,12:54,-04:00,2025-05-03T16:54:00+00:00,2025-05-03T16:55:00+00:00,14,1,14,fia_clock_lap_interval,,,algorithmic_pending_human_validation
adjudication-seed-fia-2025-ned-644f47d1f6a0-01,adj-47e48f725c522344,incident-src-47e48f725c522344,fia-2025-ned-644f47d1f6a0,2025-ned,Race,55,15:39,+02:00,2025-08-31T13:39:00+00:00,2025-08-31T13:40:00+00:00,27,1,27,fia_clock_lap_interval,,,algorithmic_pending_human_validation
adjudication-seed-fia-2025-ned-93b5218acb32-01,adj-8f0780dbba4e36af,incident-src-8f0780dbba4e36af,fia-2025-ned-93b5218acb32,2025-ned,Race,63,15:46,+02:00,2025-08-31T13:46:00+00:00,2025-08-31T13:47:00+00:00,32|33,2,,fia_clock_lap_interval,,,algorithmic_pending_human_validation
adjudication-seed-fia-2025-ned-bebf98c3f2bf-01,adj-7a6e06b6a58ea9bf,incident-src-7a6e06b6a58ea9bf,fia-2025-ned-bebf98c3f2bf,2025-ned,Race,16,15:46,+02:00,2025-08-31T13:46:00+00:00,2025-08-31T13:47:00+00:00,32|33,2,,fia_clock_lap_interval,,,algorithmic_pending_human_validation
adjudication-seed-fia-2025-ned-d843a4b9a866-01,adj-8200d1dc5332b417,incident-src-8200d1dc5332b417,fia-2025-ned-d843a4b9a866,2025-ned,Race,12,16:12,+02:00,2025-08-31T14:12:00+00:00,2025-08-31T14:13:00+00:00,53,1,53,fia_clock_lap_interval,,,algorithmic_pending_human_validation
adjudication-seed-fia-2025-qat-78837a554fcb-01,adj-b5568820681da36b,incident-src-b5568820681da36b,fia-2025-qat-78837a554fcb,2025-qat,Race,27,19:12,+03:00,2025-11-30T16:12:00+00:00,2025-11-30T16:13:00+00:00,6|7,2,,fia_clock_lap_interval,,,algorithmic_pending_human_validation
adjudication-seed-fia-2025-sao-06b73ba655ed-01,adj-7f13cd0ba94d7090,incident-src-7f13cd0ba94d7090,fia-2025-sao-06b73ba655ed,2025-sao,Race,22,14:12,-03:00,2025-11-09T17:12:00+00:00,2025-11-09T17:13:00+00:00,5|6,2,,fia_clock_lap_interval,6,True,algorithmic_pending_human_validation
adjudication-seed-fia-2025-sao-8b59704b34d7-01,adj-ae58e3cecb00d019,incident-src-ae58e3cecb00d019,fia-2025-sao-8b59704b34d7,2025-sao,Race,44,14:04,-03:00,2025-11-09T17:04:00+00:00,2025-11-09T17:05:00+00:00,1|2,2,,fia_clock_lap_interval,2,True,algorithmic_pending_human_validation
adjudication-seed-fia-2025-sao-f7a215166f92-01,adj-07251667fa91d99d,incident-src-07251667fa91d99d,fia-2025-sao-f7a215166f92,2025-sao,Race,81,14:12,-03:00,2025-11-09T17:12:00+00:00,2025-11-09T17:13:00+00:00,5|6,2,,fia_clock_lap_interval,6,True,algorithmic_pending_human_validation
adjudication-seed-fia-2025-sao-61b609bbbc46-01,adj-a4594db187cf51e4,incident-src-a4594db187cf51e4,fia-2025-sao-61b609bbbc46,2025-sao,Sprint,30,11:03,-03:00,2025-11-08T14:03:00+00:00,2025-11-08T14:04:00+00:00,1,1,1,fia_clock_lap_interval,,,algorithmic_pending_human_validation
adjudication-seed-fia-2025-sau-085f04d49714-01,adj-c3806e9e6a004dbe,incident-src-c3806e9e6a004dbe,fia-2025-sau-085f04d49714,2025-sau,Race,30,20:50,+03:00,2025-04-20T17:50:00+00:00,2025-04-20T17:51:00+00:00,27|28,2,,fia_clock_lap_interval,,,algorithmic_pending_human_validation
adjudication-seed-fia-2025-sau-8187bba80d1e-01,adj-47d34770b1ec91cd,incident-src-47d34770b1ec91cd,fia-2025-sau-8187bba80d1e,2025-sau,Race,22,20:04,+03:00,2025-04-20T17:04:00+00:00,2025-04-20T17:05:00+00:00,1,1,1,fia_clock_lap_interval,,,algorithmic_pending_human_validation
adjudication-seed-fia-2025-sau-8ffc9e48015e-01,adj-87d924dd6ae7d7a9,incident-src-87d924dd6ae7d7a9,fia-2025-sau-8ffc9e48015e,2025-sau,Race,1,20:04,+03:00,2025-04-20T17:04:00+00:00,2025-04-20T17:05:00+00:00,1,1,1,fia_clock_lap_interval,,,algorithmic_pending_human_validation
adjudication-seed-fia-2025-usa-1f9064819192-01,adj-d1735787a6532540,incident-src-d1735787a6532540,fia-2025-usa-1f9064819192,2025-usa,Race,55,14:13,-05:00,2025-10-19T19:13:00+00:00,2025-10-19T19:14:00+00:00,6,1,6,fia_clock_lap_interval,,,algorithmic_pending_human_validation
adjudication-seed-fia-2025-usa-128be2a520d5-01,adj-e735ae114a36040d,incident-src-e735ae114a36040d,fia-2025-usa-128be2a520d5,2025-usa,Sprint,87,12:32,-05:00,2025-10-18T17:32:00+00:00,2025-10-18T17:33:00+00:00,15|16,2,,fia_clock_lap_interval,,,algorithmic_pending_human_validation
adjudication-seed-fia-2025-usa-e36053ba7969-01,adj-671ecdc75433b5c4,incident-src-671ecdc75433b5c4,fia-2025-usa-e36053ba7969,2025-usa,Sprint,18,12:32,-05:00,2025-10-18T17:32:00+00:00,2025-10-18T17:33:00+00:00,15|16,2,,fia_clock_lap_interval,,,algorithmic_pending_human_validation
