adjudication_id,incident_id,event_id,source_document_id,source_url,accused_driver_number,affected_driver_number,session_type,lap_number,turn_number,incident_family,outcome_family,penalty_seconds,penalty_points,grid_places,fault_language,evidence_video,evidence_positioning,evidence_telemetry,evidence_team_radio,guideline_regime,guideline_clause,guideline_expected_outcome,conformance_status,mitigating_factor_written,first_lap,include_primary,coder_id,review_status,coding_notes
adj-2019-aut-r69-t3-16,inc-2019-aut-r69-t3-16-33,2019-aut,fia-2019-aut-f8011f674d7f,https://www.fia.com/sites/default/files/decision-document/2019%20Austrian%20Grand%20Prix%20-%20Decision%20-%20Car%2016%20(Incident%20with%20car%2033%20in%20turn%203).pdf,16,33,Race,69,3.0,causing_collision,no_further_action,,,,racing_incident,True,False,False,False,pre_driving_guidelines,not_applicable,not_applicable,not_applicable,False,False,True,codex_initial_v1,double_coded,Paired decision; official reason reports contact and calls the event a racing incident with neither driver wholly or predominantly to blame.
adj-2019-aut-r69-t3-33,inc-2019-aut-r69-t3-16-33,2019-aut,fia-2019-aut-529bae08f480,https://www.fia.com/sites/default/files/decision-document/2019%20Austrian%20Grand%20Prix%20-%20Decision%20-%20Car%2033%20(Turn%203%20incident%20with%20car%2016).pdf,33,16,Race,69,3.0,causing_collision,no_further_action,,,,racing_incident,True,False,False,False,pre_driving_guidelines,not_applicable,not_applicable,not_applicable,False,False,True,codex_initial_v1,double_coded,Paired decision; official reason reports contact and calls the event a racing incident with neither driver wholly or predominantly to blame.
adj-2023-abu-r15-t6-44,inc-2023-abu-r15-t6-44-10,2023-abu,fia-2023-abu-61d6bbfe959e,https://www.fia.com/sites/default/files/decision-document/2023%20Abu%20Dhabi%20Grand%20Prix%20-%20Decision%20-%20Car%2044%20-%20Alleged%20causing%20a%20collision.pdf,44,10,Race,15,6.0,causing_collision,no_further_action,,,,racing_incident,True,True,False,True,internal_driving_guidelines_unavailable,ISC_AppL_ChIV_2d,unavailable,unclear,False,False,True,codex_initial_v1,double_coded,Official reason says Car 10 locked a tyre and no driver was wholly or predominantly to blame; lap is cross-checked to FastF1 timing.
adj-2023-abu-r47-t6-11,inc-2023-abu-r47-t6-11-4,2023-abu,fia-2023-abu-bceb18192f57,https://www.fia.com/sites/default/files/decision-document/2023%20Abu%20Dhabi%20Grand%20Prix%20-%20Infringement%20-%20Car%2011%20-%20Causing%20a%20collision.pdf,11,4,Race,47,6.0,causing_collision,time_penalty,5.0,2.0,,no_conclusion,True,True,False,True,internal_driving_guidelines_unavailable,ISC_AppL_ChIV_2d,unavailable,unclear,False,False,True,codex_initial_v1,double_coded,Official reason says Car 11 dived in late missed the apex and understeered into Car 4; lap is cross-checked to race-control timing.
adj-2025-aut-r31-t4-22,inc-2025-aut-r31-t4-22-43,2025-aut,fia-2025-aut-41aebded7db6,https://www.fia.com/system/files/decision-document/2025_austrian_grand_prix_-_infringement_-_car_22_-_causing_a_collision_with_car_43_in_turn_4.pdf,22,43,Race,31,4.0,causing_collision,time_penalty,10.0,2.0,,wholly_to_blame,True,False,False,False,public_driving_and_penalty_guidelines,Penalty_2025_AppL_ChIV_2d,10s_baseline_up_to_drive_through_3pp_max,conformant,False,False,True,codex_initial_v1,double_coded,Official reason says Car 22 was fully at fault and did not earn the corner; 2 points are within the published 3-point maximum.
adj-2025-aut-r4-t3-43,inc-2025-aut-r4-t3-43-87,2025-aut,fia-2025-aut-5f0b9bc97e16,https://www.fia.com/system/files/decision-document/2025_austrian_grand_prix_-_decision_-_car_43_-_alleged_forcing_another_driver_off_of_the_track.pdf,43,87,Race,4,3.0,forcing_off_track,no_further_action,,,,no_conclusion,True,False,False,False,public_driving_and_penalty_guidelines,DSG_4.1_B_outside_overtake,no_infringement_if_outside_car_not_ahead_at_apex,conformant,False,False,True,codex_initial_v1,double_coded,Official reason finds Car 87 lacked outside-overlap priority so Car 43 could use the regular racing line; lap is supported by race-control timing.
adj-2025-aut-r54-t34-43,inc-2025-aut-r54-t34-43-81,2025-aut,fia-2025-aut-a1f29843f018,https://www.fia.com/system/files/decision-document/2025_austrian_grand_prix_-_infringement_-_car_43_-_forcing_car_81_off_track.pdf,43,81,Race,54,,forcing_off_track,time_penalty,5.0,1.0,,no_conclusion,True,False,False,False,public_driving_and_penalty_guidelines,Penalty_2025_AppL_ChIV_2b,10s_baseline_or_5s_with_mitigation_2pp_max,mitigated,True,False,True,codex_initial_v1,double_coded,Decision explicitly mitigates because Car 22 obscured Car 81; race-control evidence places the event on global lap 54 while Car 43 was a lap down.
adj-2025-aut-r1-t3-12,inc-2025-aut-r1-t3-12-1,2025-aut,fia-2025-aut-1b2cf15490ab,https://www.fia.com/system/files/decision-document/2025_austrian_grand_prix_-_infringement_-_car_12_-_causing_a_collision_with_car_1.pdf,12,1,Race,1,3.0,causing_collision,grid_penalty,,2.0,3.0,wholly_to_blame,True,False,False,False,public_driving_and_penalty_guidelines,Penalty_2025_AppL_ChIV_2d,10s_baseline_or_grid_penalty_if_driver_did_not_finish_3pp_max,conformant,True,True,True,codex_initial_v1,double_coded,Decision says Car 12 was fully at fault but records evasive action and a non-blatant move; grid penalty was used because Car 12 did not finish.
adj-2025-aut-r15-t3-22,inc-2025-aut-r15-t3-22-18,2025-aut,fia-2025-aut-3666395a2885,https://www.fia.com/system/files/decision-document/2025_austrian_grand_prix_-_decision_-_car_22_-_alleged_forcing_car_18_off_track.pdf,22,18,Race,15,3.0,forcing_off_track,no_further_action,,,,no_conclusion,True,False,False,False,public_driving_and_penalty_guidelines,DSG_4.1_A_inside_overtake,no_infringement_if_inside_car_meets_priority_control_and_line_tests,conformant,False,False,True,codex_initial_v1,double_coded,Doc 46 appears to replace unavailable recalled Doc 39; the reason finds all inside-overtake requirements satisfied and lap is supported by race-control timing.
