harm_assessment_id,adjudication_id,incident_id,event_id,source_document_id,classification_source_document_id,affected_driver_number,counterparty_driver_number,responsibility_status,harm_evidence_level,damage_evidence,damage_type,repair_stop_required,pit_lap,pit_response_status,pit_lane_loss_seconds,repair_stationary_seconds,retirement_status,position_before,position_after,net_positions_lost_observed,position_window_start_lap,position_window_end_lap,relative_time_comparator_driver_number,affected_relative_time_loss_seconds,relative_time_window_start_lap,relative_time_window_end_lap,post_incident_clean_laps,persistent_pace_status,persistent_delta_per_lap_seconds,persistent_laps_exposed,persistent_loss_seconds_lower,persistent_loss_seconds_estimate,persistent_loss_seconds_upper,net_effect_direction,benefit_mechanism,evidence_urls,calculation_method,assumptions,review_status
harm-2019-aut-r69-16,adj-2019-aut-r69-t3-33,inc-2019-aut-r69-t3-16-33,2019-aut,fia-2019-aut-529bae08f480,fia-2019-aut-9505bb644973,16,33,shared_or_racing_incident,observed,no_confirmed_damage,none_identified,no,,no,,,no_retirement,1.0,2.0,1.0,,,,1.683,,,1,insufficient_data,,,,,,harmed,,https://www.fia.com/sites/default/files/decision-document/2019%20Austrian%20Grand%20Prix%20-%20Decision%20-%20Car%2033%20(Turn%203%20incident%20with%20car%2016).pdf;https://www.fia.com/sites/default/files/decision-document/2019%20Austrian%20Grand%20Prix%20-%20Final%20Race%20Classification.pdf,Lap-start gap changes from Leclerc ahead by 0.598 seconds to Verstappen ahead by 1.085 seconds across lap 69; lap 70 is compared with Leclerc's clean-lap 64-66 median.,"The 1.683-second relative swing includes the battle, completed pass, altered line, and contact; it is observed competitive impact, not a causal damage estimate. Neither driver stopped after the incident. Leclerc's lap 70 was 0.027 seconds faster than his lap 64-66 median, but one clean post-incident lap is insufficient to estimate persistent pace loss; minor unreported damage cannot be ruled out.",double_coded
harm-2019-aut-r69-33,adj-2019-aut-r69-t3-16,inc-2019-aut-r69-t3-16-33,2019-aut,fia-2019-aut-f8011f674d7f,fia-2019-aut-9505bb644973,33,16,shared_or_racing_incident,observed,no_confirmed_damage,none_identified,no,,no,,,no_retirement,2.0,1.0,-1.0,,,,-1.683,,,1,insufficient_data,,,,,,benefit,Completed the observed overtake during lap 69; the gain is not attributed specifically to the wheel contact.,https://www.fia.com/sites/default/files/decision-document/2019%20Austrian%20Grand%20Prix%20-%20Decision%20-%20Car%2016%20(Incident%20with%20car%2033%20in%20turn%203).pdf;https://www.fia.com/sites/default/files/decision-document/2019%20Austrian%20Grand%20Prix%20-%20Final%20Race%20Classification.pdf,Mirrored lap-start gap calculation records Verstappen's 1.683-second relative gain and P2-to-P1 change across lap 69.,"The observed benefit includes the battle, completed pass, altered line, and contact; it is not a causal claim that contact produced the gain. Neither driver stopped after the incident. One clean post-incident comparison lap is insufficient to estimate persistent pace change or exclude minor unreported damage.",double_coded
harm-2023-abu-r15-10,adj-2023-abu-r15-t6-44,inc-2023-abu-r15-t6-44-10,2023-abu,fia-2023-abu-61d6bbfe959e,fia-2023-abu-ac366b5429e3,10,44,shared_or_racing_incident,not_estimable,confirmed,floor_or_bodywork,no,,no,,,no_retirement,,,,,,,,,,0,confirmed_loss,,,,,,harmed,,https://www.fia.com/sites/default/files/decision-document/2023%20Abu%20Dhabi%20Grand%20Prix%20-%20Decision%20-%20Car%2044%20-%20Alleged%20causing%20a%20collision.pdf;https://www.fia.com/sites/default/files/decision-document/2023%20Abu%20Dhabi%20Grand%20Prix%20-%20Final%20Race%20Classification.pdf;https://www.formula1.com/en/latest/article/gasly-says-damage-with-hamilton-and-perez-finished-me-after-p13-result-at.4oooNkg91ON0oLVrNxcJSs,"The FIA finding establishes light rear contact. A Formula 1 post-race report quotes Gasly attributing diffuser damage and downforce loss to the Hamilton contact, while also documenting earlier Perez contact.","Damage and a continuing performance loss are directly reported, but the public evidence cannot separate the Hamilton contribution from earlier Perez damage or estimate seconds, finishing position, or points. Gasly's lap-17 stop was not coded as a repair stop because the damaged diffuser was not repaired.",double_coded
harm-2023-abu-r47-4,adj-2023-abu-r47-t6-11,inc-2023-abu-r47-t6-11-4,2023-abu,fia-2023-abu-bceb18192f57,fia-2023-abu-ac366b5429e3,4,11,fault_established,observed,no_confirmed_damage,none_identified,no,,no,,,no_retirement,4.0,5.0,1.0,47.0,48.0,11.0,0.167,47.0,48.0,10,insufficient_data,,,,,,harmed,,https://www.fia.com/sites/default/files/decision-document/2023%20Abu%20Dhabi%20Grand%20Prix%20-%20Infringement%20-%20Car%2011%20-%20Causing%20a%20collision.pdf;https://www.fia.com/sites/default/files/decision-document/2023%20Abu%20Dhabi%20Grand%20Prix%20-%20Final%20Race%20Classification.pdf;https://www.formula1.com/en/latest/article/verstappen-beats-leclerc-to-victory-in-abu-dhabi-to-end-record-breaking-year.6pYEohQvxeey5ATWkXh8sQ,FastF1 lap-start timing records a 0.167-second relative deterioration for Norris across lap 47. He retained P4 through the contact lap and moved from P4 to P5 when Perez completed the pass on lap 48.,"The relative swing includes the attempted pass, contact, run-off, and racing lines; the following-lap position loss is observed but not a no-contact finishing counterfactual. No damage or incident-responsive repair stop was confirmed.",double_coded
harm-2025-aut-r31-43,adj-2025-aut-r31-t4-22,inc-2025-aut-r31-t4-22-43,2025-aut,fia-2025-aut-41aebded7db6,fia-2025-aut-9ff84afa6648,43,22,fault_established,observed,alleged,unknown,no,,no,,,no_retirement,13.0,13.0,0.0,30.0,31.0,,,,,0,insufficient_data,,,,,,harmed,,https://www.fia.com/system/files/decision-document/2025_austrian_grand_prix_-_infringement_-_car_22_-_causing_a_collision_with_car_43_in_turn_4.pdf;https://www.fia.com/system/files/decision-document/2025_austrian_grand_prix_-_final_race_classification.pdf;https://media.alpinecars.com/2025-formula-one-austrian-grand-prix-sunday/?lang=eng,"FastF1 records Colapinto P13 before and after the incident lap. Alpine's official debrief reports that the spin lost time and that the car felt different after contact, with damage described only as possible.","No immediate position loss or repair stop is observed. A relative-gap calculation against Tsunoda is not a valid harm estimate because Tsunoda pitted for a front wing immediately after the incident. Damage type, persistent pace cost, and finishing-position effect remain unquantified.",double_coded
harm-2025-aut-r4-87,adj-2025-aut-r4-t3-43,inc-2025-aut-r4-t3-43-87,2025-aut,fia-2025-aut-5f0b9bc97e16,fia-2025-aut-9ff84afa6648,87,43,no_fault_finding,observed,no_confirmed_damage,none_identified,no,,no,,,no_retirement,12.0,12.0,0.0,3.0,4.0,,,,,0,not_applicable,,,,,,neutral,,https://www.fia.com/system/files/decision-document/2025_austrian_grand_prix_-_decision_-_car_43_-_alleged_forcing_another_driver_off_of_the_track.pdf;https://www.fia.com/system/files/decision-document/2025_austrian_grand_prix_-_final_race_classification.pdf,FastF1 records Bearman P12 before and after lap 4; he passed Colapinto on the following lap. The FIA found Bearman lacked the required outside overlap and had to concede.,"No contact, damage, forced repair stop, or immediate position loss was identified. The neutral row is retained so low-consequence and no-fault findings remain in the denominator rather than only severe cases being coded.",double_coded
harm-2025-aut-r54-81,adj-2025-aut-r54-t34-43,inc-2025-aut-r54-t34-43-81,2025-aut,fia-2025-aut-a1f29843f018,fia-2025-aut-9ff84afa6648,81,43,fault_established,not_estimable,no_confirmed_damage,none_identified,no,,no,,,no_retirement,,,,,,,,,,0,not_applicable,,,,,,harmed,,https://www.fia.com/system/files/decision-document/2025_austrian_grand_prix_-_infringement_-_car_43_-_forcing_car_81_off_track.pdf;https://www.fia.com/system/files/decision-document/2025_austrian_grand_prix_-_final_race_classification.pdf;https://www.formula1.com/en/latest/article/austria-lowdown-all-the-key-moments-as-the-mclarens-duel-red-bull-suffer-and.7DG4DaK04hYZKL97D6xjr9,"The FIA establishes that Piastri was forced off track while lapping Colapinto. Formula 1 reports that backmarker traffic, including this incident, further halted Piastri's attempt to return to Norris's DRS range.","No contact, damage, repair stop, or mechanically attributable position loss was identified. The available lap window also contains Piastri's pit stop, so it cannot isolate seconds lost to the excursion. Piastri finished 2.695 seconds behind Norris, but that does not prove the incident changed the winner.",double_coded
harm-2025-aut-r1-1,adj-2025-aut-r1-t3-12,inc-2025-aut-r1-t3-12-1,2025-aut,fia-2025-aut-1b2cf15490ab,fia-2025-aut-9ff84afa6648,1,12,fault_established,observed,confirmed,terminal,no,,no,,,incident_caused,,,,,,,,,,0,not_applicable,,,,,,harmed,,https://www.fia.com/system/files/decision-document/2025_austrian_grand_prix_-_infringement_-_car_12_-_causing_a_collision_with_car_1.pdf;https://www.fia.com/system/files/decision-document/2025_austrian_grand_prix_-_final_race_classification.pdf;https://www.formula1.com/en/latest/article/no-one-does-that-on-purpose-verstappen-gives-verdict-on-unlucky-race-ending.1WQnU9ao4YlVIuvewwaSOg,"The FIA decision and final classification establish that Antonelli's lap-one collision ended Verstappen's race. Verstappen started P7, completed zero laps, and scored zero points.","The retirement is observed incident harm. A no-collision Austrian finishing position, points total, and season-championship outcome require counterfactual modeling and are not inferred from the zero-point result.",double_coded
harm-2025-aut-r15-18,adj-2025-aut-r15-t3-22,inc-2025-aut-r15-t3-22-18,2025-aut,fia-2025-aut-3666395a2885,fia-2025-aut-9ff84afa6648,18,22,no_fault_finding,observed,no_confirmed_damage,none_identified,no,,no,,,no_retirement,10.0,11.0,1.0,14.0,15.0,22.0,1.459,15.0,16.0,0,not_applicable,,,,,,harmed,,https://www.fia.com/system/files/decision-document/2025_austrian_grand_prix_-_decision_-_car_22_-_alleged_forcing_car_18_off_track.pdf;https://www.fia.com/system/files/decision-document/2025_austrian_grand_prix_-_final_race_classification.pdf,FastF1 records Stroll moving from P10 to P11 across the pass and a 1.459-second relative deterioration against Tsunoda over lap 15. The FIA found all inside-overtake requirements satisfied.,"The position and relative-time changes describe a lawful completed pass, not wrongdoing or collision damage. No contact, damage, or repair stop was identified; this row is descriptive and excluded from harm-sanction proportionality review.",double_coded
